=================================  0 =================================
# Encoding time: 0.02059 s
■ 1 ■ ■ 4
· ■ 2 · ■
· · ■ ■ ·
■ ■ · · ■
5 ■ ■ ■ ·
■ 1 ■ ■ 4
· ■ 2 · ■
· · ■ ■ ·
■ ■ · · ■
5 ■ ■ ■ ·
■ 1 ■ ■ 4
· ■ 2 · ■
· · ■ ■ ·
■ ■ · · ■
5 ■ ■ ■ ·
■ 1 ■ ■ 4
· ■ 2 · ■
· · ■ ■ ·
■ ■ · · ■
5 ■ ■ ■ ·
■ 1 ■ ■ 4
· ■ 2 · ■
· · ■ ■ ·
■ ■ · · ■
5 ■ ■ ■ ·
■ 1 ■ ■ 4
· ■ 2 · ■
· · ■ ■ ·
■ ■ · · ■
5 ■ ■ ■ ·
■ 1 ■ ■ 4
· ■ 2 · ■
· · ■ ■ ·
■ ■ · · ■
5 ■ ■ ■ ·
■ 1 ■ ■ 4
· ■ 2 · ■
· · ■ ■ ·
■ ■ · · ■
5 ■ ■ ■ ·
■ 1 ■ ■ 4
· ■ 2 · ■
· · ■ ■ ·
■ ■ · · ■
5 ■ ■ ■ ·
■ 1 ■ ■ 4
· ■ 2 · ■
· · ■ ■ ·
■ ■ · · ■
5 ■ ■ ■ ·
# Number of solutions found: 10
# CPU time: 0.0289 s
=================================  1 =================================
# Encoding time: 0.0178 s
■ 2 ■ · ·
· ■ 3 ■ ■
■ · ■ ■ ·
· ■ · ■ 7
· ■ ■ · ■
■ 2 ■ · ·
· ■ 3 ■ ■
■ · ■ ■ ·
· ■ · ■ 7
· ■ ■ · ■
■ 2 ■ · ·
· ■ 3 ■ ■
■ · ■ ■ ·
· ■ · ■ 7
· ■ ■ · ■
■ 2 ■ · ·
· ■ 3 ■ ■
■ · ■ ■ ·
· ■ · ■ 7
· ■ ■ · ■
■ 2 ■ · ·
· ■ 3 ■ ■
■ · ■ ■ ·
· ■ · ■ 7
· ■ ■ · ■
■ 2 ■ · ·
· ■ 3 ■ ■
■ · ■ ■ ·
· ■ · ■ 7
· ■ ■ · ■
■ 2 ■ · ·
· ■ 3 ■ ■
■ · ■ ■ ·
· ■ · ■ 7
· ■ ■ · ■
■ 2 ■ · ·
· ■ 3 ■ ■
■ · ■ ■ ·
· ■ · ■ 7
· ■ ■ · ■
■ 2 ■ · ·
· ■ 3 ■ ■
■ · ■ ■ ·
· ■ · ■ 7
· ■ ■ · ■
■ 2 ■ · ·
· ■ 3 ■ ■
■ · ■ ■ ·
· ■ · ■ 7
· ■ ■ · ■
# Number of solutions found: 10
# CPU time: 0.0231 s
=================================  2 =================================
# Encoding time: 0.04447 s
■ 2 ■ ■ · ■
· ■ · ■ ■ ■
■ · ■ 2 ■ 2
· ■ 2 ■ ■ ■
■ ■ ■ ■ 2 ■
2 ■ · ■ ■ ■
■ 2 ■ ■ · ■
· ■ · ■ ■ ■
■ · ■ 2 ■ 2
· ■ 2 ■ ■ ■
■ ■ ■ ■ 2 ■
2 ■ · ■ ■ ■
■ 2 ■ ■ · ■
· ■ · ■ ■ ■
■ · ■ 2 ■ 2
· ■ 2 ■ ■ ■
■ ■ ■ ■ 2 ■
2 ■ · ■ ■ ■
■ 2 ■ ■ · ■
· ■ · ■ ■ ■
■ · ■ 2 ■ 2
· ■ 2 ■ ■ ■
■ ■ ■ ■ 2 ■
2 ■ · ■ ■ ■
■ 2 ■ ■ · ■
· ■ · ■ ■ ■
■ · ■ 2 ■ 2
· ■ 2 ■ ■ ■
■ ■ ■ ■ 2 ■
2 ■ · ■ ■ ■
■ 2 ■ ■ · ■
· ■ · ■ ■ ■
■ · ■ 2 ■ 2
· ■ 2 ■ ■ ■
■ ■ ■ ■ 2 ■
2 ■ · ■ ■ ■
■ 2 ■ ■ · ■
· ■ · ■ ■ ■
■ · ■ 2 ■ 2
· ■ 2 ■ ■ ■
■ ■ ■ ■ 2 ■
2 ■ · ■ ■ ■
■ 2 ■ ■ · ■
· ■ · ■ ■ ■
■ · ■ 2 ■ 2
· ■ 2 ■ ■ ■
■ ■ ■ ■ 2 ■
2 ■ · ■ ■ ■
■ 2 ■ ■ · ■
· ■ · ■ ■ ■
■ · ■ 2 ■ 2
· ■ 2 ■ ■ ■
■ ■ ■ ■ 2 ■
2 ■ · ■ ■ ■
■ 2 ■ ■ · ■
· ■ · ■ ■ ■
■ · ■ 2 ■ 2
· ■ 2 ■ ■ ■
■ ■ ■ ■ 2 ■
2 ■ · ■ ■ ■
# Number of solutions found: 10
# CPU time: 0.05414 s
=================================  3 =================================
# Encoding time: 0.01848 s
■ ■ ■ ■ · ■
· · · ■ ■ ■
■ · · ■ · ■
· ■ ■ 2 ■ ■
■ ■ B ■ ■ ·
· ■ ■ ■ · ■
■ ■ ■ ■ · ■
· · · ■ ■ ■
■ · · ■ · ■
· ■ ■ 2 ■ ■
■ ■ B ■ ■ ·
· ■ ■ ■ · ■
■ ■ ■ ■ · ■
· · · ■ ■ ■
■ · · ■ · ■
· ■ ■ 2 ■ ■
■ ■ B ■ ■ ·
· ■ ■ ■ · ■
■ ■ ■ ■ · ■
· · · ■ ■ ■
■ · · ■ · ■
· ■ ■ 2 ■ ■
■ ■ B ■ ■ ·
· ■ ■ ■ · ■
■ ■ ■ ■ · ■
· · · ■ ■ ■
■ · · ■ · ■
· ■ ■ 2 ■ ■
■ ■ B ■ ■ ·
· ■ ■ ■ · ■
■ ■ ■ ■ · ■
· · · ■ ■ ■
■ · · ■ · ■
· ■ ■ 2 ■ ■
■ ■ B ■ ■ ·
· ■ ■ ■ · ■
■ ■ ■ ■ · ■
· · · ■ ■ ■
■ · · ■ · ■
· ■ ■ 2 ■ ■
■ ■ B ■ ■ ·
· ■ ■ ■ · ■
■ ■ ■ ■ · ■
· · · ■ ■ ■
■ · · ■ · ■
· ■ ■ 2 ■ ■
■ ■ B ■ ■ ·
· ■ ■ ■ · ■
■ ■ ■ ■ · ■
· · · ■ ■ ■
■ · · ■ · ■
· ■ ■ 2 ■ ■
■ ■ B ■ ■ ·
· ■ ■ ■ · ■
■ ■ ■ ■ · ■
· · · ■ ■ ■
■ · · ■ · ■
· ■ ■ 2 ■ ■
■ ■ B ■ ■ ·
· ■ ■ ■ · ■
# Number of solutions found: 10
# CPU time: 0.02507 s
=================================  4 =================================
# Encoding time: 0.09155 s
■ · · ■ ■ · ■ ·
· ■ ■ · ■ ? ■ ■
· · ■ ■ ■ ■ · ■
■ ■ 6 ■ · ■ ■ ·
5 ■ ■ 3 ■ ■ · ■
■ ■ 2 ■ ■ · ■ ·
■ · ■ ■ · ■ ■ ■
1 ■ ■ 4 ■ · · ·
■ · · ■ ■ · ■ ·
· ■ ■ · ■ ? ■ ■
· · ■ ■ ■ ■ · ■
■ ■ 6 ■ · ■ ■ ·
5 ■ ■ 3 ■ ■ · ■
■ ■ 2 ■ ■ · ■ ·
■ · ■ ■ · ■ ■ ■
1 ■ ■ 4 ■ · · ·
■ · · ■ ■ · ■ ·
· ■ ■ · ■ ? ■ ■
· · ■ ■ ■ ■ · ■
■ ■ 6 ■ · ■ ■ ·
5 ■ ■ 3 ■ ■ · ■
■ ■ 2 ■ ■ · ■ ·
■ · ■ ■ · ■ ■ ■
1 ■ ■ 4 ■ · · ·
■ · · ■ ■ · ■ ·
· ■ ■ · ■ ? ■ ■
· · ■ ■ ■ ■ · ■
■ ■ 6 ■ · ■ ■ ·
5 ■ ■ 3 ■ ■ · ■
■ ■ 2 ■ ■ · ■ ·
■ · ■ ■ · ■ ■ ■
1 ■ ■ 4 ■ · · ·
■ · · ■ ■ · ■ ·
· ■ ■ · ■ ? ■ ■
· · ■ ■ ■ ■ · ■
■ ■ 6 ■ · ■ ■ ·
5 ■ ■ 3 ■ ■ · ■
■ ■ 2 ■ ■ · ■ ·
■ · ■ ■ · ■ ■ ■
1 ■ ■ 4 ■ · · ·
■ · · ■ ■ · ■ ·
· ■ ■ · ■ ? ■ ■
· · ■ ■ ■ ■ · ■
■ ■ 6 ■ · ■ ■ ·
5 ■ ■ 3 ■ ■ · ■
■ ■ 2 ■ ■ · ■ ·
■ · ■ ■ · ■ ■ ■
1 ■ ■ 4 ■ · · ·
■ · · ■ ■ · ■ ·
· ■ ■ · ■ ? ■ ■
· · ■ ■ ■ ■ · ■
■ ■ 6 ■ · ■ ■ ·
5 ■ ■ 3 ■ ■ · ■
■ ■ 2 ■ ■ · ■ ·
■ · ■ ■ · ■ ■ ■
1 ■ ■ 4 ■ · · ·
■ · · ■ ■ · ■ ·
· ■ ■ · ■ ? ■ ■
· · ■ ■ ■ ■ · ■
■ ■ 6 ■ · ■ ■ ·
5 ■ ■ 3 ■ ■ · ■
■ ■ 2 ■ ■ · ■ ·
■ · ■ ■ · ■ ■ ■
1 ■ ■ 4 ■ · · ·
■ · · ■ ■ · ■ ·
· ■ ■ · ■ ? ■ ■
· · ■ ■ ■ ■ · ■
■ ■ 6 ■ · ■ ■ ·
5 ■ ■ 3 ■ ■ · ■
■ ■ 2 ■ ■ · ■ ·
■ · ■ ■ · ■ ■ ■
1 ■ ■ 4 ■ · · ·
■ · · ■ ■ · ■ ·
· ■ ■ · ■ ? ■ ■
· · ■ ■ ■ ■ · ■
■ ■ 6 ■ · ■ ■ ·
5 ■ ■ 3 ■ ■ · ■
■ ■ 2 ■ ■ · ■ ·
■ · ■ ■ · ■ ■ ■
1 ■ ■ 4 ■ · · ·
# Number of solutions found: 10
# CPU time: 0.1252 s
=================================  5 =================================
# Encoding time: 0.07715 s
· · ■ ■ ■ ·
■ ■ ■ ? ■ ■
■ · ? ■ · ·
· ■ ■ ? ■ ·
■ ■ ? ■ ■ ■
■ · ■ ? ■ ·
■ · ? ■ · ·
· ■ ■ ? ■ ■
■ ■ 2 ■ ■ ·
· · ■ ■ ■ ·
■ ■ ■ ? ■ ■
■ · ? ■ · ·
· ■ ■ ? ■ ·
■ ■ ? ■ ■ ■
■ · ■ ? ■ ·
■ · ? ■ · ·
· ■ ■ ? ■ ■
■ ■ 2 ■ ■ ·
· · ■ ■ ■ ·
■ ■ ■ ? ■ ■
■ · ? ■ · ·
· ■ ■ ? ■ ·
■ ■ ? ■ ■ ■
■ · ■ ? ■ ·
■ · ? ■ · ·
· ■ ■ ? ■ ■
■ ■ 2 ■ ■ ·
· · ■ ■ ■ ·
■ ■ ■ ? ■ ■
■ · ? ■ · ·
· ■ ■ ? ■ ·
■ ■ ? ■ ■ ■
■ · ■ ? ■ ·
■ · ? ■ · ·
· ■ ■ ? ■ ■
■ ■ 2 ■ ■ ·
· · ■ ■ ■ ·
■ ■ ■ ? ■ ■
■ · ? ■ · ·
· ■ ■ ? ■ ·
■ ■ ? ■ ■ ■
■ · ■ ? ■ ·
■ · ? ■ · ·
· ■ ■ ? ■ ■
■ ■ 2 ■ ■ ·
· · ■ ■ ■ ·
■ ■ ■ ? ■ ■
■ · ? ■ · ·
· ■ ■ ? ■ ·
■ ■ ? ■ ■ ■
■ · ■ ? ■ ·
■ · ? ■ · ·
· ■ ■ ? ■ ■
■ ■ 2 ■ ■ ·
· · ■ ■ ■ ·
■ ■ ■ ? ■ ■
■ · ? ■ · ·
· ■ ■ ? ■ ·
■ ■ ? ■ ■ ■
■ · ■ ? ■ ·
■ · ? ■ · ·
· ■ ■ ? ■ ■
■ ■ 2 ■ ■ ·
· · ■ ■ ■ ·
■ ■ ■ ? ■ ■
■ · ? ■ · ·
· ■ ■ ? ■ ·
■ ■ ? ■ ■ ■
■ · ■ ? ■ ·
■ · ? ■ · ·
· ■ ■ ? ■ ■
■ ■ 2 ■ ■ ·
· · ■ ■ ■ ·
■ ■ ■ ? ■ ■
■ · ? ■ · ·
· ■ ■ ? ■ ·
■ ■ ? ■ ■ ■
■ · ■ ? ■ ·
■ · ? ■ · ·
· ■ ■ ? ■ ■
■ ■ 2 ■ ■ ·
· · ■ ■ ■ ·
■ ■ ■ ? ■ ■
■ · ? ■ · ·
· ■ ■ ? ■ ·
■ ■ ? ■ ■ ■
■ · ■ ? ■ ·
■ · ? ■ · ·
· ■ ■ ? ■ ■
■ ■ 2 ■ ■ ·
# Number of solutions found: 10
# CPU time: 0.08796 s
=================================  6 =================================
# Encoding time: 0.0307 s
■ 3 ■ ■ ■ ·
■ ■ 3 ■ · ■
■ · ■ ■ ■ ■
· ■ ■ 3 ■ ·
· ■ 3 ■ ■ ■
■ ■ ■ · ■ ·
■ 3 ■ ■ ■ ·
■ ■ 3 ■ · ■
■ · ■ ■ ■ ■
· ■ ■ 3 ■ ·
· ■ 3 ■ ■ ■
■ ■ ■ · ■ ·
■ 3 ■ ■ ■ ·
■ ■ 3 ■ · ■
■ · ■ ■ ■ ■
· ■ ■ 3 ■ ·
· ■ 3 ■ ■ ■
■ ■ ■ · ■ ·
■ 3 ■ ■ ■ ·
■ ■ 3 ■ · ■
■ · ■ ■ ■ ■
· ■ ■ 3 ■ ·
· ■ 3 ■ ■ ■
■ ■ ■ · ■ ·
■ 3 ■ ■ ■ ·
■ ■ 3 ■ · ■
■ · ■ ■ ■ ■
· ■ ■ 3 ■ ·
· ■ 3 ■ ■ ■
■ ■ ■ · ■ ·
■ 3 ■ ■ ■ ·
■ ■ 3 ■ · ■
■ · ■ ■ ■ ■
· ■ ■ 3 ■ ·
· ■ 3 ■ ■ ■
■ ■ ■ · ■ ·
■ 3 ■ ■ ■ ·
■ ■ 3 ■ · ■
■ · ■ ■ ■ ■
· ■ ■ 3 ■ ·
· ■ 3 ■ ■ ■
■ ■ ■ · ■ ·
■ 3 ■ ■ ■ ·
■ ■ 3 ■ · ■
■ · ■ ■ ■ ■
· ■ ■ 3 ■ ·
· ■ 3 ■ ■ ■
■ ■ ■ · ■ ·
■ 3 ■ ■ ■ ·
■ ■ 3 ■ · ■
■ · ■ ■ ■ ■
· ■ ■ 3 ■ ·
· ■ 3 ■ ■ ■
■ ■ ■ · ■ ·
■ 3 ■ ■ ■ ·
■ ■ 3 ■ · ■
■ · ■ ■ ■ ■
· ■ ■ 3 ■ ·
· ■ 3 ■ ■ ■
■ ■ ■ · ■ ·
# Number of solutions found: 10
# CPU time: 0.03957 s
=================================  7 =================================
# Encoding time: 0.0528 s
· ■ ■ ■ 4 ■ ■
■ ■ · 7 ■ ■ ·
· · ■ ■ ■ 1 ■
■ · ■ 5 ■ ■ ■
· ■ · ■ · ■ ·
■ · ■ 1 ■ ■ ■
■ ■ · ■ ■ · ■
· ■ ■ ■ 4 ■ ■
■ ■ · 7 ■ ■ ·
· · ■ ■ ■ 1 ■
■ · ■ 5 ■ ■ ■
· ■ · ■ · ■ ·
■ · ■ 1 ■ ■ ■
■ ■ · ■ ■ · ■
· ■ ■ ■ 4 ■ ■
■ ■ · 7 ■ ■ ·
· · ■ ■ ■ 1 ■
■ · ■ 5 ■ ■ ■
· ■ · ■ · ■ ·
■ · ■ 1 ■ ■ ■
■ ■ · ■ ■ · ■
· ■ ■ ■ 4 ■ ■
■ ■ · 7 ■ ■ ·
· · ■ ■ ■ 1 ■
■ · ■ 5 ■ ■ ■
· ■ · ■ · ■ ·
■ · ■ 1 ■ ■ ■
■ ■ · ■ ■ · ■
· ■ ■ ■ 4 ■ ■
■ ■ · 7 ■ ■ ·
· · ■ ■ ■ 1 ■
■ · ■ 5 ■ ■ ■
· ■ · ■ · ■ ·
■ · ■ 1 ■ ■ ■
■ ■ · ■ ■ · ■
· ■ ■ ■ 4 ■ ■
■ ■ · 7 ■ ■ ·
· · ■ ■ ■ 1 ■
■ · ■ 5 ■ ■ ■
· ■ · ■ · ■ ·
■ · ■ 1 ■ ■ ■
■ ■ · ■ ■ · ■
· ■ ■ ■ 4 ■ ■
■ ■ · 7 ■ ■ ·
· · ■ ■ ■ 1 ■
■ · ■ 5 ■ ■ ■
· ■ · ■ · ■ ·
■ · ■ 1 ■ ■ ■
■ ■ · ■ ■ · ■
· ■ ■ ■ 4 ■ ■
■ ■ · 7 ■ ■ ·
· · ■ ■ ■ 1 ■
■ · ■ 5 ■ ■ ■
· ■ · ■ · ■ ·
■ · ■ 1 ■ ■ ■
■ ■ · ■ ■ · ■
· ■ ■ ■ 4 ■ ■
■ ■ · 7 ■ ■ ·
· · ■ ■ ■ 1 ■
■ · ■ 5 ■ ■ ■
· ■ · ■ · ■ ·
■ · ■ 1 ■ ■ ■
■ ■ · ■ ■ · ■
· ■ ■ ■ 4 ■ ■
■ ■ · 7 ■ ■ ·
· · ■ ■ ■ 1 ■
■ · ■ 5 ■ ■ ■
· ■ · ■ · ■ ·
■ · ■ 1 ■ ■ ■
■ ■ · ■ ■ · ■
# Number of solutions found: 10
# CPU time: 0.07225 s
=================================  8 =================================
# Encoding time: 0.08025 s
1 ■ ■ · ■ · ■
■ ■ 3 ■ · ■ ·
■ 1 ■ · ■ · ·
3 ■ · ■ · ■ 7
■ · ■ · ■ 1 ■
· ■ · ■ 5 ■ ■
■ · ■ ■ ■ ■ 1
1 ■ ■ · ■ · ■
■ ■ 3 ■ · ■ ·
■ 1 ■ · ■ · ·
3 ■ · ■ · ■ 7
■ · ■ · ■ 1 ■
· ■ · ■ 5 ■ ■
■ · ■ ■ ■ ■ 1
1 ■ ■ · ■ · ■
■ ■ 3 ■ · ■ ·
■ 1 ■ · ■ · ·
3 ■ · ■ · ■ 7
■ · ■ · ■ 1 ■
· ■ · ■ 5 ■ ■
■ · ■ ■ ■ ■ 1
1 ■ ■ · ■ · ■
■ ■ 3 ■ · ■ ·
■ 1 ■ · ■ · ·
3 ■ · ■ · ■ 7
■ · ■ · ■ 1 ■
· ■ · ■ 5 ■ ■
■ · ■ ■ ■ ■ 1
1 ■ ■ · ■ · ■
■ ■ 3 ■ · ■ ·
■ 1 ■ · ■ · ·
3 ■ · ■ · ■ 7
■ · ■ · ■ 1 ■
· ■ · ■ 5 ■ ■
■ · ■ ■ ■ ■ 1
1 ■ ■ · ■ · ■
■ ■ 3 ■ · ■ ·
■ 1 ■ · ■ · ·
3 ■ · ■ · ■ 7
■ · ■ · ■ 1 ■
· ■ · ■ 5 ■ ■
■ · ■ ■ ■ ■ 1
1 ■ ■ · ■ · ■
■ ■ 3 ■ · ■ ·
■ 1 ■ · ■ · ·
3 ■ · ■ · ■ 7
■ · ■ · ■ 1 ■
· ■ · ■ 5 ■ ■
■ · ■ ■ ■ ■ 1
1 ■ ■ · ■ · ■
■ ■ 3 ■ · ■ ·
■ 1 ■ · ■ · ·
3 ■ · ■ · ■ 7
■ · ■ · ■ 1 ■
· ■ · ■ 5 ■ ■
■ · ■ ■ ■ ■ 1
1 ■ ■ · ■ · ■
■ ■ 3 ■ · ■ ·
■ 1 ■ · ■ · ·
3 ■ · ■ · ■ 7
■ · ■ · ■ 1 ■
· ■ · ■ 5 ■ ■
■ · ■ ■ ■ ■ 1
1 ■ ■ · ■ · ■
■ ■ 3 ■ · ■ ·
■ 1 ■ · ■ · ·
3 ■ · ■ · ■ 7
■ · ■ · ■ 1 ■
· ■ · ■ 5 ■ ■
■ · ■ ■ ■ ■ 1
# Number of solutions found: 10
# CPU time: 0.1029 s
=================================  9 =================================
# Encoding time: 0.03359 s
· ■ · ■ ■ ■ ■
■ ■ 4 ■ · ■ ·
■ · ■ ■ ■ · ■
■ ■ ■ 5 ■ ■ ■
· ■ · ■ ■ · ■
■ · ■ ■ 6 · ■
■ ■ ■ · ■ ■ ■
· ■ · ■ ■ ■ ■
■ ■ 4 ■ · ■ ·
■ · ■ ■ ■ · ■
■ ■ ■ 5 ■ ■ ■
· ■ · ■ ■ · ■
■ · ■ ■ 6 · ■
■ ■ ■ · ■ ■ ■
· ■ · ■ ■ ■ ■
■ ■ 4 ■ · ■ ·
■ · ■ ■ ■ · ■
■ ■ ■ 5 ■ ■ ■
· ■ · ■ ■ · ■
■ · ■ ■ 6 · ■
■ ■ ■ · ■ ■ ■
· ■ · ■ ■ ■ ■
■ ■ 4 ■ · ■ ·
■ · ■ ■ ■ · ■
■ ■ ■ 5 ■ ■ ■
· ■ · ■ ■ · ■
■ · ■ ■ 6 · ■
■ ■ ■ · ■ ■ ■
· ■ · ■ ■ ■ ■
■ ■ 4 ■ · ■ ·
■ · ■ ■ ■ · ■
■ ■ ■ 5 ■ ■ ■
· ■ · ■ ■ · ■
■ · ■ ■ 6 · ■
■ ■ ■ · ■ ■ ■
· ■ · ■ ■ ■ ■
■ ■ 4 ■ · ■ ·
■ · ■ ■ ■ · ■
■ ■ ■ 5 ■ ■ ■
· ■ · ■ ■ · ■
■ · ■ ■ 6 · ■
■ ■ ■ · ■ ■ ■
· ■ · ■ ■ ■ ■
■ ■ 4 ■ · ■ ·
■ · ■ ■ ■ · ■
■ ■ ■ 5 ■ ■ ■
· ■ · ■ ■ · ■
■ · ■ ■ 6 · ■
■ ■ ■ · ■ ■ ■
· ■ · ■ ■ ■ ■
■ ■ 4 ■ · ■ ·
■ · ■ ■ ■ · ■
■ ■ ■ 5 ■ ■ ■
· ■ · ■ ■ · ■
■ · ■ ■ 6 · ■
■ ■ ■ · ■ ■ ■
· ■ · ■ ■ ■ ■
■ ■ 4 ■ · ■ ·
■ · ■ ■ ■ · ■
■ ■ ■ 5 ■ ■ ■
· ■ · ■ ■ · ■
■ · ■ ■ 6 · ■
■ ■ ■ · ■ ■ ■
· ■ · ■ ■ ■ ■
■ ■ 4 ■ · ■ ·
■ · ■ ■ ■ · ■
■ ■ ■ 5 ■ ■ ■
· ■ · ■ ■ · ■
■ · ■ ■ 6 · ■
■ ■ ■ · ■ ■ ■
# Number of solutions found: 10
# CPU time: 0.04787 s
================================= 10 =================================
# Encoding time: 0.003463 s
■ ■
■ 1
■ ■
■ 1
■ ■
■ 1
■ ■
■ 1
■ ■
■ 1
■ ■
■ 1
■ ■
■ 1
■ ■
■ 1
■ ■
■ 1
■ ■
■ 1
# Number of solutions found: 10
# CPU time: 0.004476 s
================================= 11 =================================
# Encoding time: 0.003019 s
· 2
■ ■
· 2
■ ■
· 2
■ ■
· 2
■ ■
· 2
■ ■
· 2
■ ■
· 2
■ ■
· 2
■ ■
· 2
■ ■
· 2
■ ■
# Number of solutions found: 10
# CPU time: 0.003885 s
================================= 12 =================================
# Encoding time: 0.003419 s
· ·
3 ■
· ·
3 ■
· ·
3 ■
· ·
3 ■
· ·
3 ■
· ·
3 ■
· ·
3 ■
· ·
3 ■
· ·
3 ■
· ·
3 ■
# Number of solutions found: 10
# CPU time: 0.004397 s
================================= 13 =================================
# Encoding time: 0.003513 s
Caught Command '['python3', 'nurikabe.py', '-s10', '-p', '13']' returned non-zero exit status 1.
================================= 14 =================================
# Encoding time: 0.002343 s
■
■
■
■
■
■
■
■
■
■
# Number of solutions found: 10
# CPU time: 0.002955 s
================================= 15 =================================
# Encoding time: 0.002851 s
■ ?
■ ?
■ ?
■ ?
■ ?
■ ?
■ ?
■ ?
■ ?
■ ?
# Number of solutions found: 10
# CPU time: 0.003548 s
================================= 16 =================================
# Encoding time: 0.002864 s
·
■
2
·
■
2
·
■
2
·
■
2
·
■
2
·
■
2
·
■
2
·
■
2
·
■
2
·
■
2
# Number of solutions found: 10
# CPU time: 0.003599 s
================================= 17 =================================
# Encoding time: 0.2439 s
· ■ 6 ■ ■ · ■ · ■ ■
■ ■ ■ ■ 3 ■ 3 ■ · ■
■ · ■ · ■ 2 ■ · ■ ·
■ ■ ■ ■ ■ ■ · ■ 2 ■
■ · ■ · ■ · ■ · ■ 6
· ■ ■ 2 ■ 2 ■ ■ ■ ■
· ■ 2 ■ · ■ ■ 4 ■ ·
■ · ■ 4 ■ · ■ ■ ■ ■
■ ■ ■ ■ ■ ■ · ■ · ·
· ■ · ■ 2 · ■ 1 ■ ·
· ■ 6 ■ ■ · ■ · ■ ■
■ ■ ■ ■ 3 ■ 3 ■ · ■
■ · ■ · ■ 2 ■ · ■ ·
■ ■ ■ ■ ■ ■ · ■ 2 ■
■ · ■ · ■ · ■ · ■ 6
· ■ ■ 2 ■ 2 ■ ■ ■ ■
· ■ 2 ■ · ■ ■ 4 ■ ·
■ · ■ 4 ■ · ■ ■ ■ ■
■ ■ ■ ■ ■ ■ · ■ · ·
· ■ · ■ 2 · ■ 1 ■ ·
· ■ 6 ■ ■ · ■ · ■ ■
■ ■ ■ ■ 3 ■ 3 ■ · ■
■ · ■ · ■ 2 ■ · ■ ·
■ ■ ■ ■ ■ ■ · ■ 2 ■
■ · ■ · ■ · ■ · ■ 6
· ■ ■ 2 ■ 2 ■ ■ ■ ■
· ■ 2 ■ · ■ ■ 4 ■ ·
■ · ■ 4 ■ · ■ ■ ■ ■
■ ■ ■ ■ ■ ■ · ■ · ·
· ■ · ■ 2 · ■ 1 ■ ·
· ■ 6 ■ ■ · ■ · ■ ■
■ ■ ■ ■ 3 ■ 3 ■ · ■
■ · ■ · ■ 2 ■ · ■ ·
■ ■ ■ ■ ■ ■ · ■ 2 ■
■ · ■ · ■ · ■ · ■ 6
· ■ ■ 2 ■ 2 ■ ■ ■ ■
· ■ 2 ■ · ■ ■ 4 ■ ·
■ · ■ 4 ■ · ■ ■ ■ ■
■ ■ ■ ■ ■ ■ · ■ · ·
· ■ · ■ 2 · ■ 1 ■ ·
· ■ 6 ■ ■ · ■ · ■ ■
■ ■ ■ ■ 3 ■ 3 ■ · ■
■ · ■ · ■ 2 ■ · ■ ·
■ ■ ■ ■ ■ ■ · ■ 2 ■
■ · ■ · ■ · ■ · ■ 6
· ■ ■ 2 ■ 2 ■ ■ ■ ■
· ■ 2 ■ · ■ ■ 4 ■ ·
■ · ■ 4 ■ · ■ ■ ■ ■
■ ■ ■ ■ ■ ■ · ■ · ·
· ■ · ■ 2 · ■ 1 ■ ·
· ■ 6 ■ ■ · ■ · ■ ■
■ ■ ■ ■ 3 ■ 3 ■ · ■
■ · ■ · ■ 2 ■ · ■ ·
■ ■ ■ ■ ■ ■ · ■ 2 ■
■ · ■ · ■ · ■ · ■ 6
· ■ ■ 2 ■ 2 ■ ■ ■ ■
· ■ 2 ■ · ■ ■ 4 ■ ·
■ · ■ 4 ■ · ■ ■ ■ ■
■ ■ ■ ■ ■ ■ · ■ · ·
· ■ · ■ 2 · ■ 1 ■ ·
· ■ 6 ■ ■ · ■ · ■ ■
■ ■ ■ ■ 3 ■ 3 ■ · ■
■ · ■ · ■ 2 ■ · ■ ·
■ ■ ■ ■ ■ ■ · ■ 2 ■
■ · ■ · ■ · ■ · ■ 6
· ■ ■ 2 ■ 2 ■ ■ ■ ■
· ■ 2 ■ · ■ ■ 4 ■ ·
■ · ■ 4 ■ · ■ ■ ■ ■
■ ■ ■ ■ ■ ■ · ■ · ·
· ■ · ■ 2 · ■ 1 ■ ·
· ■ 6 ■ ■ · ■ · ■ ■
■ ■ ■ ■ 3 ■ 3 ■ · ■
■ · ■ · ■ 2 ■ · ■ ·
■ ■ ■ ■ ■ ■ · ■ 2 ■
■ · ■ · ■ · ■ · ■ 6
· ■ ■ 2 ■ 2 ■ ■ ■ ■
· ■ 2 ■ · ■ ■ 4 ■ ·
■ · ■ 4 ■ · ■ ■ ■ ■
■ ■ ■ ■ ■ ■ · ■ · ·
· ■ · ■ 2 · ■ 1 ■ ·
· ■ 6 ■ ■ · ■ · ■ ■
■ ■ ■ ■ 3 ■ 3 ■ · ■
■ · ■ · ■ 2 ■ · ■ ·
■ ■ ■ ■ ■ ■ · ■ 2 ■
■ · ■ · ■ · ■ · ■ 6
· ■ ■ 2 ■ 2 ■ ■ ■ ■
· ■ 2 ■ · ■ ■ 4 ■ ·
■ · ■ 4 ■ · ■ ■ ■ ■
■ ■ ■ ■ ■ ■ · ■ · ·
· ■ · ■ 2 · ■ 1 ■ ·
· ■ 6 ■ ■ · ■ · ■ ■
■ ■ ■ ■ 3 ■ 3 ■ · ■
■ · ■ · ■ 2 ■ · ■ ·
■ ■ ■ ■ ■ ■ · ■ 2 ■
■ · ■ · ■ · ■ · ■ 6
· ■ ■ 2 ■ 2 ■ ■ ■ ■
· ■ 2 ■ · ■ ■ 4 ■ ·
■ · ■ 4 ■ · ■ ■ ■ ■
■ ■ ■ ■ ■ ■ · ■ · ·
· ■ · ■ 2 · ■ 1 ■ ·
# Number of solutions found: 10
# CPU time: 0.372 s
================================= 18 =================================
# Encoding time: 0.05035 s
· · ■ · ■ · ■
■ ■ · ■ · ■ ■
· ■ ■ 4 ■ ■ 3
■ ■ 4 ■ ■ · ■
· ■ ■ 5 ■ ■ 1
■ · ■ ■ ■ · ■
■ ■ ■ · ■ ■ ■
· · ■ · ■ · ■
■ ■ · ■ · ■ ■
· ■ ■ 4 ■ ■ 3
■ ■ 4 ■ ■ · ■
· ■ ■ 5 ■ ■ 1
■ · ■ ■ ■ · ■
■ ■ ■ · ■ ■ ■
· · ■ · ■ · ■
■ ■ · ■ · ■ ■
· ■ ■ 4 ■ ■ 3
■ ■ 4 ■ ■ · ■
· ■ ■ 5 ■ ■ 1
■ · ■ ■ ■ · ■
■ ■ ■ · ■ ■ ■
· · ■ · ■ · ■
■ ■ · ■ · ■ ■
· ■ ■ 4 ■ ■ 3
■ ■ 4 ■ ■ · ■
· ■ ■ 5 ■ ■ 1
■ · ■ ■ ■ · ■
■ ■ ■ · ■ ■ ■
· · ■ · ■ · ■
■ ■ · ■ · ■ ■
· ■ ■ 4 ■ ■ 3
■ ■ 4 ■ ■ · ■
· ■ ■ 5 ■ ■ 1
■ · ■ ■ ■ · ■
■ ■ ■ · ■ ■ ■
· · ■ · ■ · ■
■ ■ · ■ · ■ ■
· ■ ■ 4 ■ ■ 3
■ ■ 4 ■ ■ · ■
· ■ ■ 5 ■ ■ 1
■ · ■ ■ ■ · ■
■ ■ ■ · ■ ■ ■
· · ■ · ■ · ■
■ ■ · ■ · ■ ■
· ■ ■ 4 ■ ■ 3
■ ■ 4 ■ ■ · ■
· ■ ■ 5 ■ ■ 1
■ · ■ ■ ■ · ■
■ ■ ■ · ■ ■ ■
· · ■ · ■ · ■
■ ■ · ■ · ■ ■
· ■ ■ 4 ■ ■ 3
■ ■ 4 ■ ■ · ■
· ■ ■ 5 ■ ■ 1
■ · ■ ■ ■ · ■
■ ■ ■ · ■ ■ ■
· · ■ · ■ · ■
■ ■ · ■ · ■ ■
· ■ ■ 4 ■ ■ 3
■ ■ 4 ■ ■ · ■
· ■ ■ 5 ■ ■ 1
■ · ■ ■ ■ · ■
■ ■ ■ · ■ ■ ■
· · ■ · ■ · ■
■ ■ · ■ · ■ ■
· ■ ■ 4 ■ ■ 3
■ ■ 4 ■ ■ · ■
· ■ ■ 5 ■ ■ 1
■ · ■ ■ ■ · ■
■ ■ ■ · ■ ■ ■
# Number of solutions found: 10
# CPU time: 0.0719 s
================================= 19 =================================
# Encoding time: 1.399 s
· ■ ■ ■ · ■ · ■ · ■ 1 ■ · ■ ·
■ ■ · · ■ · ■ 8 ■ 1 ■ · ■ ■ ■
■ · ■ ■ · ■ · ■ · ■ · ■ ■ 2 ■
· ■ · ■ ■ 4 ■ ■ 2 ■ ■ 4 · ■ ■
· · ■ 5 ■ ■ ■ · ■ · ■ ■ ■ ■ ·
· ■ 4 ■ · ■ 3 ■ 2 ■ 2 ■ 3 ■ ■
· ■ · ■ ■ ■ ■ · ■ · ■ ■ ■ ■ ·
■ ■ ■ 2 ■ 1 ■ · ■ 3 ■ 4 ■ · ■
■ · ■ ■ ■ ■ · ■ ■ ■ · ■ ■ ■ ·
· ■ 3 ■ 1 ■ 3 ■ 1 ■ · ■ 1 ■ ■
■ · ■ ■ ■ · ■ · ■ ■ ■ 3 ■ · ■
· ■ ■ 1 ■ ■ 3 ■ ■ 1 ■ ■ ■ · ·
■ 3 ■ ■ · ■ ■ · ■ ■ · ■ · ■ ■
■ ■ ■ 2 ■ C ■ ■ · ■ ■ · ■ ■ ·
1 ■ · ■ 1 ■ · ■ ■ · ■ ■ · ■ ■
· ■ ■ ■ · ■ · ■ · ■ 1 ■ · ■ ·
■ ■ · · ■ · ■ 8 ■ 1 ■ · ■ ■ ■
■ · ■ ■ · ■ · ■ · ■ · ■ ■ 2 ■
· ■ · ■ ■ 4 ■ ■ 2 ■ ■ 4 · ■ ■
· · ■ 5 ■ ■ ■ · ■ · ■ ■ ■ ■ ·
· ■ 4 ■ · ■ 3 ■ 2 ■ 2 ■ 3 ■ ■
· ■ · ■ ■ ■ ■ · ■ · ■ ■ ■ ■ ·
■ ■ ■ 2 ■ 1 ■ · ■ 3 ■ 4 ■ · ■
■ · ■ ■ ■ ■ · ■ ■ ■ · ■ ■ ■ ·
· ■ 3 ■ 1 ■ 3 ■ 1 ■ · ■ 1 ■ ■
■ · ■ ■ ■ · ■ · ■ ■ ■ 3 ■ · ■
· ■ ■ 1 ■ ■ 3 ■ ■ 1 ■ ■ ■ · ·
■ 3 ■ ■ · ■ ■ · ■ ■ · ■ · ■ ■
■ ■ ■ 2 ■ C ■ ■ · ■ ■ · ■ ■ ·
1 ■ · ■ 1 ■ · ■ ■ · ■ ■ · ■ ■
· ■ ■ ■ · ■ · ■ · ■ 1 ■ · ■ ·
■ ■ · · ■ · ■ 8 ■ 1 ■ · ■ ■ ■
■ · ■ ■ · ■ · ■ · ■ · ■ ■ 2 ■
· ■ · ■ ■ 4 ■ ■ 2 ■ ■ 4 · ■ ■
· · ■ 5 ■ ■ ■ · ■ · ■ ■ ■ ■ ·
· ■ 4 ■ · ■ 3 ■ 2 ■ 2 ■ 3 ■ ■
· ■ · ■ ■ ■ ■ · ■ · ■ ■ ■ ■ ·
■ ■ ■ 2 ■ 1 ■ · ■ 3 ■ 4 ■ · ■
■ · ■ ■ ■ ■ · ■ ■ ■ · ■ ■ ■ ·
· ■ 3 ■ 1 ■ 3 ■ 1 ■ · ■ 1 ■ ■
■ · ■ ■ ■ · ■ · ■ ■ ■ 3 ■ · ■
· ■ ■ 1 ■ ■ 3 ■ ■ 1 ■ ■ ■ · ·
■ 3 ■ ■ · ■ ■ · ■ ■ · ■ · ■ ■
■ ■ ■ 2 ■ C ■ ■ · ■ ■ · ■ ■ ·
1 ■ · ■ 1 ■ · ■ ■ · ■ ■ · ■ ■
· ■ ■ ■ · ■ · ■ · ■ 1 ■ · ■ ·
■ ■ · · ■ · ■ 8 ■ 1 ■ · ■ ■ ■
■ · ■ ■ · ■ · ■ · ■ · ■ ■ 2 ■
· ■ · ■ ■ 4 ■ ■ 2 ■ ■ 4 · ■ ■
· · ■ 5 ■ ■ ■ · ■ · ■ ■ ■ ■ ·
· ■ 4 ■ · ■ 3 ■ 2 ■ 2 ■ 3 ■ ■
· ■ · ■ ■ ■ ■ · ■ · ■ ■ ■ ■ ·
■ ■ ■ 2 ■ 1 ■ · ■ 3 ■ 4 ■ · ■
■ · ■ ■ ■ ■ · ■ ■ ■ · ■ ■ ■ ·
· ■ 3 ■ 1 ■ 3 ■ 1 ■ · ■ 1 ■ ■
■ · ■ ■ ■ · ■ · ■ ■ ■ 3 ■ · ■
· ■ ■ 1 ■ ■ 3 ■ ■ 1 ■ ■ ■ · ·
■ 3 ■ ■ · ■ ■ · ■ ■ · ■ · ■ ■
■ ■ ■ 2 ■ C ■ ■ · ■ ■ · ■ ■ ·
1 ■ · ■ 1 ■ · ■ ■ · ■ ■ · ■ ■
· ■ ■ ■ · ■ · ■ · ■ 1 ■ · ■ ·
■ ■ · · ■ · ■ 8 ■ 1 ■ · ■ ■ ■
■ · ■ ■ · ■ · ■ · ■ · ■ ■ 2 ■
· ■ · ■ ■ 4 ■ ■ 2 ■ ■ 4 · ■ ■
· · ■ 5 ■ ■ ■ · ■ · ■ ■ ■ ■ ·
· ■ 4 ■ · ■ 3 ■ 2 ■ 2 ■ 3 ■ ■
· ■ · ■ ■ ■ ■ · ■ · ■ ■ ■ ■ ·
■ ■ ■ 2 ■ 1 ■ · ■ 3 ■ 4 ■ · ■
■ · ■ ■ ■ ■ · ■ ■ ■ · ■ ■ ■ ·
· ■ 3 ■ 1 ■ 3 ■ 1 ■ · ■ 1 ■ ■
■ · ■ ■ ■ · ■ · ■ ■ ■ 3 ■ · ■
· ■ ■ 1 ■ ■ 3 ■ ■ 1 ■ ■ ■ · ·
■ 3 ■ ■ · ■ ■ · ■ ■ · ■ · ■ ■
■ ■ ■ 2 ■ C ■ ■ · ■ ■ · ■ ■ ·
1 ■ · ■ 1 ■ · ■ ■ · ■ ■ · ■ ■
· ■ ■ ■ · ■ · ■ · ■ 1 ■ · ■ ·
■ ■ · · ■ · ■ 8 ■ 1 ■ · ■ ■ ■
■ · ■ ■ · ■ · ■ · ■ · ■ ■ 2 ■
· ■ · ■ ■ 4 ■ ■ 2 ■ ■ 4 · ■ ■
· · ■ 5 ■ ■ ■ · ■ · ■ ■ ■ ■ ·
· ■ 4 ■ · ■ 3 ■ 2 ■ 2 ■ 3 ■ ■
· ■ · ■ ■ ■ ■ · ■ · ■ ■ ■ ■ ·
■ ■ ■ 2 ■ 1 ■ · ■ 3 ■ 4 ■ · ■
■ · ■ ■ ■ ■ · ■ ■ ■ · ■ ■ ■ ·
· ■ 3 ■ 1 ■ 3 ■ 1 ■ · ■ 1 ■ ■
■ · ■ ■ ■ · ■ · ■ ■ ■ 3 ■ · ■
· ■ ■ 1 ■ ■ 3 ■ ■ 1 ■ ■ ■ · ·
■ 3 ■ ■ · ■ ■ · ■ ■ · ■ · ■ ■
■ ■ ■ 2 ■ C ■ ■ · ■ ■ · ■ ■ ·
1 ■ · ■ 1 ■ · ■ ■ · ■ ■ · ■ ■
· ■ ■ ■ · ■ · ■ · ■ 1 ■ · ■ ·
■ ■ · · ■ · ■ 8 ■ 1 ■ · ■ ■ ■
■ · ■ ■ · ■ · ■ · ■ · ■ ■ 2 ■
· ■ · ■ ■ 4 ■ ■ 2 ■ ■ 4 · ■ ■
· · ■ 5 ■ ■ ■ · ■ · ■ ■ ■ ■ ·
· ■ 4 ■ · ■ 3 ■ 2 ■ 2 ■ 3 ■ ■
· ■ · ■ ■ ■ ■ · ■ · ■ ■ ■ ■ ·
■ ■ ■ 2 ■ 1 ■ · ■ 3 ■ 4 ■ · ■
■ · ■ ■ ■ ■ · ■ ■ ■ · ■ ■ ■ ·
· ■ 3 ■ 1 ■ 3 ■ 1 ■ · ■ 1 ■ ■
■ · ■ ■ ■ · ■ · ■ ■ ■ 3 ■ · ■
· ■ ■ 1 ■ ■ 3 ■ ■ 1 ■ ■ ■ · ·
■ 3 ■ ■ · ■ ■ · ■ ■ · ■ · ■ ■
■ ■ ■ 2 ■ C ■ ■ · ■ ■ · ■ ■ ·
1 ■ · ■ 1 ■ · ■ ■ · ■ ■ · ■ ■
· ■ ■ ■ · ■ · ■ · ■ 1 ■ · ■ ·
■ ■ · · ■ · ■ 8 ■ 1 ■ · ■ ■ ■
■ · ■ ■ · ■ · ■ · ■ · ■ ■ 2 ■
· ■ · ■ ■ 4 ■ ■ 2 ■ ■ 4 · ■ ■
· · ■ 5 ■ ■ ■ · ■ · ■ ■ ■ ■ ·
· ■ 4 ■ · ■ 3 ■ 2 ■ 2 ■ 3 ■ ■
· ■ · ■ ■ ■ ■ · ■ · ■ ■ ■ ■ ·
■ ■ ■ 2 ■ 1 ■ · ■ 3 ■ 4 ■ · ■
■ · ■ ■ ■ ■ · ■ ■ ■ · ■ ■ ■ ·
· ■ 3 ■ 1 ■ 3 ■ 1 ■ · ■ 1 ■ ■
■ · ■ ■ ■ · ■ · ■ ■ ■ 3 ■ · ■
· ■ ■ 1 ■ ■ 3 ■ ■ 1 ■ ■ ■ · ·
■ 3 ■ ■ · ■ ■ · ■ ■ · ■ · ■ ■
■ ■ ■ 2 ■ C ■ ■ · ■ ■ · ■ ■ ·
1 ■ · ■ 1 ■ · ■ ■ · ■ ■ · ■ ■
· ■ ■ ■ · ■ · ■ · ■ 1 ■ · ■ ·
■ ■ · · ■ · ■ 8 ■ 1 ■ · ■ ■ ■
■ · ■ ■ · ■ · ■ · ■ · ■ ■ 2 ■
· ■ · ■ ■ 4 ■ ■ 2 ■ ■ 4 · ■ ■
· · ■ 5 ■ ■ ■ · ■ · ■ ■ ■ ■ ·
· ■ 4 ■ · ■ 3 ■ 2 ■ 2 ■ 3 ■ ■
· ■ · ■ ■ ■ ■ · ■ · ■ ■ ■ ■ ·
■ ■ ■ 2 ■ 1 ■ · ■ 3 ■ 4 ■ · ■
■ · ■ ■ ■ ■ · ■ ■ ■ · ■ ■ ■ ·
· ■ 3 ■ 1 ■ 3 ■ 1 ■ · ■ 1 ■ ■
■ · ■ ■ ■ · ■ · ■ ■ ■ 3 ■ · ■
· ■ ■ 1 ■ ■ 3 ■ ■ 1 ■ ■ ■ · ·
■ 3 ■ ■ · ■ ■ · ■ ■ · ■ · ■ ■
■ ■ ■ 2 ■ C ■ ■ · ■ ■ · ■ ■ ·
1 ■ · ■ 1 ■ · ■ ■ · ■ ■ · ■ ■
· ■ ■ ■ · ■ · ■ · ■ 1 ■ · ■ ·
■ ■ · · ■ · ■ 8 ■ 1 ■ · ■ ■ ■
■ · ■ ■ · ■ · ■ · ■ · ■ ■ 2 ■
· ■ · ■ ■ 4 ■ ■ 2 ■ ■ 4 · ■ ■
· · ■ 5 ■ ■ ■ · ■ · ■ ■ ■ ■ ·
· ■ 4 ■ · ■ 3 ■ 2 ■ 2 ■ 3 ■ ■
· ■ · ■ ■ ■ ■ · ■ · ■ ■ ■ ■ ·
■ ■ ■ 2 ■ 1 ■ · ■ 3 ■ 4 ■ · ■
■ · ■ ■ ■ ■ · ■ ■ ■ · ■ ■ ■ ·
· ■ 3 ■ 1 ■ 3 ■ 1 ■ · ■ 1 ■ ■
■ · ■ ■ ■ · ■ · ■ ■ ■ 3 ■ · ■
· ■ ■ 1 ■ ■ 3 ■ ■ 1 ■ ■ ■ · ·
■ 3 ■ ■ · ■ ■ · ■ ■ · ■ · ■ ■
■ ■ ■ 2 ■ C ■ ■ · ■ ■ · ■ ■ ·
1 ■ · ■ 1 ■ · ■ ■ · ■ ■ · ■ ■
# Number of solutions found: 10
# CPU time: 2.852 s
================================= 20 =================================
# Encoding time: 0.08056 s
■ 1 ■ ■ ■ · ■
■ ■ · · ■ ■ ·
2 ■ ■ ■ 3 ■ 3
■ · ■ 1 ■ · ■
■ ■ · ■ 2 ■ ·
· ■ ■ · ■ · ■
4 ■ 3 ■ · ■ 2
■ 1 ■ ■ ■ · ■
■ ■ · · ■ ■ ·
2 ■ ■ ■ 3 ■ 3
■ · ■ 1 ■ · ■
■ ■ · ■ 2 ■ ·
· ■ ■ · ■ · ■
4 ■ 3 ■ · ■ 2
■ 1 ■ ■ ■ · ■
■ ■ · · ■ ■ ·
2 ■ ■ ■ 3 ■ 3
■ · ■ 1 ■ · ■
■ ■ · ■ 2 ■ ·
· ■ ■ · ■ · ■
4 ■ 3 ■ · ■ 2
■ 1 ■ ■ ■ · ■
■ ■ · · ■ ■ ·
2 ■ ■ ■ 3 ■ 3
■ · ■ 1 ■ · ■
■ ■ · ■ 2 ■ ·
· ■ ■ · ■ · ■
4 ■ 3 ■ · ■ 2
■ 1 ■ ■ ■ · ■
■ ■ · · ■ ■ ·
2 ■ ■ ■ 3 ■ 3
■ · ■ 1 ■ · ■
■ ■ · ■ 2 ■ ·
· ■ ■ · ■ · ■
4 ■ 3 ■ · ■ 2
■ 1 ■ ■ ■ · ■
■ ■ · · ■ ■ ·
2 ■ ■ ■ 3 ■ 3
■ · ■ 1 ■ · ■
■ ■ · ■ 2 ■ ·
· ■ ■ · ■ · ■
4 ■ 3 ■ · ■ 2
■ 1 ■ ■ ■ · ■
■ ■ · · ■ ■ ·
2 ■ ■ ■ 3 ■ 3
■ · ■ 1 ■ · ■
■ ■ · ■ 2 ■ ·
· ■ ■ · ■ · ■
4 ■ 3 ■ · ■ 2
■ 1 ■ ■ ■ · ■
■ ■ · · ■ ■ ·
2 ■ ■ ■ 3 ■ 3
■ · ■ 1 ■ · ■
■ ■ · ■ 2 ■ ·
· ■ ■ · ■ · ■
4 ■ 3 ■ · ■ 2
■ 1 ■ ■ ■ · ■
■ ■ · · ■ ■ ·
2 ■ ■ ■ 3 ■ 3
■ · ■ 1 ■ · ■
■ ■ · ■ 2 ■ ·
· ■ ■ · ■ · ■
4 ■ 3 ■ · ■ 2
■ 1 ■ ■ ■ · ■
■ ■ · · ■ ■ ·
2 ■ ■ ■ 3 ■ 3
■ · ■ 1 ■ · ■
■ ■ · ■ 2 ■ ·
· ■ ■ · ■ · ■
4 ■ 3 ■ · ■ 2
# Number of solutions found: 10
# CPU time: 0.1058 s
================================= 21 =================================
# Encoding time: 0.006538 s
· 3 ■
■ · ■
1 ■ ?
· 3 ■
■ · ■
1 ■ ?
· 3 ■
■ · ■
1 ■ ?
· 3 ■
■ · ■
1 ■ ?
· 3 ■
■ · ■
1 ■ ?
· 3 ■
■ · ■
1 ■ ?
· 3 ■
■ · ■
1 ■ ?
· 3 ■
■ · ■
1 ■ ?
· 3 ■
■ · ■
1 ■ ?
· 3 ■
■ · ■
1 ■ ?
# Number of solutions found: 10
# CPU time: 0.008334 s
================================= 22 =================================
# Encoding time: 0.02631 s
■ · 3 ■ 5
■ · ■ · ·
1 ■ ■ ■ ·
■ ■ · · ■
· ■ 3 ■ 1
■ · 3 ■ 5
■ · ■ · ·
1 ■ ■ ■ ·
■ ■ · · ■
· ■ 3 ■ 1
■ · 3 ■ 5
■ · ■ · ·
1 ■ ■ ■ ·
■ ■ · · ■
· ■ 3 ■ 1
■ · 3 ■ 5
■ · ■ · ·
1 ■ ■ ■ ·
■ ■ · · ■
· ■ 3 ■ 1
■ · 3 ■ 5
■ · ■ · ·
1 ■ ■ ■ ·
■ ■ · · ■
· ■ 3 ■ 1
■ · 3 ■ 5
■ · ■ · ·
1 ■ ■ ■ ·
■ ■ · · ■
· ■ 3 ■ 1
■ · 3 ■ 5
■ · ■ · ·
1 ■ ■ ■ ·
■ ■ · · ■
· ■ 3 ■ 1
■ · 3 ■ 5
■ · ■ · ·
1 ■ ■ ■ ·
■ ■ · · ■
· ■ 3 ■ 1
■ · 3 ■ 5
■ · ■ · ·
1 ■ ■ ■ ·
■ ■ · · ■
· ■ 3 ■ 1
■ · 3 ■ 5
■ · ■ · ·
1 ■ ■ ■ ·
■ ■ · · ■
· ■ 3 ■ 1
# Number of solutions found: 10
# CPU time: 0.03458 s
================================= 23 =================================
# Encoding time: 5.908 s
1 ■ 2 ■ ■ 2 ■ 1 ■ 4 ■ ■ 1 ■ 4 ■ 3 · ■ 2
■ · ■ ■ · ■ ■ ■ · ■ · ■ ■ · ■ · ■ ■ · ■
6 ■ 1 ■ ■ ■ 1 ■ ■ · ■ 8 ■ ■ · ■ ■ · ■ ·
■ · ■ 3 · ■ ■ ■ · ■ 3 ■ · ■ ■ ■ 3 ■ 1 ■
· ■ 1 ■ ■ 1 ■ 5 ■ · ■ · · ■ 1 ■ ■ · ■ ·
■ · ■ 3 · ■ · ■ · ■ · ■ ■ · ■ 5 · ■ 1 ■
· ■ · ■ ■ 1 ■ ■ 2 ■ ■ · ■ ■ · ■ ■ · ■ ■
■ · ■ · ■ ■ 2 · ■ ■ 1 ■ · ■ ■ ■ · ■ · 2
1 ■ 1 ■ 3 · ■ ■ ■ 1 ■ 5 ■ ■ 4 ■ · ■ ■ ■
■ · ■ ■ · ■ ■ 1 ■ ■ · ■ ■ · ■ · ■ ■ 2 ·
2 ■ ■ 1 ■ ■ · ■ 4 ■ ■ · ■ · ■ ■ ■ · ■ ■
■ · ■ ■ 3 ■ ■ ■ ■ · ■ ■ · ■ 1 ■ 1 ■ ■ ·
2 ■ ■ 3 ■ ■ · 2 ■ ■ · ■ ■ 2 ■ 4 ■ ■ 1 ■
■ · ■ ■ ■ 2 ■ ■ ■ 1 ■ 4 ■ ■ · ■ · ■ ■ ·
4 ■ · · ■ · ■ · 4 ■ · ■ ■ · ■ · ■ ■ 2 ■
■ · ■ ■ 5 ■ 2 ■ ■ · ■ ■ · ■ 1 ■ 2 ■ ■ ·
■ ■ 3 ■ ■ ■ ■ ■ · ■ ■ 2 ■ 1 ■ · ■ ■ · ■
2 ■ ■ · ■ · ■ 2 ■ ■ · ■ ■ ■ 3 ■ ■ 2 ■ 2
■ · ■ ■ ■ ■ · ■ ■ 1 ■ ■ 1 ■ ■ ■ · ■ · ■
· ■ · ■ · · ■ ■ · ■ 1 ■ ■ ■ · · ■ · ■ ·
1 ■ 2 ■ ■ 2 ■ 1 ■ 4 ■ ■ 1 ■ 4 ■ 3 · ■ 2
■ · ■ ■ · ■ ■ ■ · ■ · ■ ■ · ■ · ■ ■ · ■
6 ■ 1 ■ ■ ■ 1 ■ ■ · ■ 8 ■ ■ · ■ ■ · ■ ·
■ · ■ 3 · ■ ■ ■ · ■ 3 ■ · ■ ■ ■ 3 ■ 1 ■
· ■ 1 ■ ■ 1 ■ 5 ■ · ■ · · ■ 1 ■ ■ · ■ ·
■ · ■ 3 · ■ · ■ · ■ · ■ ■ · ■ 5 · ■ 1 ■
· ■ · ■ ■ 1 ■ ■ 2 ■ ■ · ■ ■ · ■ ■ · ■ ■
■ · ■ · ■ ■ 2 · ■ ■ 1 ■ · ■ ■ ■ · ■ · 2
1 ■ 1 ■ 3 · ■ ■ ■ 1 ■ 5 ■ ■ 4 ■ · ■ ■ ■
■ · ■ ■ · ■ ■ 1 ■ ■ · ■ ■ · ■ · ■ ■ 2 ·
2 ■ ■ 1 ■ ■ · ■ 4 ■ ■ · ■ · ■ ■ ■ · ■ ■
■ · ■ ■ 3 ■ ■ ■ ■ · ■ ■ · ■ 1 ■ 1 ■ ■ ·
2 ■ ■ 3 ■ ■ · 2 ■ ■ · ■ ■ 2 ■ 4 ■ ■ 1 ■
■ · ■ ■ ■ 2 ■ ■ ■ 1 ■ 4 ■ ■ · ■ · ■ ■ ·
4 ■ · · ■ · ■ · 4 ■ · ■ ■ · ■ · ■ ■ 2 ■
■ · ■ ■ 5 ■ 2 ■ ■ · ■ ■ · ■ 1 ■ 2 ■ ■ ·
■ ■ 3 ■ ■ ■ ■ ■ · ■ ■ 2 ■ 1 ■ · ■ ■ · ■
2 ■ ■ · ■ · ■ 2 ■ ■ · ■ ■ ■ 3 ■ ■ 2 ■ 2
■ · ■ ■ ■ ■ · ■ ■ 1 ■ ■ 1 ■ ■ ■ · ■ · ■
· ■ · ■ · · ■ ■ · ■ 1 ■ ■ ■ · · ■ · ■ ·
1 ■ 2 ■ ■ 2 ■ 1 ■ 4 ■ ■ 1 ■ 4 ■ 3 · ■ 2
■ · ■ ■ · ■ ■ ■ · ■ · ■ ■ · ■ · ■ ■ · ■
6 ■ 1 ■ ■ ■ 1 ■ ■ · ■ 8 ■ ■ · ■ ■ · ■ ·
■ · ■ 3 · ■ ■ ■ · ■ 3 ■ · ■ ■ ■ 3 ■ 1 ■
· ■ 1 ■ ■ 1 ■ 5 ■ · ■ · · ■ 1 ■ ■ · ■ ·
■ · ■ 3 · ■ · ■ · ■ · ■ ■ · ■ 5 · ■ 1 ■
· ■ · ■ ■ 1 ■ ■ 2 ■ ■ · ■ ■ · ■ ■ · ■ ■
■ · ■ · ■ ■ 2 · ■ ■ 1 ■ · ■ ■ ■ · ■ · 2
1 ■ 1 ■ 3 · ■ ■ ■ 1 ■ 5 ■ ■ 4 ■ · ■ ■ ■
■ · ■ ■ · ■ ■ 1 ■ ■ · ■ ■ · ■ · ■ ■ 2 ·
2 ■ ■ 1 ■ ■ · ■ 4 ■ ■ · ■ · ■ ■ ■ · ■ ■
■ · ■ ■ 3 ■ ■ ■ ■ · ■ ■ · ■ 1 ■ 1 ■ ■ ·
2 ■ ■ 3 ■ ■ · 2 ■ ■ · ■ ■ 2 ■ 4 ■ ■ 1 ■
■ · ■ ■ ■ 2 ■ ■ ■ 1 ■ 4 ■ ■ · ■ · ■ ■ ·
4 ■ · · ■ · ■ · 4 ■ · ■ ■ · ■ · ■ ■ 2 ■
■ · ■ ■ 5 ■ 2 ■ ■ · ■ ■ · ■ 1 ■ 2 ■ ■ ·
■ ■ 3 ■ ■ ■ ■ ■ · ■ ■ 2 ■ 1 ■ · ■ ■ · ■
2 ■ ■ · ■ · ■ 2 ■ ■ · ■ ■ ■ 3 ■ ■ 2 ■ 2
■ · ■ ■ ■ ■ · ■ ■ 1 ■ ■ 1 ■ ■ ■ · ■ · ■
· ■ · ■ · · ■ ■ · ■ 1 ■ ■ ■ · · ■ · ■ ·
1 ■ 2 ■ ■ 2 ■ 1 ■ 4 ■ ■ 1 ■ 4 ■ 3 · ■ 2
■ · ■ ■ · ■ ■ ■ · ■ · ■ ■ · ■ · ■ ■ · ■
6 ■ 1 ■ ■ ■ 1 ■ ■ · ■ 8 ■ ■ · ■ ■ · ■ ·
■ · ■ 3 · ■ ■ ■ · ■ 3 ■ · ■ ■ ■ 3 ■ 1 ■
· ■ 1 ■ ■ 1 ■ 5 ■ · ■ · · ■ 1 ■ ■ · ■ ·
■ · ■ 3 · ■ · ■ · ■ · ■ ■ · ■ 5 · ■ 1 ■
· ■ · ■ ■ 1 ■ ■ 2 ■ ■ · ■ ■ · ■ ■ · ■ ■
■ · ■ · ■ ■ 2 · ■ ■ 1 ■ · ■ ■ ■ · ■ · 2
1 ■ 1 ■ 3 · ■ ■ ■ 1 ■ 5 ■ ■ 4 ■ · ■ ■ ■
■ · ■ ■ · ■ ■ 1 ■ ■ · ■ ■ · ■ · ■ ■ 2 ·
2 ■ ■ 1 ■ ■ · ■ 4 ■ ■ · ■ · ■ ■ ■ · ■ ■
■ · ■ ■ 3 ■ ■ ■ ■ · ■ ■ · ■ 1 ■ 1 ■ ■ ·
2 ■ ■ 3 ■ ■ · 2 ■ ■ · ■ ■ 2 ■ 4 ■ ■ 1 ■
■ · ■ ■ ■ 2 ■ ■ ■ 1 ■ 4 ■ ■ · ■ · ■ ■ ·
4 ■ · · ■ · ■ · 4 ■ · ■ ■ · ■ · ■ ■ 2 ■
■ · ■ ■ 5 ■ 2 ■ ■ · ■ ■ · ■ 1 ■ 2 ■ ■ ·
■ ■ 3 ■ ■ ■ ■ ■ · ■ ■ 2 ■ 1 ■ · ■ ■ · ■
2 ■ ■ · ■ · ■ 2 ■ ■ · ■ ■ ■ 3 ■ ■ 2 ■ 2
■ · ■ ■ ■ ■ · ■ ■ 1 ■ ■ 1 ■ ■ ■ · ■ · ■
· ■ · ■ · · ■ ■ · ■ 1 ■ ■ ■ · · ■ · ■ ·
1 ■ 2 ■ ■ 2 ■ 1 ■ 4 ■ ■ 1 ■ 4 ■ 3 · ■ 2
■ · ■ ■ · ■ ■ ■ · ■ · ■ ■ · ■ · ■ ■ · ■
6 ■ 1 ■ ■ ■ 1 ■ ■ · ■ 8 ■ ■ · ■ ■ · ■ ·
■ · ■ 3 · ■ ■ ■ · ■ 3 ■ · ■ ■ ■ 3 ■ 1 ■
· ■ 1 ■ ■ 1 ■ 5 ■ · ■ · · ■ 1 ■ ■ · ■ ·
■ · ■ 3 · ■ · ■ · ■ · ■ ■ · ■ 5 · ■ 1 ■
· ■ · ■ ■ 1 ■ ■ 2 ■ ■ · ■ ■ · ■ ■ · ■ ■
■ · ■ · ■ ■ 2 · ■ ■ 1 ■ · ■ ■ ■ · ■ · 2
1 ■ 1 ■ 3 · ■ ■ ■ 1 ■ 5 ■ ■ 4 ■ · ■ ■ ■
■ · ■ ■ · ■ ■ 1 ■ ■ · ■ ■ · ■ · ■ ■ 2 ·
2 ■ ■ 1 ■ ■ · ■ 4 ■ ■ · ■ · ■ ■ ■ · ■ ■
■ · ■ ■ 3 ■ ■ ■ ■ · ■ ■ · ■ 1 ■ 1 ■ ■ ·
2 ■ ■ 3 ■ ■ · 2 ■ ■ · ■ ■ 2 ■ 4 ■ ■ 1 ■
■ · ■ ■ ■ 2 ■ ■ ■ 1 ■ 4 ■ ■ · ■ · ■ ■ ·
4 ■ · · ■ · ■ · 4 ■ · ■ ■ · ■ · ■ ■ 2 ■
■ · ■ ■ 5 ■ 2 ■ ■ · ■ ■ · ■ 1 ■ 2 ■ ■ ·
■ ■ 3 ■ ■ ■ ■ ■ · ■ ■ 2 ■ 1 ■ · ■ ■ · ■
2 ■ ■ · ■ · ■ 2 ■ ■ · ■ ■ ■ 3 ■ ■ 2 ■ 2
■ · ■ ■ ■ ■ · ■ ■ 1 ■ ■ 1 ■ ■ ■ · ■ · ■
· ■ · ■ · · ■ ■ · ■ 1 ■ ■ ■ · · ■ · ■ ·
1 ■ 2 ■ ■ 2 ■ 1 ■ 4 ■ ■ 1 ■ 4 ■ 3 · ■ 2
■ · ■ ■ · ■ ■ ■ · ■ · ■ ■ · ■ · ■ ■ · ■
6 ■ 1 ■ ■ ■ 1 ■ ■ · ■ 8 ■ ■ · ■ ■ · ■ ·
■ · ■ 3 · ■ ■ ■ · ■ 3 ■ · ■ ■ ■ 3 ■ 1 ■
· ■ 1 ■ ■ 1 ■ 5 ■ · ■ · · ■ 1 ■ ■ · ■ ·
■ · ■ 3 · ■ · ■ · ■ · ■ ■ · ■ 5 · ■ 1 ■
· ■ · ■ ■ 1 ■ ■ 2 ■ ■ · ■ ■ · ■ ■ · ■ ■
■ · ■ · ■ ■ 2 · ■ ■ 1 ■ · ■ ■ ■ · ■ · 2
1 ■ 1 ■ 3 · ■ ■ ■ 1 ■ 5 ■ ■ 4 ■ · ■ ■ ■
■ · ■ ■ · ■ ■ 1 ■ ■ · ■ ■ · ■ · ■ ■ 2 ·
2 ■ ■ 1 ■ ■ · ■ 4 ■ ■ · ■ · ■ ■ ■ · ■ ■
■ · ■ ■ 3 ■ ■ ■ ■ · ■ ■ · ■ 1 ■ 1 ■ ■ ·
2 ■ ■ 3 ■ ■ · 2 ■ ■ · ■ ■ 2 ■ 4 ■ ■ 1 ■
■ · ■ ■ ■ 2 ■ ■ ■ 1 ■ 4 ■ ■ · ■ · ■ ■ ·
4 ■ · · ■ · ■ · 4 ■ · ■ ■ · ■ · ■ ■ 2 ■
■ · ■ ■ 5 ■ 2 ■ ■ · ■ ■ · ■ 1 ■ 2 ■ ■ ·
■ ■ 3 ■ ■ ■ ■ ■ · ■ ■ 2 ■ 1 ■ · ■ ■ · ■
2 ■ ■ · ■ · ■ 2 ■ ■ · ■ ■ ■ 3 ■ ■ 2 ■ 2
■ · ■ ■ ■ ■ · ■ ■ 1 ■ ■ 1 ■ ■ ■ · ■ · ■
· ■ · ■ · · ■ ■ · ■ 1 ■ ■ ■ · · ■ · ■ ·
1 ■ 2 ■ ■ 2 ■ 1 ■ 4 ■ ■ 1 ■ 4 ■ 3 · ■ 2
■ · ■ ■ · ■ ■ ■ · ■ · ■ ■ · ■ · ■ ■ · ■
6 ■ 1 ■ ■ ■ 1 ■ ■ · ■ 8 ■ ■ · ■ ■ · ■ ·
■ · ■ 3 · ■ ■ ■ · ■ 3 ■ · ■ ■ ■ 3 ■ 1 ■
· ■ 1 ■ ■ 1 ■ 5 ■ · ■ · · ■ 1 ■ ■ · ■ ·
■ · ■ 3 · ■ · ■ · ■ · ■ ■ · ■ 5 · ■ 1 ■
· ■ · ■ ■ 1 ■ ■ 2 ■ ■ · ■ ■ · ■ ■ · ■ ■
■ · ■ · ■ ■ 2 · ■ ■ 1 ■ · ■ ■ ■ · ■ · 2
1 ■ 1 ■ 3 · ■ ■ ■ 1 ■ 5 ■ ■ 4 ■ · ■ ■ ■
■ · ■ ■ · ■ ■ 1 ■ ■ · ■ ■ · ■ · ■ ■ 2 ·
2 ■ ■ 1 ■ ■ · ■ 4 ■ ■ · ■ · ■ ■ ■ · ■ ■
■ · ■ ■ 3 ■ ■ ■ ■ · ■ ■ · ■ 1 ■ 1 ■ ■ ·
2 ■ ■ 3 ■ ■ · 2 ■ ■ · ■ ■ 2 ■ 4 ■ ■ 1 ■
■ · ■ ■ ■ 2 ■ ■ ■ 1 ■ 4 ■ ■ · ■ · ■ ■ ·
4 ■ · · ■ · ■ · 4 ■ · ■ ■ · ■ · ■ ■ 2 ■
■ · ■ ■ 5 ■ 2 ■ ■ · ■ ■ · ■ 1 ■ 2 ■ ■ ·
■ ■ 3 ■ ■ ■ ■ ■ · ■ ■ 2 ■ 1 ■ · ■ ■ · ■
2 ■ ■ · ■ · ■ 2 ■ ■ · ■ ■ ■ 3 ■ ■ 2 ■ 2
■ · ■ ■ ■ ■ · ■ ■ 1 ■ ■ 1 ■ ■ ■ · ■ · ■
· ■ · ■ · · ■ ■ · ■ 1 ■ ■ ■ · · ■ · ■ ·
1 ■ 2 ■ ■ 2 ■ 1 ■ 4 ■ ■ 1 ■ 4 ■ 3 · ■ 2
■ · ■ ■ · ■ ■ ■ · ■ · ■ ■ · ■ · ■ ■ · ■
6 ■ 1 ■ ■ ■ 1 ■ ■ · ■ 8 ■ ■ · ■ ■ · ■ ·
■ · ■ 3 · ■ ■ ■ · ■ 3 ■ · ■ ■ ■ 3 ■ 1 ■
· ■ 1 ■ ■ 1 ■ 5 ■ · ■ · · ■ 1 ■ ■ · ■ ·
■ · ■ 3 · ■ · ■ · ■ · ■ ■ · ■ 5 · ■ 1 ■
· ■ · ■ ■ 1 ■ ■ 2 ■ ■ · ■ ■ · ■ ■ · ■ ■
■ · ■ · ■ ■ 2 · ■ ■ 1 ■ · ■ ■ ■ · ■ · 2
1 ■ 1 ■ 3 · ■ ■ ■ 1 ■ 5 ■ ■ 4 ■ · ■ ■ ■
■ · ■ ■ · ■ ■ 1 ■ ■ · ■ ■ · ■ · ■ ■ 2 ·
2 ■ ■ 1 ■ ■ · ■ 4 ■ ■ · ■ · ■ ■ ■ · ■ ■
■ · ■ ■ 3 ■ ■ ■ ■ · ■ ■ · ■ 1 ■ 1 ■ ■ ·
2 ■ ■ 3 ■ ■ · 2 ■ ■ · ■ ■ 2 ■ 4 ■ ■ 1 ■
■ · ■ ■ ■ 2 ■ ■ ■ 1 ■ 4 ■ ■ · ■ · ■ ■ ·
4 ■ · · ■ · ■ · 4 ■ · ■ ■ · ■ · ■ ■ 2 ■
■ · ■ ■ 5 ■ 2 ■ ■ · ■ ■ · ■ 1 ■ 2 ■ ■ ·
■ ■ 3 ■ ■ ■ ■ ■ · ■ ■ 2 ■ 1 ■ · ■ ■ · ■
2 ■ ■ · ■ · ■ 2 ■ ■ · ■ ■ ■ 3 ■ ■ 2 ■ 2
■ · ■ ■ ■ ■ · ■ ■ 1 ■ ■ 1 ■ ■ ■ · ■ · ■
· ■ · ■ · · ■ ■ · ■ 1 ■ ■ ■ · · ■ · ■ ·
1 ■ 2 ■ ■ 2 ■ 1 ■ 4 ■ ■ 1 ■ 4 ■ 3 · ■ 2
■ · ■ ■ · ■ ■ ■ · ■ · ■ ■ · ■ · ■ ■ · ■
6 ■ 1 ■ ■ ■ 1 ■ ■ · ■ 8 ■ ■ · ■ ■ · ■ ·
■ · ■ 3 · ■ ■ ■ · ■ 3 ■ · ■ ■ ■ 3 ■ 1 ■
· ■ 1 ■ ■ 1 ■ 5 ■ · ■ · · ■ 1 ■ ■ · ■ ·
■ · ■ 3 · ■ · ■ · ■ · ■ ■ · ■ 5 · ■ 1 ■
· ■ · ■ ■ 1 ■ ■ 2 ■ ■ · ■ ■ · ■ ■ · ■ ■
■ · ■ · ■ ■ 2 · ■ ■ 1 ■ · ■ ■ ■ · ■ · 2
1 ■ 1 ■ 3 · ■ ■ ■ 1 ■ 5 ■ ■ 4 ■ · ■ ■ ■
■ · ■ ■ · ■ ■ 1 ■ ■ · ■ ■ · ■ · ■ ■ 2 ·
2 ■ ■ 1 ■ ■ · ■ 4 ■ ■ · ■ · ■ ■ ■ · ■ ■
■ · ■ ■ 3 ■ ■ ■ ■ · ■ ■ · ■ 1 ■ 1 ■ ■ ·
2 ■ ■ 3 ■ ■ · 2 ■ ■ · ■ ■ 2 ■ 4 ■ ■ 1 ■
■ · ■ ■ ■ 2 ■ ■ ■ 1 ■ 4 ■ ■ · ■ · ■ ■ ·
4 ■ · · ■ · ■ · 4 ■ · ■ ■ · ■ · ■ ■ 2 ■
■ · ■ ■ 5 ■ 2 ■ ■ · ■ ■ · ■ 1 ■ 2 ■ ■ ·
■ ■ 3 ■ ■ ■ ■ ■ · ■ ■ 2 ■ 1 ■ · ■ ■ · ■
2 ■ ■ · ■ · ■ 2 ■ ■ · ■ ■ ■ 3 ■ ■ 2 ■ 2
■ · ■ ■ ■ ■ · ■ ■ 1 ■ ■ 1 ■ ■ ■ · ■ · ■
· ■ · ■ · · ■ ■ · ■ 1 ■ ■ ■ · · ■ · ■ ·
1 ■ 2 ■ ■ 2 ■ 1 ■ 4 ■ ■ 1 ■ 4 ■ 3 · ■ 2
■ · ■ ■ · ■ ■ ■ · ■ · ■ ■ · ■ · ■ ■ · ■
6 ■ 1 ■ ■ ■ 1 ■ ■ · ■ 8 ■ ■ · ■ ■ · ■ ·
■ · ■ 3 · ■ ■ ■ · ■ 3 ■ · ■ ■ ■ 3 ■ 1 ■
· ■ 1 ■ ■ 1 ■ 5 ■ · ■ · · ■ 1 ■ ■ · ■ ·
■ · ■ 3 · ■ · ■ · ■ · ■ ■ · ■ 5 · ■ 1 ■
· ■ · ■ ■ 1 ■ ■ 2 ■ ■ · ■ ■ · ■ ■ · ■ ■
■ · ■ · ■ ■ 2 · ■ ■ 1 ■ · ■ ■ ■ · ■ · 2
1 ■ 1 ■ 3 · ■ ■ ■ 1 ■ 5 ■ ■ 4 ■ · ■ ■ ■
■ · ■ ■ · ■ ■ 1 ■ ■ · ■ ■ · ■ · ■ ■ 2 ·
2 ■ ■ 1 ■ ■ · ■ 4 ■ ■ · ■ · ■ ■ ■ · ■ ■
■ · ■ ■ 3 ■ ■ ■ ■ · ■ ■ · ■ 1 ■ 1 ■ ■ ·
2 ■ ■ 3 ■ ■ · 2 ■ ■ · ■ ■ 2 ■ 4 ■ ■ 1 ■
■ · ■ ■ ■ 2 ■ ■ ■ 1 ■ 4 ■ ■ · ■ · ■ ■ ·
4 ■ · · ■ · ■ · 4 ■ · ■ ■ · ■ · ■ ■ 2 ■
■ · ■ ■ 5 ■ 2 ■ ■ · ■ ■ · ■ 1 ■ 2 ■ ■ ·
■ ■ 3 ■ ■ ■ ■ ■ · ■ ■ 2 ■ 1 ■ · ■ ■ · ■
2 ■ ■ · ■ · ■ 2 ■ ■ · ■ ■ ■ 3 ■ ■ 2 ■ 2
■ · ■ ■ ■ ■ · ■ ■ 1 ■ ■ 1 ■ ■ ■ · ■ · ■
· ■ · ■ · · ■ ■ · ■ 1 ■ ■ ■ · · ■ · ■ ·
# Number of solutions found: 10
# CPU time: 15.1 s
================================= 24 =================================
# Encoding time: 0.1849 s
1 ■ ■ · ■ 1 ■ ■ ■ 1
■ ■ · ■ ■ ■ ■ 1 ■ ■
■ 1 ■ ■ · ■ 1 ■ · ■
■ ■ ■ · ■ ■ ■ · ■ ■
1 ■ 1 ■ ■ · ■ ■ · ■
■ ■ ■ ■ · ■ ■ ? ■ ■
■ · ■ · ■ ■ 1 ■ 1 ■
■ ■ ■ ■ ■ 1 ■ ■ ■ ■
1 ■ ■ · ■ 1 ■ ■ ■ 1
■ ■ · ■ ■ ■ ■ 1 ■ ■
■ 1 ■ ■ · ■ 1 ■ · ■
■ ■ ■ · ■ ■ ■ · ■ ■
1 ■ 1 ■ ■ · ■ ■ · ■
■ ■ ■ ■ · ■ ■ ? ■ ■
■ · ■ · ■ ■ 1 ■ 1 ■
■ ■ ■ ■ ■ 1 ■ ■ ■ ■
1 ■ ■ · ■ 1 ■ ■ ■ 1
■ ■ · ■ ■ ■ ■ 1 ■ ■
■ 1 ■ ■ · ■ 1 ■ · ■
■ ■ ■ · ■ ■ ■ · ■ ■
1 ■ 1 ■ ■ · ■ ■ · ■
■ ■ ■ ■ · ■ ■ ? ■ ■
■ · ■ · ■ ■ 1 ■ 1 ■
■ ■ ■ ■ ■ 1 ■ ■ ■ ■
1 ■ ■ · ■ 1 ■ ■ ■ 1
■ ■ · ■ ■ ■ ■ 1 ■ ■
■ 1 ■ ■ · ■ 1 ■ · ■
■ ■ ■ · ■ ■ ■ · ■ ■
1 ■ 1 ■ ■ · ■ ■ · ■
■ ■ ■ ■ · ■ ■ ? ■ ■
■ · ■ · ■ ■ 1 ■ 1 ■
■ ■ ■ ■ ■ 1 ■ ■ ■ ■
1 ■ ■ · ■ 1 ■ ■ ■ 1
■ ■ · ■ ■ ■ ■ 1 ■ ■
■ 1 ■ ■ · ■ 1 ■ · ■
■ ■ ■ · ■ ■ ■ · ■ ■
1 ■ 1 ■ ■ · ■ ■ · ■
■ ■ ■ ■ · ■ ■ ? ■ ■
■ · ■ · ■ ■ 1 ■ 1 ■
■ ■ ■ ■ ■ 1 ■ ■ ■ ■
1 ■ ■ · ■ 1 ■ ■ ■ 1
■ ■ · ■ ■ ■ ■ 1 ■ ■
■ 1 ■ ■ · ■ 1 ■ · ■
■ ■ ■ · ■ ■ ■ · ■ ■
1 ■ 1 ■ ■ · ■ ■ · ■
■ ■ ■ ■ · ■ ■ ? ■ ■
■ · ■ · ■ ■ 1 ■ 1 ■
■ ■ ■ ■ ■ 1 ■ ■ ■ ■
1 ■ ■ · ■ 1 ■ ■ ■ 1
■ ■ · ■ ■ ■ ■ 1 ■ ■
■ 1 ■ ■ · ■ 1 ■ · ■
■ ■ ■ · ■ ■ ■ · ■ ■
1 ■ 1 ■ ■ · ■ ■ · ■
■ ■ ■ ■ · ■ ■ ? ■ ■
■ · ■ · ■ ■ 1 ■ 1 ■
■ ■ ■ ■ ■ 1 ■ ■ ■ ■
1 ■ ■ · ■ 1 ■ ■ ■ 1
■ ■ · ■ ■ ■ ■ 1 ■ ■
■ 1 ■ ■ · ■ 1 ■ · ■
■ ■ ■ · ■ ■ ■ · ■ ■
1 ■ 1 ■ ■ · ■ ■ · ■
■ ■ ■ ■ · ■ ■ ? ■ ■
■ · ■ · ■ ■ 1 ■ 1 ■
■ ■ ■ ■ ■ 1 ■ ■ ■ ■
1 ■ ■ · ■ 1 ■ ■ ■ 1
■ ■ · ■ ■ ■ ■ 1 ■ ■
■ 1 ■ ■ · ■ 1 ■ · ■
■ ■ ■ · ■ ■ ■ · ■ ■
1 ■ 1 ■ ■ · ■ ■ · ■
■ ■ ■ ■ · ■ ■ ? ■ ■
■ · ■ · ■ ■ 1 ■ 1 ■
■ ■ ■ ■ ■ 1 ■ ■ ■ ■
1 ■ ■ · ■ 1 ■ ■ ■ 1
■ ■ · ■ ■ ■ ■ 1 ■ ■
■ 1 ■ ■ · ■ 1 ■ · ■
■ ■ ■ · ■ ■ ■ · ■ ■
1 ■ 1 ■ ■ · ■ ■ · ■
■ ■ ■ ■ · ■ ■ ? ■ ■
■ · ■ · ■ ■ 1 ■ 1 ■
■ ■ ■ ■ ■ 1 ■ ■ ■ ■
# Number of solutions found: 10
# CPU time: 0.2098 s
================================= 25 =================================
# Encoding time: 0.1916 s
3 ■ 7 ■ 5 ■ 2 ■ · ■ ■ · ■ ■ · ·
■ · ■ · ■ · ■ · ■ · 8 ■ ■ · ■ ■
■ ■ ■ ■ ■ ■ ■ · ■ · · ■ · ■ · ■
· ■ · ■ · ■ · ■ ■ · ■ · ■ · ■ ·
■ ■ ■ · ■ ? ■ ■ · ■ · ■ · ■ · ■
· · ■ ■ · ■ · · ■ 3 ■ 7 ■ 5 ■ 2
3 ■ 7 ■ 5 ■ 2 ■ · ■ ■ · ■ ■ · ·
■ · ■ · ■ · ■ · ■ · 8 ■ ■ · ■ ■
■ ■ ■ ■ ■ ■ ■ · ■ · · ■ · ■ · ■
· ■ · ■ · ■ · ■ ■ · ■ · ■ · ■ ·
■ ■ ■ · ■ ? ■ ■ · ■ · ■ · ■ · ■
· · ■ ■ · ■ · · ■ 3 ■ 7 ■ 5 ■ 2
3 ■ 7 ■ 5 ■ 2 ■ · ■ ■ · ■ ■ · ·
■ · ■ · ■ · ■ · ■ · 8 ■ ■ · ■ ■
■ ■ ■ ■ ■ ■ ■ · ■ · · ■ · ■ · ■
· ■ · ■ · ■ · ■ ■ · ■ · ■ · ■ ·
■ ■ ■ · ■ ? ■ ■ · ■ · ■ · ■ · ■
· · ■ ■ · ■ · · ■ 3 ■ 7 ■ 5 ■ 2
3 ■ 7 ■ 5 ■ 2 ■ · ■ ■ · ■ ■ · ·
■ · ■ · ■ · ■ · ■ · 8 ■ ■ · ■ ■
■ ■ ■ ■ ■ ■ ■ · ■ · · ■ · ■ · ■
· ■ · ■ · ■ · ■ ■ · ■ · ■ · ■ ·
■ ■ ■ · ■ ? ■ ■ · ■ · ■ · ■ · ■
· · ■ ■ · ■ · · ■ 3 ■ 7 ■ 5 ■ 2
3 ■ 7 ■ 5 ■ 2 ■ · ■ ■ · ■ ■ · ·
■ · ■ · ■ · ■ · ■ · 8 ■ ■ · ■ ■
■ ■ ■ ■ ■ ■ ■ · ■ · · ■ · ■ · ■
· ■ · ■ · ■ · ■ ■ · ■ · ■ · ■ ·
■ ■ ■ · ■ ? ■ ■ · ■ · ■ · ■ · ■
· · ■ ■ · ■ · · ■ 3 ■ 7 ■ 5 ■ 2
3 ■ 7 ■ 5 ■ 2 ■ · ■ ■ · ■ ■ · ·
■ · ■ · ■ · ■ · ■ · 8 ■ ■ · ■ ■
■ ■ ■ ■ ■ ■ ■ · ■ · · ■ · ■ · ■
· ■ · ■ · ■ · ■ ■ · ■ · ■ · ■ ·
■ ■ ■ · ■ ? ■ ■ · ■ · ■ · ■ · ■
· · ■ ■ · ■ · · ■ 3 ■ 7 ■ 5 ■ 2
3 ■ 7 ■ 5 ■ 2 ■ · ■ ■ · ■ ■ · ·
■ · ■ · ■ · ■ · ■ · 8 ■ ■ · ■ ■
■ ■ ■ ■ ■ ■ ■ · ■ · · ■ · ■ · ■
· ■ · ■ · ■ · ■ ■ · ■ · ■ · ■ ·
■ ■ ■ · ■ ? ■ ■ · ■ · ■ · ■ · ■
· · ■ ■ · ■ · · ■ 3 ■ 7 ■ 5 ■ 2
3 ■ 7 ■ 5 ■ 2 ■ · ■ ■ · ■ ■ · ·
■ · ■ · ■ · ■ · ■ · 8 ■ ■ · ■ ■
■ ■ ■ ■ ■ ■ ■ · ■ · · ■ · ■ · ■
· ■ · ■ · ■ · ■ ■ · ■ · ■ · ■ ·
■ ■ ■ · ■ ? ■ ■ · ■ · ■ · ■ · ■
· · ■ ■ · ■ · · ■ 3 ■ 7 ■ 5 ■ 2
3 ■ 7 ■ 5 ■ 2 ■ · ■ ■ · ■ ■ · ·
■ · ■ · ■ · ■ · ■ · 8 ■ ■ · ■ ■
■ ■ ■ ■ ■ ■ ■ · ■ · · ■ · ■ · ■
· ■ · ■ · ■ · ■ ■ · ■ · ■ · ■ ·
■ ■ ■ · ■ ? ■ ■ · ■ · ■ · ■ · ■
· · ■ ■ · ■ · · ■ 3 ■ 7 ■ 5 ■ 2
3 ■ 7 ■ 5 ■ 2 ■ · ■ ■ · ■ ■ · ·
■ · ■ · ■ · ■ · ■ · 8 ■ ■ · ■ ■
■ ■ ■ ■ ■ ■ ■ · ■ · · ■ · ■ · ■
· ■ · ■ · ■ · ■ ■ · ■ · ■ · ■ ·
■ ■ ■ · ■ ? ■ ■ · ■ · ■ · ■ · ■
· · ■ ■ · ■ · · ■ 3 ■ 7 ■ 5 ■ 2
# Number of solutions found: 10
# CPU time: 0.2806 s
================================= 26 =================================
# Encoding time: 0.1945 s
■ · ■ ■ 4 ■ · ■ · E
· ■ · · ■ 5 ■ · ■ ·
· · ■ ■ 2 ■ · ■ · ■
■ ■ · ■ ■ 1 ■ ■ ■ ·
· ■ ■ ■ ? ■ ■ · ■ ■
· ■ · · ■ 3 ■ ■ · ■
■ · ■ ■ 2 ■ · ■ ■ ·
■ ■ · ■ ■ 2 ■ · ■ ■
· ■ ■ ■ 1 ■ · ■ · ·
■ · · ■ ■ · ■ ■ ■ ■
■ · ■ ■ 4 ■ · ■ · E
· ■ · · ■ 5 ■ · ■ ·
· · ■ ■ 2 ■ · ■ · ■
■ ■ · ■ ■ 1 ■ ■ ■ ·
· ■ ■ ■ ? ■ ■ · ■ ■
· ■ · · ■ 3 ■ ■ · ■
■ · ■ ■ 2 ■ · ■ ■ ·
■ ■ · ■ ■ 2 ■ · ■ ■
· ■ ■ ■ 1 ■ · ■ · ·
■ · · ■ ■ · ■ ■ ■ ■
■ · ■ ■ 4 ■ · ■ · E
· ■ · · ■ 5 ■ · ■ ·
· · ■ ■ 2 ■ · ■ · ■
■ ■ · ■ ■ 1 ■ ■ ■ ·
· ■ ■ ■ ? ■ ■ · ■ ■
· ■ · · ■ 3 ■ ■ · ■
■ · ■ ■ 2 ■ · ■ ■ ·
■ ■ · ■ ■ 2 ■ · ■ ■
· ■ ■ ■ 1 ■ · ■ · ·
■ · · ■ ■ · ■ ■ ■ ■
■ · ■ ■ 4 ■ · ■ · E
· ■ · · ■ 5 ■ · ■ ·
· · ■ ■ 2 ■ · ■ · ■
■ ■ · ■ ■ 1 ■ ■ ■ ·
· ■ ■ ■ ? ■ ■ · ■ ■
· ■ · · ■ 3 ■ ■ · ■
■ · ■ ■ 2 ■ · ■ ■ ·
■ ■ · ■ ■ 2 ■ · ■ ■
· ■ ■ ■ 1 ■ · ■ · ·
■ · · ■ ■ · ■ ■ ■ ■
■ · ■ ■ 4 ■ · ■ · E
· ■ · · ■ 5 ■ · ■ ·
· · ■ ■ 2 ■ · ■ · ■
■ ■ · ■ ■ 1 ■ ■ ■ ·
· ■ ■ ■ ? ■ ■ · ■ ■
· ■ · · ■ 3 ■ ■ · ■
■ · ■ ■ 2 ■ · ■ ■ ·
■ ■ · ■ ■ 2 ■ · ■ ■
· ■ ■ ■ 1 ■ · ■ · ·
■ · · ■ ■ · ■ ■ ■ ■
■ · ■ ■ 4 ■ · ■ · E
· ■ · · ■ 5 ■ · ■ ·
· · ■ ■ 2 ■ · ■ · ■
■ ■ · ■ ■ 1 ■ ■ ■ ·
· ■ ■ ■ ? ■ ■ · ■ ■
· ■ · · ■ 3 ■ ■ · ■
■ · ■ ■ 2 ■ · ■ ■ ·
■ ■ · ■ ■ 2 ■ · ■ ■
· ■ ■ ■ 1 ■ · ■ · ·
■ · · ■ ■ · ■ ■ ■ ■
■ · ■ ■ 4 ■ · ■ · E
· ■ · · ■ 5 ■ · ■ ·
· · ■ ■ 2 ■ · ■ · ■
■ ■ · ■ ■ 1 ■ ■ ■ ·
· ■ ■ ■ ? ■ ■ · ■ ■
· ■ · · ■ 3 ■ ■ · ■
■ · ■ ■ 2 ■ · ■ ■ ·
■ ■ · ■ ■ 2 ■ · ■ ■
· ■ ■ ■ 1 ■ · ■ · ·
■ · · ■ ■ · ■ ■ ■ ■
■ · ■ ■ 4 ■ · ■ · E
· ■ · · ■ 5 ■ · ■ ·
· · ■ ■ 2 ■ · ■ · ■
■ ■ · ■ ■ 1 ■ ■ ■ ·
· ■ ■ ■ ? ■ ■ · ■ ■
· ■ · · ■ 3 ■ ■ · ■
■ · ■ ■ 2 ■ · ■ ■ ·
■ ■ · ■ ■ 2 ■ · ■ ■
· ■ ■ ■ 1 ■ · ■ · ·
■ · · ■ ■ · ■ ■ ■ ■
■ · ■ ■ 4 ■ · ■ · E
· ■ · · ■ 5 ■ · ■ ·
· · ■ ■ 2 ■ · ■ · ■
■ ■ · ■ ■ 1 ■ ■ ■ ·
· ■ ■ ■ ? ■ ■ · ■ ■
· ■ · · ■ 3 ■ ■ · ■
■ · ■ ■ 2 ■ · ■ ■ ·
■ ■ · ■ ■ 2 ■ · ■ ■
· ■ ■ ■ 1 ■ · ■ · ·
■ · · ■ ■ · ■ ■ ■ ■
■ · ■ ■ 4 ■ · ■ · E
· ■ · · ■ 5 ■ · ■ ·
· · ■ ■ 2 ■ · ■ · ■
■ ■ · ■ ■ 1 ■ ■ ■ ·
· ■ ■ ■ ? ■ ■ · ■ ■
· ■ · · ■ 3 ■ ■ · ■
■ · ■ ■ 2 ■ · ■ ■ ·
■ ■ · ■ ■ 2 ■ · ■ ■
· ■ ■ ■ 1 ■ · ■ · ·
■ · · ■ ■ · ■ ■ ■ ■
# Number of solutions found: 10
# CPU time: 0.2698 s
================================= 27 =================================
# Encoding time: 0.1399 s
■ · ■ ■ · · · ■ · ■
· ■ A ■ · A ■ · ■ ·
■ · ■ · ■ ■ ■ ■ ■ ■
7 ■ · ■ ■ · ■ · · ·
■ ■ · ■ · ■ 5 ■ ■ ·
5 ■ ■ · ■ · ■ ■ · ·
■ ■ · · ■ ■ ■ · ■ A
■ · ■ ■ ■ · ■ · ■ ■
· ■ ■ 2 ■ ■ · ■ · ·
· · · ■ · · · · · ·
■ · ■ ■ · · · ■ · ■
· ■ A ■ · A ■ · ■ ·
■ · ■ · ■ ■ ■ ■ ■ ■
7 ■ · ■ ■ · ■ · · ·
■ ■ · ■ · ■ 5 ■ ■ ·
5 ■ ■ · ■ · ■ ■ · ·
■ ■ · · ■ ■ ■ · ■ A
■ · ■ ■ ■ · ■ · ■ ■
· ■ ■ 2 ■ ■ · ■ · ·
· · · ■ · · · · · ·
■ · ■ ■ · · · ■ · ■
· ■ A ■ · A ■ · ■ ·
■ · ■ · ■ ■ ■ ■ ■ ■
7 ■ · ■ ■ · ■ · · ·
■ ■ · ■ · ■ 5 ■ ■ ·
5 ■ ■ · ■ · ■ ■ · ·
■ ■ · · ■ ■ ■ · ■ A
■ · ■ ■ ■ · ■ · ■ ■
· ■ ■ 2 ■ ■ · ■ · ·
· · · ■ · · · · · ·
■ · ■ ■ · · · ■ · ■
· ■ A ■ · A ■ · ■ ·
■ · ■ · ■ ■ ■ ■ ■ ■
7 ■ · ■ ■ · ■ · · ·
■ ■ · ■ · ■ 5 ■ ■ ·
5 ■ ■ · ■ · ■ ■ · ·
■ ■ · · ■ ■ ■ · ■ A
■ · ■ ■ ■ · ■ · ■ ■
· ■ ■ 2 ■ ■ · ■ · ·
· · · ■ · · · · · ·
■ · ■ ■ · · · ■ · ■
· ■ A ■ · A ■ · ■ ·
■ · ■ · ■ ■ ■ ■ ■ ■
7 ■ · ■ ■ · ■ · · ·
■ ■ · ■ · ■ 5 ■ ■ ·
5 ■ ■ · ■ · ■ ■ · ·
■ ■ · · ■ ■ ■ · ■ A
■ · ■ ■ ■ · ■ · ■ ■
· ■ ■ 2 ■ ■ · ■ · ·
· · · ■ · · · · · ·
■ · ■ ■ · · · ■ · ■
· ■ A ■ · A ■ · ■ ·
■ · ■ · ■ ■ ■ ■ ■ ■
7 ■ · ■ ■ · ■ · · ·
■ ■ · ■ · ■ 5 ■ ■ ·
5 ■ ■ · ■ · ■ ■ · ·
■ ■ · · ■ ■ ■ · ■ A
■ · ■ ■ ■ · ■ · ■ ■
· ■ ■ 2 ■ ■ · ■ · ·
· · · ■ · · · · · ·
■ · ■ ■ · · · ■ · ■
· ■ A ■ · A ■ · ■ ·
■ · ■ · ■ ■ ■ ■ ■ ■
7 ■ · ■ ■ · ■ · · ·
■ ■ · ■ · ■ 5 ■ ■ ·
5 ■ ■ · ■ · ■ ■ · ·
■ ■ · · ■ ■ ■ · ■ A
■ · ■ ■ ■ · ■ · ■ ■
· ■ ■ 2 ■ ■ · ■ · ·
· · · ■ · · · · · ·
■ · ■ ■ · · · ■ · ■
· ■ A ■ · A ■ · ■ ·
■ · ■ · ■ ■ ■ ■ ■ ■
7 ■ · ■ ■ · ■ · · ·
■ ■ · ■ · ■ 5 ■ ■ ·
5 ■ ■ · ■ · ■ ■ · ·
■ ■ · · ■ ■ ■ · ■ A
■ · ■ ■ ■ · ■ · ■ ■
· ■ ■ 2 ■ ■ · ■ · ·
· · · ■ · · · · · ·
■ · ■ ■ · · · ■ · ■
· ■ A ■ · A ■ · ■ ·
■ · ■ · ■ ■ ■ ■ ■ ■
7 ■ · ■ ■ · ■ · · ·
■ ■ · ■ · ■ 5 ■ ■ ·
5 ■ ■ · ■ · ■ ■ · ·
■ ■ · · ■ ■ ■ · ■ A
■ · ■ ■ ■ · ■ · ■ ■
· ■ ■ 2 ■ ■ · ■ · ·
· · · ■ · · · · · ·
■ · ■ ■ · · · ■ · ■
· ■ A ■ · A ■ · ■ ·
■ · ■ · ■ ■ ■ ■ ■ ■
7 ■ · ■ ■ · ■ · · ·
■ ■ · ■ · ■ 5 ■ ■ ·
5 ■ ■ · ■ · ■ ■ · ·
■ ■ · · ■ ■ ■ · ■ A
■ · ■ ■ ■ · ■ · ■ ■
· ■ ■ 2 ■ ■ · ■ · ·
· · · ■ · · · · · ·
# Number of solutions found: 10
# CPU time: 0.2404 s
================================= 28 =================================
# Encoding time: 0.1959 s
· ■ · ■ · ■ · ■ · ·
■ 7 ■ · ■ ■ ■ 5 ■ ■
· ■ 6 ■ · ■ · ■ 4 ■
■ · ■ · ■ · ■ · ■ ·
· ■ · ■ 4 ■ ■ · ■ ·
■ · ■ · ■ 3 ■ ■ ■ ■
· ■ · ■ ■ ■ · ■ · ■
■ 2 ■ · · ■ ■ 5 ■ ·
· ■ 3 ■ ■ · · ■ 6 ■
■ · ■ ■ · ■ ■ · ■ ·
· ■ · ■ · ■ · ■ · ·
■ 7 ■ · ■ ■ ■ 5 ■ ■
· ■ 6 ■ · ■ · ■ 4 ■
■ · ■ · ■ · ■ · ■ ·
· ■ · ■ 4 ■ ■ · ■ ·
■ · ■ · ■ 3 ■ ■ ■ ■
· ■ · ■ ■ ■ · ■ · ■
■ 2 ■ · · ■ ■ 5 ■ ·
· ■ 3 ■ ■ · · ■ 6 ■
■ · ■ ■ · ■ ■ · ■ ·
· ■ · ■ · ■ · ■ · ·
■ 7 ■ · ■ ■ ■ 5 ■ ■
· ■ 6 ■ · ■ · ■ 4 ■
■ · ■ · ■ · ■ · ■ ·
· ■ · ■ 4 ■ ■ · ■ ·
■ · ■ · ■ 3 ■ ■ ■ ■
· ■ · ■ ■ ■ · ■ · ■
■ 2 ■ · · ■ ■ 5 ■ ·
· ■ 3 ■ ■ · · ■ 6 ■
■ · ■ ■ · ■ ■ · ■ ·
· ■ · ■ · ■ · ■ · ·
■ 7 ■ · ■ ■ ■ 5 ■ ■
· ■ 6 ■ · ■ · ■ 4 ■
■ · ■ · ■ · ■ · ■ ·
· ■ · ■ 4 ■ ■ · ■ ·
■ · ■ · ■ 3 ■ ■ ■ ■
· ■ · ■ ■ ■ · ■ · ■
■ 2 ■ · · ■ ■ 5 ■ ·
· ■ 3 ■ ■ · · ■ 6 ■
■ · ■ ■ · ■ ■ · ■ ·
· ■ · ■ · ■ · ■ · ·
■ 7 ■ · ■ ■ ■ 5 ■ ■
· ■ 6 ■ · ■ · ■ 4 ■
■ · ■ · ■ · ■ · ■ ·
· ■ · ■ 4 ■ ■ · ■ ·
■ · ■ · ■ 3 ■ ■ ■ ■
· ■ · ■ ■ ■ · ■ · ■
■ 2 ■ · · ■ ■ 5 ■ ·
· ■ 3 ■ ■ · · ■ 6 ■
■ · ■ ■ · ■ ■ · ■ ·
· ■ · ■ · ■ · ■ · ·
■ 7 ■ · ■ ■ ■ 5 ■ ■
· ■ 6 ■ · ■ · ■ 4 ■
■ · ■ · ■ · ■ · ■ ·
· ■ · ■ 4 ■ ■ · ■ ·
■ · ■ · ■ 3 ■ ■ ■ ■
· ■ · ■ ■ ■ · ■ · ■
■ 2 ■ · · ■ ■ 5 ■ ·
· ■ 3 ■ ■ · · ■ 6 ■
■ · ■ ■ · ■ ■ · ■ ·
· ■ · ■ · ■ · ■ · ·
■ 7 ■ · ■ ■ ■ 5 ■ ■
· ■ 6 ■ · ■ · ■ 4 ■
■ · ■ · ■ · ■ · ■ ·
· ■ · ■ 4 ■ ■ · ■ ·
■ · ■ · ■ 3 ■ ■ ■ ■
· ■ · ■ ■ ■ · ■ · ■
■ 2 ■ · · ■ ■ 5 ■ ·
· ■ 3 ■ ■ · · ■ 6 ■
■ · ■ ■ · ■ ■ · ■ ·
· ■ · ■ · ■ · ■ · ·
■ 7 ■ · ■ ■ ■ 5 ■ ■
· ■ 6 ■ · ■ · ■ 4 ■
■ · ■ · ■ · ■ · ■ ·
· ■ · ■ 4 ■ ■ · ■ ·
■ · ■ · ■ 3 ■ ■ ■ ■
· ■ · ■ ■ ■ · ■ · ■
■ 2 ■ · · ■ ■ 5 ■ ·
· ■ 3 ■ ■ · · ■ 6 ■
■ · ■ ■ · ■ ■ · ■ ·
· ■ · ■ · ■ · ■ · ·
■ 7 ■ · ■ ■ ■ 5 ■ ■
· ■ 6 ■ · ■ · ■ 4 ■
■ · ■ · ■ · ■ · ■ ·
· ■ · ■ 4 ■ ■ · ■ ·
■ · ■ · ■ 3 ■ ■ ■ ■
· ■ · ■ ■ ■ · ■ · ■
■ 2 ■ · · ■ ■ 5 ■ ·
· ■ 3 ■ ■ · · ■ 6 ■
■ · ■ ■ · ■ ■ · ■ ·
· ■ · ■ · ■ · ■ · ·
■ 7 ■ · ■ ■ ■ 5 ■ ■
· ■ 6 ■ · ■ · ■ 4 ■
■ · ■ · ■ · ■ · ■ ·
· ■ · ■ 4 ■ ■ · ■ ·
■ · ■ · ■ 3 ■ ■ ■ ■
· ■ · ■ ■ ■ · ■ · ■
■ 2 ■ · · ■ ■ 5 ■ ·
· ■ 3 ■ ■ · · ■ 6 ■
■ · ■ ■ · ■ ■ · ■ ·
# Number of solutions found: 10
# CPU time: 0.3028 s
================================= 29 =================================
# Encoding time: 0.4639 s
· ■ · · ■ ■ · · · ■ · ■
■ 6 ■ ■ ■ 3 ■ · ■ 6 ■ ·
· ■ 1 ■ · ■ 8 ■ · ■ 3 ■
■ · ■ · ■ · ■ ■ ■ · ■ ·
· ■ · ■ · · ■ · ■ ■ · ■
■ 2 ■ · ■ ■ · ■ ■ 2 ■ ·
· ■ 7 ■ ■ · ■ ■ · ■ 7 ■
■ · ■ ■ · ■ ■ · ■ · ■ ·
· ■ · · ■ ■ · ■ · ■ · ■
■ 4 ■ · ■ 3 ■ · ■ 3 ■ ■
· ■ 4 ■ · ■ 4 ■ ■ ■ 5 ·
· · ■ · ■ · ■ ■ · · ■ ·
· ■ · · ■ ■ · · · ■ · ■
■ 6 ■ ■ ■ 3 ■ · ■ 6 ■ ·
· ■ 1 ■ · ■ 8 ■ · ■ 3 ■
■ · ■ · ■ · ■ ■ ■ · ■ ·
· ■ · ■ · · ■ · ■ ■ · ■
■ 2 ■ · ■ ■ · ■ ■ 2 ■ ·
· ■ 7 ■ ■ · ■ ■ · ■ 7 ■
■ · ■ ■ · ■ ■ · ■ · ■ ·
· ■ · · ■ ■ · ■ · ■ · ■
■ 4 ■ · ■ 3 ■ · ■ 3 ■ ■
· ■ 4 ■ · ■ 4 ■ ■ ■ 5 ·
· · ■ · ■ · ■ ■ · · ■ ·
· ■ · · ■ ■ · · · ■ · ■
■ 6 ■ ■ ■ 3 ■ · ■ 6 ■ ·
· ■ 1 ■ · ■ 8 ■ · ■ 3 ■
■ · ■ · ■ · ■ ■ ■ · ■ ·
· ■ · ■ · · ■ · ■ ■ · ■
■ 2 ■ · ■ ■ · ■ ■ 2 ■ ·
· ■ 7 ■ ■ · ■ ■ · ■ 7 ■
■ · ■ ■ · ■ ■ · ■ · ■ ·
· ■ · · ■ ■ · ■ · ■ · ■
■ 4 ■ · ■ 3 ■ · ■ 3 ■ ■
· ■ 4 ■ · ■ 4 ■ ■ ■ 5 ·
· · ■ · ■ · ■ ■ · · ■ ·
· ■ · · ■ ■ · · · ■ · ■
■ 6 ■ ■ ■ 3 ■ · ■ 6 ■ ·
· ■ 1 ■ · ■ 8 ■ · ■ 3 ■
■ · ■ · ■ · ■ ■ ■ · ■ ·
· ■ · ■ · · ■ · ■ ■ · ■
■ 2 ■ · ■ ■ · ■ ■ 2 ■ ·
· ■ 7 ■ ■ · ■ ■ · ■ 7 ■
■ · ■ ■ · ■ ■ · ■ · ■ ·
· ■ · · ■ ■ · ■ · ■ · ■
■ 4 ■ · ■ 3 ■ · ■ 3 ■ ■
· ■ 4 ■ · ■ 4 ■ ■ ■ 5 ·
· · ■ · ■ · ■ ■ · · ■ ·
· ■ · · ■ ■ · · · ■ · ■
■ 6 ■ ■ ■ 3 ■ · ■ 6 ■ ·
· ■ 1 ■ · ■ 8 ■ · ■ 3 ■
■ · ■ · ■ · ■ ■ ■ · ■ ·
· ■ · ■ · · ■ · ■ ■ · ■
■ 2 ■ · ■ ■ · ■ ■ 2 ■ ·
· ■ 7 ■ ■ · ■ ■ · ■ 7 ■
■ · ■ ■ · ■ ■ · ■ · ■ ·
· ■ · · ■ ■ · ■ · ■ · ■
■ 4 ■ · ■ 3 ■ · ■ 3 ■ ■
· ■ 4 ■ · ■ 4 ■ ■ ■ 5 ·
· · ■ · ■ · ■ ■ · · ■ ·
· ■ · · ■ ■ · · · ■ · ■
■ 6 ■ ■ ■ 3 ■ · ■ 6 ■ ·
· ■ 1 ■ · ■ 8 ■ · ■ 3 ■
■ · ■ · ■ · ■ ■ ■ · ■ ·
· ■ · ■ · · ■ · ■ ■ · ■
■ 2 ■ · ■ ■ · ■ ■ 2 ■ ·
· ■ 7 ■ ■ · ■ ■ · ■ 7 ■
■ · ■ ■ · ■ ■ · ■ · ■ ·
· ■ · · ■ ■ · ■ · ■ · ■
■ 4 ■ · ■ 3 ■ · ■ 3 ■ ■
· ■ 4 ■ · ■ 4 ■ ■ ■ 5 ·
· · ■ · ■ · ■ ■ · · ■ ·
· ■ · · ■ ■ · · · ■ · ■
■ 6 ■ ■ ■ 3 ■ · ■ 6 ■ ·
· ■ 1 ■ · ■ 8 ■ · ■ 3 ■
■ · ■ · ■ · ■ ■ ■ · ■ ·
· ■ · ■ · · ■ · ■ ■ · ■
■ 2 ■ · ■ ■ · ■ ■ 2 ■ ·
· ■ 7 ■ ■ · ■ ■ · ■ 7 ■
■ · ■ ■ · ■ ■ · ■ · ■ ·
· ■ · · ■ ■ · ■ · ■ · ■
■ 4 ■ · ■ 3 ■ · ■ 3 ■ ■
· ■ 4 ■ · ■ 4 ■ ■ ■ 5 ·
· · ■ · ■ · ■ ■ · · ■ ·
· ■ · · ■ ■ · · · ■ · ■
■ 6 ■ ■ ■ 3 ■ · ■ 6 ■ ·
· ■ 1 ■ · ■ 8 ■ · ■ 3 ■
■ · ■ · ■ · ■ ■ ■ · ■ ·
· ■ · ■ · · ■ · ■ ■ · ■
■ 2 ■ · ■ ■ · ■ ■ 2 ■ ·
· ■ 7 ■ ■ · ■ ■ · ■ 7 ■
■ · ■ ■ · ■ ■ · ■ · ■ ·
· ■ · · ■ ■ · ■ · ■ · ■
■ 4 ■ · ■ 3 ■ · ■ 3 ■ ■
· ■ 4 ■ · ■ 4 ■ ■ ■ 5 ·
· · ■ · ■ · ■ ■ · · ■ ·
· ■ · · ■ ■ · · · ■ · ■
■ 6 ■ ■ ■ 3 ■ · ■ 6 ■ ·
· ■ 1 ■ · ■ 8 ■ · ■ 3 ■
■ · ■ · ■ · ■ ■ ■ · ■ ·
· ■ · ■ · · ■ · ■ ■ · ■
■ 2 ■ · ■ ■ · ■ ■ 2 ■ ·
· ■ 7 ■ ■ · ■ ■ · ■ 7 ■
■ · ■ ■ · ■ ■ · ■ · ■ ·
· ■ · · ■ ■ · ■ · ■ · ■
■ 4 ■ · ■ 3 ■ · ■ 3 ■ ■
· ■ 4 ■ · ■ 4 ■ ■ ■ 5 ·
· · ■ · ■ · ■ ■ · · ■ ·
· ■ · · ■ ■ · · · ■ · ■
■ 6 ■ ■ ■ 3 ■ · ■ 6 ■ ·
· ■ 1 ■ · ■ 8 ■ · ■ 3 ■
■ · ■ · ■ · ■ ■ ■ · ■ ·
· ■ · ■ · · ■ · ■ ■ · ■
■ 2 ■ · ■ ■ · ■ ■ 2 ■ ·
· ■ 7 ■ ■ · ■ ■ · ■ 7 ■
■ · ■ ■ · ■ ■ · ■ · ■ ·
· ■ · · ■ ■ · ■ · ■ · ■
■ 4 ■ · ■ 3 ■ · ■ 3 ■ ■
· ■ 4 ■ · ■ 4 ■ ■ ■ 5 ·
· · ■ · ■ · ■ ■ · · ■ ·
# Number of solutions found: 10
# CPU time: 4.064 s
================================= 30 =================================
# Encoding time: 0.215 s
2 ■ 1 ■ 2 ■ 6 ■ · · · · · · ■ 14
■ · ■ · ■ · ■ · · · · · · · · ■
· · · ■ · ■ · ■ · ■ · · · · · ·
· ■ · · ■ · ■ · ■ 1 ■ · ■ · ■ ·
■ · ■ · · ■ · · · ■ · ■ · ■ · ■
1A ■ · · · ■ · · ■ 1 ■ 1 ■ 1 ■ 1
2 ■ 1 ■ 2 ■ 6 ■ · · · · · · ■ 14
■ · ■ · ■ · ■ · · · · · · · · ■
· · · ■ · ■ · ■ · ■ · · · · · ·
· ■ · · ■ · ■ · ■ 1 ■ · ■ · ■ ·
■ · ■ · · ■ · · · ■ · ■ · ■ · ■
1A ■ · · · ■ · · ■ 1 ■ 1 ■ 1 ■ 1
2 ■ 1 ■ 2 ■ 6 ■ · · · · · · ■ 14
■ · ■ · ■ · ■ · · · · · · · · ■
· · · ■ · ■ · ■ · ■ · · · · · ·
· ■ · · ■ · ■ · ■ 1 ■ · ■ · ■ ·
■ · ■ · · ■ · · · ■ · ■ · ■ · ■
1A ■ · · · ■ · · ■ 1 ■ 1 ■ 1 ■ 1
2 ■ 1 ■ 2 ■ 6 ■ · · · · · · ■ 14
■ · ■ · ■ · ■ · · · · · · · · ■
· · · ■ · ■ · ■ · ■ · · · · · ·
· ■ · · ■ · ■ · ■ 1 ■ · ■ · ■ ·
■ · ■ · · ■ · · · ■ · ■ · ■ · ■
1A ■ · · · ■ · · ■ 1 ■ 1 ■ 1 ■ 1
2 ■ 1 ■ 2 ■ 6 ■ · · · · · · ■ 14
■ · ■ · ■ · ■ · · · · · · · · ■
· · · ■ · ■ · ■ · ■ · · · · · ·
· ■ · · ■ · ■ · ■ 1 ■ · ■ · ■ ·
■ · ■ · · ■ · · · ■ · ■ · ■ · ■
1A ■ · · · ■ · · ■ 1 ■ 1 ■ 1 ■ 1
2 ■ 1 ■ 2 ■ 6 ■ · · · · · · ■ 14
■ · ■ · ■ · ■ · · · · · · · · ■
· · · ■ · ■ · ■ · ■ · · · · · ·
· ■ · · ■ · ■ · ■ 1 ■ · ■ · ■ ·
■ · ■ · · ■ · · · ■ · ■ · ■ · ■
1A ■ · · · ■ · · ■ 1 ■ 1 ■ 1 ■ 1
2 ■ 1 ■ 2 ■ 6 ■ · · · · · · ■ 14
■ · ■ · ■ · ■ · · · · · · · · ■
· · · ■ · ■ · ■ · ■ · · · · · ·
· ■ · · ■ · ■ · ■ 1 ■ · ■ · ■ ·
■ · ■ · · ■ · · · ■ · ■ · ■ · ■
1A ■ · · · ■ · · ■ 1 ■ 1 ■ 1 ■ 1
2 ■ 1 ■ 2 ■ 6 ■ · · · · · · ■ 14
■ · ■ · ■ · ■ · · · · · · · · ■
· · · ■ · ■ · ■ · ■ · · · · · ·
· ■ · · ■ · ■ · ■ 1 ■ · ■ · ■ ·
■ · ■ · · ■ · · · ■ · ■ · ■ · ■
1A ■ · · · ■ · · ■ 1 ■ 1 ■ 1 ■ 1
2 ■ 1 ■ 2 ■ 6 ■ · · · · · · ■ 14
■ · ■ · ■ · ■ · · · · · · · · ■
· · · ■ · ■ · ■ · ■ · · · · · ·
· ■ · · ■ · ■ · ■ 1 ■ · ■ · ■ ·
■ · ■ · · ■ · · · ■ · ■ · ■ · ■
1A ■ · · · ■ · · ■ 1 ■ 1 ■ 1 ■ 1
2 ■ 1 ■ 2 ■ 6 ■ · · · · · · ■ 14
■ · ■ · ■ · ■ · · · · · · · · ■
· · · ■ · ■ · ■ · ■ · · · · · ·
· ■ · · ■ · ■ · ■ 1 ■ · ■ · ■ ·
■ · ■ · · ■ · · · ■ · ■ · ■ · ■
1A ■ · · · ■ · · ■ 1 ■ 1 ■ 1 ■ 1
# Number of solutions found: 10
# CPU time: 0.3345 s
================================= 31 =================================
# Encoding time: 0.2419 s
2 ■ · · ■ · · ■ ■ 1
■ · ■ ■ · ■ ■ ■ · ■
· ■ 2 ■ ■ · ■ 1 ■ ·
· ■ ■ 2 · ■ · ■ · ■
■ · ■ ■ ■ A ■ ■ ■ ·
· ■ · ■ 3 ■ ■ · · ■
■ · ■ · ■ · 4 ■ ■ ·
· ■ 3 ■ · ■ ■ 4 ■ ■
■ · ■ · ■ · ■ ■ · ·
8 ■ · · · ■ · ■ · 8
2 ■ · · ■ · · ■ ■ 1
■ · ■ ■ · ■ ■ ■ · ■
· ■ 2 ■ ■ · ■ 1 ■ ·
· ■ ■ 2 · ■ · ■ · ■
■ · ■ ■ ■ A ■ ■ ■ ·
· ■ · ■ 3 ■ ■ · · ■
■ · ■ · ■ · 4 ■ ■ ·
· ■ 3 ■ · ■ ■ 4 ■ ■
■ · ■ · ■ · ■ ■ · ·
8 ■ · · · ■ · ■ · 8
2 ■ · · ■ · · ■ ■ 1
■ · ■ ■ · ■ ■ ■ · ■
· ■ 2 ■ ■ · ■ 1 ■ ·
· ■ ■ 2 · ■ · ■ · ■
■ · ■ ■ ■ A ■ ■ ■ ·
· ■ · ■ 3 ■ ■ · · ■
■ · ■ · ■ · 4 ■ ■ ·
· ■ 3 ■ · ■ ■ 4 ■ ■
■ · ■ · ■ · ■ ■ · ·
8 ■ · · · ■ · ■ · 8
2 ■ · · ■ · · ■ ■ 1
■ · ■ ■ · ■ ■ ■ · ■
· ■ 2 ■ ■ · ■ 1 ■ ·
· ■ ■ 2 · ■ · ■ · ■
■ · ■ ■ ■ A ■ ■ ■ ·
· ■ · ■ 3 ■ ■ · · ■
■ · ■ · ■ · 4 ■ ■ ·
· ■ 3 ■ · ■ ■ 4 ■ ■
■ · ■ · ■ · ■ ■ · ·
8 ■ · · · ■ · ■ · 8
2 ■ · · ■ · · ■ ■ 1
■ · ■ ■ · ■ ■ ■ · ■
· ■ 2 ■ ■ · ■ 1 ■ ·
· ■ ■ 2 · ■ · ■ · ■
■ · ■ ■ ■ A ■ ■ ■ ·
· ■ · ■ 3 ■ ■ · · ■
■ · ■ · ■ · 4 ■ ■ ·
· ■ 3 ■ · ■ ■ 4 ■ ■
■ · ■ · ■ · ■ ■ · ·
8 ■ · · · ■ · ■ · 8
2 ■ · · ■ · · ■ ■ 1
■ · ■ ■ · ■ ■ ■ · ■
· ■ 2 ■ ■ · ■ 1 ■ ·
· ■ ■ 2 · ■ · ■ · ■
■ · ■ ■ ■ A ■ ■ ■ ·
· ■ · ■ 3 ■ ■ · · ■
■ · ■ · ■ · 4 ■ ■ ·
· ■ 3 ■ · ■ ■ 4 ■ ■
■ · ■ · ■ · ■ ■ · ·
8 ■ · · · ■ · ■ · 8
2 ■ · · ■ · · ■ ■ 1
■ · ■ ■ · ■ ■ ■ · ■
· ■ 2 ■ ■ · ■ 1 ■ ·
· ■ ■ 2 · ■ · ■ · ■
■ · ■ ■ ■ A ■ ■ ■ ·
· ■ · ■ 3 ■ ■ · · ■
■ · ■ · ■ · 4 ■ ■ ·
· ■ 3 ■ · ■ ■ 4 ■ ■
■ · ■ · ■ · ■ ■ · ·
8 ■ · · · ■ · ■ · 8
2 ■ · · ■ · · ■ ■ 1
■ · ■ ■ · ■ ■ ■ · ■
· ■ 2 ■ ■ · ■ 1 ■ ·
· ■ ■ 2 · ■ · ■ · ■
■ · ■ ■ ■ A ■ ■ ■ ·
· ■ · ■ 3 ■ ■ · · ■
■ · ■ · ■ · 4 ■ ■ ·
· ■ 3 ■ · ■ ■ 4 ■ ■
■ · ■ · ■ · ■ ■ · ·
8 ■ · · · ■ · ■ · 8
2 ■ · · ■ · · ■ ■ 1
■ · ■ ■ · ■ ■ ■ · ■
· ■ 2 ■ ■ · ■ 1 ■ ·
· ■ ■ 2 · ■ · ■ · ■
■ · ■ ■ ■ A ■ ■ ■ ·
· ■ · ■ 3 ■ ■ · · ■
■ · ■ · ■ · 4 ■ ■ ·
· ■ 3 ■ · ■ ■ 4 ■ ■
■ · ■ · ■ · ■ ■ · ·
8 ■ · · · ■ · ■ · 8
2 ■ · · ■ · · ■ ■ 1
■ · ■ ■ · ■ ■ ■ · ■
· ■ 2 ■ ■ · ■ 1 ■ ·
· ■ ■ 2 · ■ · ■ · ■
■ · ■ ■ ■ A ■ ■ ■ ·
· ■ · ■ 3 ■ ■ · · ■
■ · ■ · ■ · 4 ■ ■ ·
· ■ 3 ■ · ■ ■ 4 ■ ■
■ · ■ · ■ · ■ ■ · ·
8 ■ · · · ■ · ■ · 8
# Number of solutions found: 10
# CPU time: 0.502 s
================================= 32 =================================
# Encoding time: 0.03592 s
■ ■ ■ ■ ■ ■ · ·
■ 2 · ■ 1 ■ ■ ■
■ ■ ■ ■ ■ ■ · ■
■ · ■ 3 ■ · 4 ■
■ ■ ■ ■ ■ ■ ■ ■
■ ■ ■ ■ ■ ■ · ·
■ 2 · ■ 1 ■ ■ ■
■ ■ ■ ■ ■ ■ · ■
■ · ■ 3 ■ · 4 ■
■ ■ ■ ■ ■ ■ ■ ■
■ ■ ■ ■ ■ ■ · ·
■ 2 · ■ 1 ■ ■ ■
■ ■ ■ ■ ■ ■ · ■
■ · ■ 3 ■ · 4 ■
■ ■ ■ ■ ■ ■ ■ ■
■ ■ ■ ■ ■ ■ · ·
■ 2 · ■ 1 ■ ■ ■
■ ■ ■ ■ ■ ■ · ■
■ · ■ 3 ■ · 4 ■
■ ■ ■ ■ ■ ■ ■ ■
■ ■ ■ ■ ■ ■ · ·
■ 2 · ■ 1 ■ ■ ■
■ ■ ■ ■ ■ ■ · ■
■ · ■ 3 ■ · 4 ■
■ ■ ■ ■ ■ ■ ■ ■
■ ■ ■ ■ ■ ■ · ·
■ 2 · ■ 1 ■ ■ ■
■ ■ ■ ■ ■ ■ · ■
■ · ■ 3 ■ · 4 ■
■ ■ ■ ■ ■ ■ ■ ■
■ ■ ■ ■ ■ ■ · ·
■ 2 · ■ 1 ■ ■ ■
■ ■ ■ ■ ■ ■ · ■
■ · ■ 3 ■ · 4 ■
■ ■ ■ ■ ■ ■ ■ ■
■ ■ ■ ■ ■ ■ · ·
■ 2 · ■ 1 ■ ■ ■
■ ■ ■ ■ ■ ■ · ■
■ · ■ 3 ■ · 4 ■
■ ■ ■ ■ ■ ■ ■ ■
■ ■ ■ ■ ■ ■ · ·
■ 2 · ■ 1 ■ ■ ■
■ ■ ■ ■ ■ ■ · ■
■ · ■ 3 ■ · 4 ■
■ ■ ■ ■ ■ ■ ■ ■
■ ■ ■ ■ ■ ■ · ·
■ 2 · ■ 1 ■ ■ ■
■ ■ ■ ■ ■ ■ · ■
■ · ■ 3 ■ · 4 ■
■ ■ ■ ■ ■ ■ ■ ■
# Number of solutions found: 10
# CPU time: 0.0478 s
================================= 33 =================================
# Encoding time: 1.469 s
4 ■ · · · ■ 2 ■ ■ 2 ■ · ■ · ■ 3
■ · ■ ■ ■ · ■ ■ · ■ · ■ · ■ · ■
· ■ 2 ■ · ■ ■ · ■ · ■ · ■ 1 ■ ·
■ · ■ · ■ ■ 3 ■ · ■ · ■ · ■ · ■
■ ■ · ■ · ■ ■ ■ ■ · ■ · ■ · ■ ·
2 ■ ■ 2 ■ · ■ · ■ ■ 2 ■ ■ ■ 3 ■
■ ■ · ■ · ■ · ■ ? · ■ · · ■ ■ 5
■ · ■ · ■ ■ A ■ ■ ■ · ■ ■ ■ · ■
· ■ 8 ■ · · ■ · ■ ? ■ · ■ · ■ ·
■ · ■ 3 ■ ■ ■ ? ■ ■ ■ · ■ ■ 6 ■
■ ■ ■ ■ · ■ · ■ ■ · · ■ 2 ■ ■ ·
· ■ · ■ · ■ ■ · ■ ■ ■ ■ ■ · ■ ■
■ 6 ■ ■ ■ · · ■ 3 ■ · · ■ ■ · ·
· ■ · 3 ■ ■ ■ 2 ■ · ■ ■ ■ 4 ■ ■
■ · ■ ■ 1 ■ · ■ · ■ ■ · ■ ■ 7 ■
2 ■ ■ · ■ · ■ · ■ · ■ ■ · · ■ ·
4 ■ · · · ■ 2 ■ ■ 2 ■ · ■ · ■ 3
■ · ■ ■ ■ · ■ ■ · ■ · ■ · ■ · ■
· ■ 2 ■ · ■ ■ · ■ · ■ · ■ 1 ■ ·
■ · ■ · ■ ■ 3 ■ · ■ · ■ · ■ · ■
■ ■ · ■ · ■ ■ ■ ■ · ■ · ■ · ■ ·
2 ■ ■ 2 ■ · ■ · ■ ■ 2 ■ ■ ■ 3 ■
■ ■ · ■ · ■ · ■ ? · ■ · · ■ ■ 5
■ · ■ · ■ ■ A ■ ■ ■ · ■ ■ ■ · ■
· ■ 8 ■ · · ■ · ■ ? ■ · ■ · ■ ·
■ · ■ 3 ■ ■ ■ ? ■ ■ ■ · ■ ■ 6 ■
■ ■ ■ ■ · ■ · ■ ■ · · ■ 2 ■ ■ ·
· ■ · ■ · ■ ■ · ■ ■ ■ ■ ■ · ■ ■
■ 6 ■ ■ ■ · · ■ 3 ■ · · ■ ■ · ·
· ■ · 3 ■ ■ ■ 2 ■ · ■ ■ ■ 4 ■ ■
■ · ■ ■ 1 ■ · ■ · ■ ■ · ■ ■ 7 ■
2 ■ ■ · ■ · ■ · ■ · ■ ■ · · ■ ·
4 ■ · · · ■ 2 ■ ■ 2 ■ · ■ · ■ 3
■ · ■ ■ ■ · ■ ■ · ■ · ■ · ■ · ■
· ■ 2 ■ · ■ ■ · ■ · ■ · ■ 1 ■ ·
■ · ■ · ■ ■ 3 ■ · ■ · ■ · ■ · ■
■ ■ · ■ · ■ ■ ■ ■ · ■ · ■ · ■ ·
2 ■ ■ 2 ■ · ■ · ■ ■ 2 ■ ■ ■ 3 ■
■ ■ · ■ · ■ · ■ ? · ■ · · ■ ■ 5
■ · ■ · ■ ■ A ■ ■ ■ · ■ ■ ■ · ■
· ■ 8 ■ · · ■ · ■ ? ■ · ■ · ■ ·
■ · ■ 3 ■ ■ ■ ? ■ ■ ■ · ■ ■ 6 ■
■ ■ ■ ■ · ■ · ■ ■ · · ■ 2 ■ ■ ·
· ■ · ■ · ■ ■ · ■ ■ ■ ■ ■ · ■ ■
■ 6 ■ ■ ■ · · ■ 3 ■ · · ■ ■ · ·
· ■ · 3 ■ ■ ■ 2 ■ · ■ ■ ■ 4 ■ ■
■ · ■ ■ 1 ■ · ■ · ■ ■ · ■ ■ 7 ■
2 ■ ■ · ■ · ■ · ■ · ■ ■ · · ■ ·
4 ■ · · · ■ 2 ■ ■ 2 ■ · ■ · ■ 3
■ · ■ ■ ■ · ■ ■ · ■ · ■ · ■ · ■
· ■ 2 ■ · ■ ■ · ■ · ■ · ■ 1 ■ ·
■ · ■ · ■ ■ 3 ■ · ■ · ■ · ■ · ■
■ ■ · ■ · ■ ■ ■ ■ · ■ · ■ · ■ ·
2 ■ ■ 2 ■ · ■ · ■ ■ 2 ■ ■ ■ 3 ■
■ ■ · ■ · ■ · ■ ? · ■ · · ■ ■ 5
■ · ■ · ■ ■ A ■ ■ ■ · ■ ■ ■ · ■
· ■ 8 ■ · · ■ · ■ ? ■ · ■ · ■ ·
■ · ■ 3 ■ ■ ■ ? ■ ■ ■ · ■ ■ 6 ■
■ ■ ■ ■ · ■ · ■ ■ · · ■ 2 ■ ■ ·
· ■ · ■ · ■ ■ · ■ ■ ■ ■ ■ · ■ ■
■ 6 ■ ■ ■ · · ■ 3 ■ · · ■ ■ · ·
· ■ · 3 ■ ■ ■ 2 ■ · ■ ■ ■ 4 ■ ■
■ · ■ ■ 1 ■ · ■ · ■ ■ · ■ ■ 7 ■
2 ■ ■ · ■ · ■ · ■ · ■ ■ · · ■ ·
4 ■ · · · ■ 2 ■ ■ 2 ■ · ■ · ■ 3
■ · ■ ■ ■ · ■ ■ · ■ · ■ · ■ · ■
· ■ 2 ■ · ■ ■ · ■ · ■ · ■ 1 ■ ·
■ · ■ · ■ ■ 3 ■ · ■ · ■ · ■ · ■
■ ■ · ■ · ■ ■ ■ ■ · ■ · ■ · ■ ·
2 ■ ■ 2 ■ · ■ · ■ ■ 2 ■ ■ ■ 3 ■
■ ■ · ■ · ■ · ■ ? · ■ · · ■ ■ 5
■ · ■ · ■ ■ A ■ ■ ■ · ■ ■ ■ · ■
· ■ 8 ■ · · ■ · ■ ? ■ · ■ · ■ ·
■ · ■ 3 ■ ■ ■ ? ■ ■ ■ · ■ ■ 6 ■
■ ■ ■ ■ · ■ · ■ ■ · · ■ 2 ■ ■ ·
· ■ · ■ · ■ ■ · ■ ■ ■ ■ ■ · ■ ■
■ 6 ■ ■ ■ · · ■ 3 ■ · · ■ ■ · ·
· ■ · 3 ■ ■ ■ 2 ■ · ■ ■ ■ 4 ■ ■
■ · ■ ■ 1 ■ · ■ · ■ ■ · ■ ■ 7 ■
2 ■ ■ · ■ · ■ · ■ · ■ ■ · · ■ ·
4 ■ · · · ■ 2 ■ ■ 2 ■ · ■ · ■ 3
■ · ■ ■ ■ · ■ ■ · ■ · ■ · ■ · ■
· ■ 2 ■ · ■ ■ · ■ · ■ · ■ 1 ■ ·
■ · ■ · ■ ■ 3 ■ · ■ · ■ · ■ · ■
■ ■ · ■ · ■ ■ ■ ■ · ■ · ■ · ■ ·
2 ■ ■ 2 ■ · ■ · ■ ■ 2 ■ ■ ■ 3 ■
■ ■ · ■ · ■ · ■ ? · ■ · · ■ ■ 5
■ · ■ · ■ ■ A ■ ■ ■ · ■ ■ ■ · ■
· ■ 8 ■ · · ■ · ■ ? ■ · ■ · ■ ·
■ · ■ 3 ■ ■ ■ ? ■ ■ ■ · ■ ■ 6 ■
■ ■ ■ ■ · ■ · ■ ■ · · ■ 2 ■ ■ ·
· ■ · ■ · ■ ■ · ■ ■ ■ ■ ■ · ■ ■
■ 6 ■ ■ ■ · · ■ 3 ■ · · ■ ■ · ·
· ■ · 3 ■ ■ ■ 2 ■ · ■ ■ ■ 4 ■ ■
■ · ■ ■ 1 ■ · ■ · ■ ■ · ■ ■ 7 ■
2 ■ ■ · ■ · ■ · ■ · ■ ■ · · ■ ·
4 ■ · · · ■ 2 ■ ■ 2 ■ · ■ · ■ 3
■ · ■ ■ ■ · ■ ■ · ■ · ■ · ■ · ■
· ■ 2 ■ · ■ ■ · ■ · ■ · ■ 1 ■ ·
■ · ■ · ■ ■ 3 ■ · ■ · ■ · ■ · ■
■ ■ · ■ · ■ ■ ■ ■ · ■ · ■ · ■ ·
2 ■ ■ 2 ■ · ■ · ■ ■ 2 ■ ■ ■ 3 ■
■ ■ · ■ · ■ · ■ ? · ■ · · ■ ■ 5
■ · ■ · ■ ■ A ■ ■ ■ · ■ ■ ■ · ■
· ■ 8 ■ · · ■ · ■ ? ■ · ■ · ■ ·
■ · ■ 3 ■ ■ ■ ? ■ ■ ■ · ■ ■ 6 ■
■ ■ ■ ■ · ■ · ■ ■ · · ■ 2 ■ ■ ·
· ■ · ■ · ■ ■ · ■ ■ ■ ■ ■ · ■ ■
■ 6 ■ ■ ■ · · ■ 3 ■ · · ■ ■ · ·
· ■ · 3 ■ ■ ■ 2 ■ · ■ ■ ■ 4 ■ ■
■ · ■ ■ 1 ■ · ■ · ■ ■ · ■ ■ 7 ■
2 ■ ■ · ■ · ■ · ■ · ■ ■ · · ■ ·
4 ■ · · · ■ 2 ■ ■ 2 ■ · ■ · ■ 3
■ · ■ ■ ■ · ■ ■ · ■ · ■ · ■ · ■
· ■ 2 ■ · ■ ■ · ■ · ■ · ■ 1 ■ ·
■ · ■ · ■ ■ 3 ■ · ■ · ■ · ■ · ■
■ ■ · ■ · ■ ■ ■ ■ · ■ · ■ · ■ ·
2 ■ ■ 2 ■ · ■ · ■ ■ 2 ■ ■ ■ 3 ■
■ ■ · ■ · ■ · ■ ? · ■ · · ■ ■ 5
■ · ■ · ■ ■ A ■ ■ ■ · ■ ■ ■ · ■
· ■ 8 ■ · · ■ · ■ ? ■ · ■ · ■ ·
■ · ■ 3 ■ ■ ■ ? ■ ■ ■ · ■ ■ 6 ■
■ ■ ■ ■ · ■ · ■ ■ · · ■ 2 ■ ■ ·
· ■ · ■ · ■ ■ · ■ ■ ■ ■ ■ · ■ ■
■ 6 ■ ■ ■ · · ■ 3 ■ · · ■ ■ · ·
· ■ · 3 ■ ■ ■ 2 ■ · ■ ■ ■ 4 ■ ■
■ · ■ ■ 1 ■ · ■ · ■ ■ · ■ ■ 7 ■
2 ■ ■ · ■ · ■ · ■ · ■ ■ · · ■ ·
4 ■ · · · ■ 2 ■ ■ 2 ■ · ■ · ■ 3
■ · ■ ■ ■ · ■ ■ · ■ · ■ · ■ · ■
· ■ 2 ■ · ■ ■ · ■ · ■ · ■ 1 ■ ·
■ · ■ · ■ ■ 3 ■ · ■ · ■ · ■ · ■
■ ■ · ■ · ■ ■ ■ ■ · ■ · ■ · ■ ·
2 ■ ■ 2 ■ · ■ · ■ ■ 2 ■ ■ ■ 3 ■
■ ■ · ■ · ■ · ■ ? · ■ · · ■ ■ 5
■ · ■ · ■ ■ A ■ ■ ■ · ■ ■ ■ · ■
· ■ 8 ■ · · ■ · ■ ? ■ · ■ · ■ ·
■ · ■ 3 ■ ■ ■ ? ■ ■ ■ · ■ ■ 6 ■
■ ■ ■ ■ · ■ · ■ ■ · · ■ 2 ■ ■ ·
· ■ · ■ · ■ ■ · ■ ■ ■ ■ ■ · ■ ■
■ 6 ■ ■ ■ · · ■ 3 ■ · · ■ ■ · ·
· ■ · 3 ■ ■ ■ 2 ■ · ■ ■ ■ 4 ■ ■
■ · ■ ■ 1 ■ · ■ · ■ ■ · ■ ■ 7 ■
2 ■ ■ · ■ · ■ · ■ · ■ ■ · · ■ ·
4 ■ · · · ■ 2 ■ ■ 2 ■ · ■ · ■ 3
■ · ■ ■ ■ · ■ ■ · ■ · ■ · ■ · ■
· ■ 2 ■ · ■ ■ · ■ · ■ · ■ 1 ■ ·
■ · ■ · ■ ■ 3 ■ · ■ · ■ · ■ · ■
■ ■ · ■ · ■ ■ ■ ■ · ■ · ■ · ■ ·
2 ■ ■ 2 ■ · ■ · ■ ■ 2 ■ ■ ■ 3 ■
■ ■ · ■ · ■ · ■ ? · ■ · · ■ ■ 5
■ · ■ · ■ ■ A ■ ■ ■ · ■ ■ ■ · ■
· ■ 8 ■ · · ■ · ■ ? ■ · ■ · ■ ·
■ · ■ 3 ■ ■ ■ ? ■ ■ ■ · ■ ■ 6 ■
■ ■ ■ ■ · ■ · ■ ■ · · ■ 2 ■ ■ ·
· ■ · ■ · ■ ■ · ■ ■ ■ ■ ■ · ■ ■
■ 6 ■ ■ ■ · · ■ 3 ■ · · ■ ■ · ·
· ■ · 3 ■ ■ ■ 2 ■ · ■ ■ ■ 4 ■ ■
■ · ■ ■ 1 ■ · ■ · ■ ■ · ■ ■ 7 ■
2 ■ ■ · ■ · ■ · ■ · ■ ■ · · ■ ·
# Number of solutions found: 10
# CPU time: 3.302 s
================================= 34 =================================
# Encoding time: 1.735 s
2 · ■ 5 ■ · ■ 3 ■ · 5 ■ · ■ 4 ■ 2
■ ■ 3 ■ · ■ · ■ 5 ■ ■ · ■ ■ · ■ ■
■ · ■ · ■ ■ · · ■ · · ■ ■ · ■ · ·
· ■ · ■ ■ · ■ ■ · ■ ■ · · ■ · ■ ■
■ · ■ ■ · ■ · · ■ · · ■ · ■ · ■ ·
■ ■ ■ 2 ■ 6 ■ ■ · ■ ■ · · 8 ■ · ■
· ■ · ■ 6 ■ 1 ■ · · ■ · · ■ · ■ ·
· ■ · · ■ · ■ · ■ ■ · ■ ■ 3 ■ ■ 7
■ · ■ ■ · ■ · ■ · ■ ■ · ■ ■ ■ · ■
6 ■ ■ · ■ · ■ · ■ ■ · ■ 7 ■ · ■ ·
■ · · ■ ■ · · ■ · · ■ 8 ■ ■ ■ · ■
· ■ ■ · · ■ ■ 9 ■ ■ · ■ ■ 2 · ■ ·
■ · ■ ■ ■ F ■ ■ · · ■ · ■ ■ ■ · ■
· ■ · 3 ■ · ■ · ■ ■ · ■ · · · ■ ·
■ · ■ ■ · ■ · · ■ · ■ · ■ · ■ · ■
■ · ■ · ■ · ■ ■ 2 ■ · ■ · ■ 4 ■ ·
3 ■ 3 ■ · ■ 4 · ■ 2 ■ · ■ 4 ■ ■ 3
2 · ■ 5 ■ · ■ 3 ■ · 5 ■ · ■ 4 ■ 2
■ ■ 3 ■ · ■ · ■ 5 ■ ■ · ■ ■ · ■ ■
■ · ■ · ■ ■ · · ■ · · ■ ■ · ■ · ·
· ■ · ■ ■ · ■ ■ · ■ ■ · · ■ · ■ ■
■ · ■ ■ · ■ · · ■ · · ■ · ■ · ■ ·
■ ■ ■ 2 ■ 6 ■ ■ · ■ ■ · · 8 ■ · ■
· ■ · ■ 6 ■ 1 ■ · · ■ · · ■ · ■ ·
· ■ · · ■ · ■ · ■ ■ · ■ ■ 3 ■ ■ 7
■ · ■ ■ · ■ · ■ · ■ ■ · ■ ■ ■ · ■
6 ■ ■ · ■ · ■ · ■ ■ · ■ 7 ■ · ■ ·
■ · · ■ ■ · · ■ · · ■ 8 ■ ■ ■ · ■
· ■ ■ · · ■ ■ 9 ■ ■ · ■ ■ 2 · ■ ·
■ · ■ ■ ■ F ■ ■ · · ■ · ■ ■ ■ · ■
· ■ · 3 ■ · ■ · ■ ■ · ■ · · · ■ ·
■ · ■ ■ · ■ · · ■ · ■ · ■ · ■ · ■
■ · ■ · ■ · ■ ■ 2 ■ · ■ · ■ 4 ■ ·
3 ■ 3 ■ · ■ 4 · ■ 2 ■ · ■ 4 ■ ■ 3
2 · ■ 5 ■ · ■ 3 ■ · 5 ■ · ■ 4 ■ 2
■ ■ 3 ■ · ■ · ■ 5 ■ ■ · ■ ■ · ■ ■
■ · ■ · ■ ■ · · ■ · · ■ ■ · ■ · ·
· ■ · ■ ■ · ■ ■ · ■ ■ · · ■ · ■ ■
■ · ■ ■ · ■ · · ■ · · ■ · ■ · ■ ·
■ ■ ■ 2 ■ 6 ■ ■ · ■ ■ · · 8 ■ · ■
· ■ · ■ 6 ■ 1 ■ · · ■ · · ■ · ■ ·
· ■ · · ■ · ■ · ■ ■ · ■ ■ 3 ■ ■ 7
■ · ■ ■ · ■ · ■ · ■ ■ · ■ ■ ■ · ■
6 ■ ■ · ■ · ■ · ■ ■ · ■ 7 ■ · ■ ·
■ · · ■ ■ · · ■ · · ■ 8 ■ ■ ■ · ■
· ■ ■ · · ■ ■ 9 ■ ■ · ■ ■ 2 · ■ ·
■ · ■ ■ ■ F ■ ■ · · ■ · ■ ■ ■ · ■
· ■ · 3 ■ · ■ · ■ ■ · ■ · · · ■ ·
■ · ■ ■ · ■ · · ■ · ■ · ■ · ■ · ■
■ · ■ · ■ · ■ ■ 2 ■ · ■ · ■ 4 ■ ·
3 ■ 3 ■ · ■ 4 · ■ 2 ■ · ■ 4 ■ ■ 3
2 · ■ 5 ■ · ■ 3 ■ · 5 ■ · ■ 4 ■ 2
■ ■ 3 ■ · ■ · ■ 5 ■ ■ · ■ ■ · ■ ■
■ · ■ · ■ ■ · · ■ · · ■ ■ · ■ · ·
· ■ · ■ ■ · ■ ■ · ■ ■ · · ■ · ■ ■
■ · ■ ■ · ■ · · ■ · · ■ · ■ · ■ ·
■ ■ ■ 2 ■ 6 ■ ■ · ■ ■ · · 8 ■ · ■
· ■ · ■ 6 ■ 1 ■ · · ■ · · ■ · ■ ·
· ■ · · ■ · ■ · ■ ■ · ■ ■ 3 ■ ■ 7
■ · ■ ■ · ■ · ■ · ■ ■ · ■ ■ ■ · ■
6 ■ ■ · ■ · ■ · ■ ■ · ■ 7 ■ · ■ ·
■ · · ■ ■ · · ■ · · ■ 8 ■ ■ ■ · ■
· ■ ■ · · ■ ■ 9 ■ ■ · ■ ■ 2 · ■ ·
■ · ■ ■ ■ F ■ ■ · · ■ · ■ ■ ■ · ■
· ■ · 3 ■ · ■ · ■ ■ · ■ · · · ■ ·
■ · ■ ■ · ■ · · ■ · ■ · ■ · ■ · ■
■ · ■ · ■ · ■ ■ 2 ■ · ■ · ■ 4 ■ ·
3 ■ 3 ■ · ■ 4 · ■ 2 ■ · ■ 4 ■ ■ 3
2 · ■ 5 ■ · ■ 3 ■ · 5 ■ · ■ 4 ■ 2
■ ■ 3 ■ · ■ · ■ 5 ■ ■ · ■ ■ · ■ ■
■ · ■ · ■ ■ · · ■ · · ■ ■ · ■ · ·
· ■ · ■ ■ · ■ ■ · ■ ■ · · ■ · ■ ■
■ · ■ ■ · ■ · · ■ · · ■ · ■ · ■ ·
■ ■ ■ 2 ■ 6 ■ ■ · ■ ■ · · 8 ■ · ■
· ■ · ■ 6 ■ 1 ■ · · ■ · · ■ · ■ ·
· ■ · · ■ · ■ · ■ ■ · ■ ■ 3 ■ ■ 7
■ · ■ ■ · ■ · ■ · ■ ■ · ■ ■ ■ · ■
6 ■ ■ · ■ · ■ · ■ ■ · ■ 7 ■ · ■ ·
■ · · ■ ■ · · ■ · · ■ 8 ■ ■ ■ · ■
· ■ ■ · · ■ ■ 9 ■ ■ · ■ ■ 2 · ■ ·
■ · ■ ■ ■ F ■ ■ · · ■ · ■ ■ ■ · ■
· ■ · 3 ■ · ■ · ■ ■ · ■ · · · ■ ·
■ · ■ ■ · ■ · · ■ · ■ · ■ · ■ · ■
■ · ■ · ■ · ■ ■ 2 ■ · ■ · ■ 4 ■ ·
3 ■ 3 ■ · ■ 4 · ■ 2 ■ · ■ 4 ■ ■ 3
2 · ■ 5 ■ · ■ 3 ■ · 5 ■ · ■ 4 ■ 2
■ ■ 3 ■ · ■ · ■ 5 ■ ■ · ■ ■ · ■ ■
■ · ■ · ■ ■ · · ■ · · ■ ■ · ■ · ·
· ■ · ■ ■ · ■ ■ · ■ ■ · · ■ · ■ ■
■ · ■ ■ · ■ · · ■ · · ■ · ■ · ■ ·
■ ■ ■ 2 ■ 6 ■ ■ · ■ ■ · · 8 ■ · ■
· ■ · ■ 6 ■ 1 ■ · · ■ · · ■ · ■ ·
· ■ · · ■ · ■ · ■ ■ · ■ ■ 3 ■ ■ 7
■ · ■ ■ · ■ · ■ · ■ ■ · ■ ■ ■ · ■
6 ■ ■ · ■ · ■ · ■ ■ · ■ 7 ■ · ■ ·
■ · · ■ ■ · · ■ · · ■ 8 ■ ■ ■ · ■
· ■ ■ · · ■ ■ 9 ■ ■ · ■ ■ 2 · ■ ·
■ · ■ ■ ■ F ■ ■ · · ■ · ■ ■ ■ · ■
· ■ · 3 ■ · ■ · ■ ■ · ■ · · · ■ ·
■ · ■ ■ · ■ · · ■ · ■ · ■ · ■ · ■
■ · ■ · ■ · ■ ■ 2 ■ · ■ · ■ 4 ■ ·
3 ■ 3 ■ · ■ 4 · ■ 2 ■ · ■ 4 ■ ■ 3
2 · ■ 5 ■ · ■ 3 ■ · 5 ■ · ■ 4 ■ 2
■ ■ 3 ■ · ■ · ■ 5 ■ ■ · ■ ■ · ■ ■
■ · ■ · ■ ■ · · ■ · · ■ ■ · ■ · ·
· ■ · ■ ■ · ■ ■ · ■ ■ · · ■ · ■ ■
■ · ■ ■ · ■ · · ■ · · ■ · ■ · ■ ·
■ ■ ■ 2 ■ 6 ■ ■ · ■ ■ · · 8 ■ · ■
· ■ · ■ 6 ■ 1 ■ · · ■ · · ■ · ■ ·
· ■ · · ■ · ■ · ■ ■ · ■ ■ 3 ■ ■ 7
■ · ■ ■ · ■ · ■ · ■ ■ · ■ ■ ■ · ■
6 ■ ■ · ■ · ■ · ■ ■ · ■ 7 ■ · ■ ·
■ · · ■ ■ · · ■ · · ■ 8 ■ ■ ■ · ■
· ■ ■ · · ■ ■ 9 ■ ■ · ■ ■ 2 · ■ ·
■ · ■ ■ ■ F ■ ■ · · ■ · ■ ■ ■ · ■
· ■ · 3 ■ · ■ · ■ ■ · ■ · · · ■ ·
■ · ■ ■ · ■ · · ■ · ■ · ■ · ■ · ■
■ · ■ · ■ · ■ ■ 2 ■ · ■ · ■ 4 ■ ·
3 ■ 3 ■ · ■ 4 · ■ 2 ■ · ■ 4 ■ ■ 3
2 · ■ 5 ■ · ■ 3 ■ · 5 ■ · ■ 4 ■ 2
■ ■ 3 ■ · ■ · ■ 5 ■ ■ · ■ ■ · ■ ■
■ · ■ · ■ ■ · · ■ · · ■ ■ · ■ · ·
· ■ · ■ ■ · ■ ■ · ■ ■ · · ■ · ■ ■
■ · ■ ■ · ■ · · ■ · · ■ · ■ · ■ ·
■ ■ ■ 2 ■ 6 ■ ■ · ■ ■ · · 8 ■ · ■
· ■ · ■ 6 ■ 1 ■ · · ■ · · ■ · ■ ·
· ■ · · ■ · ■ · ■ ■ · ■ ■ 3 ■ ■ 7
■ · ■ ■ · ■ · ■ · ■ ■ · ■ ■ ■ · ■
6 ■ ■ · ■ · ■ · ■ ■ · ■ 7 ■ · ■ ·
■ · · ■ ■ · · ■ · · ■ 8 ■ ■ ■ · ■
· ■ ■ · · ■ ■ 9 ■ ■ · ■ ■ 2 · ■ ·
■ · ■ ■ ■ F ■ ■ · · ■ · ■ ■ ■ · ■
· ■ · 3 ■ · ■ · ■ ■ · ■ · · · ■ ·
■ · ■ ■ · ■ · · ■ · ■ · ■ · ■ · ■
■ · ■ · ■ · ■ ■ 2 ■ · ■ · ■ 4 ■ ·
3 ■ 3 ■ · ■ 4 · ■ 2 ■ · ■ 4 ■ ■ 3
2 · ■ 5 ■ · ■ 3 ■ · 5 ■ · ■ 4 ■ 2
■ ■ 3 ■ · ■ · ■ 5 ■ ■ · ■ ■ · ■ ■
■ · ■ · ■ ■ · · ■ · · ■ ■ · ■ · ·
· ■ · ■ ■ · ■ ■ · ■ ■ · · ■ · ■ ■
■ · ■ ■ · ■ · · ■ · · ■ · ■ · ■ ·
■ ■ ■ 2 ■ 6 ■ ■ · ■ ■ · · 8 ■ · ■
· ■ · ■ 6 ■ 1 ■ · · ■ · · ■ · ■ ·
· ■ · · ■ · ■ · ■ ■ · ■ ■ 3 ■ ■ 7
■ · ■ ■ · ■ · ■ · ■ ■ · ■ ■ ■ · ■
6 ■ ■ · ■ · ■ · ■ ■ · ■ 7 ■ · ■ ·
■ · · ■ ■ · · ■ · · ■ 8 ■ ■ ■ · ■
· ■ ■ · · ■ ■ 9 ■ ■ · ■ ■ 2 · ■ ·
■ · ■ ■ ■ F ■ ■ · · ■ · ■ ■ ■ · ■
· ■ · 3 ■ · ■ · ■ ■ · ■ · · · ■ ·
■ · ■ ■ · ■ · · ■ · ■ · ■ · ■ · ■
■ · ■ · ■ · ■ ■ 2 ■ · ■ · ■ 4 ■ ·
3 ■ 3 ■ · ■ 4 · ■ 2 ■ · ■ 4 ■ ■ 3
2 · ■ 5 ■ · ■ 3 ■ · 5 ■ · ■ 4 ■ 2
■ ■ 3 ■ · ■ · ■ 5 ■ ■ · ■ ■ · ■ ■
■ · ■ · ■ ■ · · ■ · · ■ ■ · ■ · ·
· ■ · ■ ■ · ■ ■ · ■ ■ · · ■ · ■ ■
■ · ■ ■ · ■ · · ■ · · ■ · ■ · ■ ·
■ ■ ■ 2 ■ 6 ■ ■ · ■ ■ · · 8 ■ · ■
· ■ · ■ 6 ■ 1 ■ · · ■ · · ■ · ■ ·
· ■ · · ■ · ■ · ■ ■ · ■ ■ 3 ■ ■ 7
■ · ■ ■ · ■ · ■ · ■ ■ · ■ ■ ■ · ■
6 ■ ■ · ■ · ■ · ■ ■ · ■ 7 ■ · ■ ·
■ · · ■ ■ · · ■ · · ■ 8 ■ ■ ■ · ■
· ■ ■ · · ■ ■ 9 ■ ■ · ■ ■ 2 · ■ ·
■ · ■ ■ ■ F ■ ■ · · ■ · ■ ■ ■ · ■
· ■ · 3 ■ · ■ · ■ ■ · ■ · · · ■ ·
■ · ■ ■ · ■ · · ■ · ■ · ■ · ■ · ■
■ · ■ · ■ · ■ ■ 2 ■ · ■ · ■ 4 ■ ·
3 ■ 3 ■ · ■ 4 · ■ 2 ■ · ■ 4 ■ ■ 3
# Number of solutions found: 10
# CPU time: 25.35 s
================================= 35 =================================
# Encoding time: 0.3364 s
2 ■ ■ 2 ■ 2 ■ · ■ ■
■ · ■ ■ ■ ■ ■ ■ 2 ■
2 ■ 2 ■ · ■ · ■ ■ ■
■ · ■ ■ ■ 2 ■ ■ 2 ■
■ ■ ■ 2 ■ · ■ · ■ ·
· ■ · ■ ■ ■ · ■ · ■
■ 2 ■ · ■ 2 ■ 2 ■ 2
■ ■ ■ ■ · ■ ■ ■ · ■
2 · ■ 2 ■ ■ 2 ■ ■ ■
■ ■ ■ ■ ■ · ■ ■ 2 ■
2 ■ ■ 2 ■ 2 ■ · ■ ■
■ · ■ ■ ■ ■ ■ ■ 2 ■
2 ■ 2 ■ · ■ · ■ ■ ■
■ · ■ ■ ■ 2 ■ ■ 2 ■
■ ■ ■ 2 ■ · ■ · ■ ·
· ■ · ■ ■ ■ · ■ · ■
■ 2 ■ · ■ 2 ■ 2 ■ 2
■ ■ ■ ■ · ■ ■ ■ · ■
2 · ■ 2 ■ ■ 2 ■ ■ ■
■ ■ ■ ■ ■ · ■ ■ 2 ■
2 ■ ■ 2 ■ 2 ■ · ■ ■
■ · ■ ■ ■ ■ ■ ■ 2 ■
2 ■ 2 ■ · ■ · ■ ■ ■
■ · ■ ■ ■ 2 ■ ■ 2 ■
■ ■ ■ 2 ■ · ■ · ■ ·
· ■ · ■ ■ ■ · ■ · ■
■ 2 ■ · ■ 2 ■ 2 ■ 2
■ ■ ■ ■ · ■ ■ ■ · ■
2 · ■ 2 ■ ■ 2 ■ ■ ■
■ ■ ■ ■ ■ · ■ ■ 2 ■
2 ■ ■ 2 ■ 2 ■ · ■ ■
■ · ■ ■ ■ ■ ■ ■ 2 ■
2 ■ 2 ■ · ■ · ■ ■ ■
■ · ■ ■ ■ 2 ■ ■ 2 ■
■ ■ ■ 2 ■ · ■ · ■ ·
· ■ · ■ ■ ■ · ■ · ■
■ 2 ■ · ■ 2 ■ 2 ■ 2
■ ■ ■ ■ · ■ ■ ■ · ■
2 · ■ 2 ■ ■ 2 ■ ■ ■
■ ■ ■ ■ ■ · ■ ■ 2 ■
2 ■ ■ 2 ■ 2 ■ · ■ ■
■ · ■ ■ ■ ■ ■ ■ 2 ■
2 ■ 2 ■ · ■ · ■ ■ ■
■ · ■ ■ ■ 2 ■ ■ 2 ■
■ ■ ■ 2 ■ · ■ · ■ ·
· ■ · ■ ■ ■ · ■ · ■
■ 2 ■ · ■ 2 ■ 2 ■ 2
■ ■ ■ ■ · ■ ■ ■ · ■
2 · ■ 2 ■ ■ 2 ■ ■ ■
■ ■ ■ ■ ■ · ■ ■ 2 ■
2 ■ ■ 2 ■ 2 ■ · ■ ■
■ · ■ ■ ■ ■ ■ ■ 2 ■
2 ■ 2 ■ · ■ · ■ ■ ■
■ · ■ ■ ■ 2 ■ ■ 2 ■
■ ■ ■ 2 ■ · ■ · ■ ·
· ■ · ■ ■ ■ · ■ · ■
■ 2 ■ · ■ 2 ■ 2 ■ 2
■ ■ ■ ■ · ■ ■ ■ · ■
2 · ■ 2 ■ ■ 2 ■ ■ ■
■ ■ ■ ■ ■ · ■ ■ 2 ■
2 ■ ■ 2 ■ 2 ■ · ■ ■
■ · ■ ■ ■ ■ ■ ■ 2 ■
2 ■ 2 ■ · ■ · ■ ■ ■
■ · ■ ■ ■ 2 ■ ■ 2 ■
■ ■ ■ 2 ■ · ■ · ■ ·
· ■ · ■ ■ ■ · ■ · ■
■ 2 ■ · ■ 2 ■ 2 ■ 2
■ ■ ■ ■ · ■ ■ ■ · ■
2 · ■ 2 ■ ■ 2 ■ ■ ■
■ ■ ■ ■ ■ · ■ ■ 2 ■
2 ■ ■ 2 ■ 2 ■ · ■ ■
■ · ■ ■ ■ ■ ■ ■ 2 ■
2 ■ 2 ■ · ■ · ■ ■ ■
■ · ■ ■ ■ 2 ■ ■ 2 ■
■ ■ ■ 2 ■ · ■ · ■ ·
· ■ · ■ ■ ■ · ■ · ■
■ 2 ■ · ■ 2 ■ 2 ■ 2
■ ■ ■ ■ · ■ ■ ■ · ■
2 · ■ 2 ■ ■ 2 ■ ■ ■
■ ■ ■ ■ ■ · ■ ■ 2 ■
2 ■ ■ 2 ■ 2 ■ · ■ ■
■ · ■ ■ ■ ■ ■ ■ 2 ■
2 ■ 2 ■ · ■ · ■ ■ ■
■ · ■ ■ ■ 2 ■ ■ 2 ■
■ ■ ■ 2 ■ · ■ · ■ ·
· ■ · ■ ■ ■ · ■ · ■
■ 2 ■ · ■ 2 ■ 2 ■ 2
■ ■ ■ ■ · ■ ■ ■ · ■
2 · ■ 2 ■ ■ 2 ■ ■ ■
■ ■ ■ ■ ■ · ■ ■ 2 ■
2 ■ ■ 2 ■ 2 ■ · ■ ■
■ · ■ ■ ■ ■ ■ ■ 2 ■
2 ■ 2 ■ · ■ · ■ ■ ■
■ · ■ ■ ■ 2 ■ ■ 2 ■
■ ■ ■ 2 ■ · ■ · ■ ·
· ■ · ■ ■ ■ · ■ · ■
■ 2 ■ · ■ 2 ■ 2 ■ 2
■ ■ ■ ■ · ■ ■ ■ · ■
2 · ■ 2 ■ ■ 2 ■ ■ ■
■ ■ ■ ■ ■ · ■ ■ 2 ■
# Number of solutions found: 10
# CPU time: 0.4606 s
================================= 36 =================================
# Encoding time: 0.2269 s
1 ■ ■ 5 ■ C ■ · ■ ·
■ ■ · ■ · ■ ■ ■ · ·
■ 2 ■ ■ · ■ 2 · ■ ■
■ ■ · ■ ■ 2 ■ ■ ■ ·
■ · ■ · ■ ■ ■ · ■ ■
· ■ · ■ · · · ■ · ·
4 · ■ ■ · ■ ■ 2 ■ ■
■ · ■ 2 ■ 2 ■ ■ · ■
2 ■ · ■ 8 ■ · ■ ■ ·
■ · ■ · ■ · ■ · · ■
1 ■ ■ 5 ■ C ■ · ■ ·
■ ■ · ■ · ■ ■ ■ · ·
■ 2 ■ ■ · ■ 2 · ■ ■
■ ■ · ■ ■ 2 ■ ■ ■ ·
■ · ■ · ■ ■ ■ · ■ ■
· ■ · ■ · · · ■ · ·
4 · ■ ■ · ■ ■ 2 ■ ■
■ · ■ 2 ■ 2 ■ ■ · ■
2 ■ · ■ 8 ■ · ■ ■ ·
■ · ■ · ■ · ■ · · ■
1 ■ ■ 5 ■ C ■ · ■ ·
■ ■ · ■ · ■ ■ ■ · ·
■ 2 ■ ■ · ■ 2 · ■ ■
■ ■ · ■ ■ 2 ■ ■ ■ ·
■ · ■ · ■ ■ ■ · ■ ■
· ■ · ■ · · · ■ · ·
4 · ■ ■ · ■ ■ 2 ■ ■
■ · ■ 2 ■ 2 ■ ■ · ■
2 ■ · ■ 8 ■ · ■ ■ ·
■ · ■ · ■ · ■ · · ■
1 ■ ■ 5 ■ C ■ · ■ ·
■ ■ · ■ · ■ ■ ■ · ·
■ 2 ■ ■ · ■ 2 · ■ ■
■ ■ · ■ ■ 2 ■ ■ ■ ·
■ · ■ · ■ ■ ■ · ■ ■
· ■ · ■ · · · ■ · ·
4 · ■ ■ · ■ ■ 2 ■ ■
■ · ■ 2 ■ 2 ■ ■ · ■
2 ■ · ■ 8 ■ · ■ ■ ·
■ · ■ · ■ · ■ · · ■
1 ■ ■ 5 ■ C ■ · ■ ·
■ ■ · ■ · ■ ■ ■ · ·
■ 2 ■ ■ · ■ 2 · ■ ■
■ ■ · ■ ■ 2 ■ ■ ■ ·
■ · ■ · ■ ■ ■ · ■ ■
· ■ · ■ · · · ■ · ·
4 · ■ ■ · ■ ■ 2 ■ ■
■ · ■ 2 ■ 2 ■ ■ · ■
2 ■ · ■ 8 ■ · ■ ■ ·
■ · ■ · ■ · ■ · · ■
1 ■ ■ 5 ■ C ■ · ■ ·
■ ■ · ■ · ■ ■ ■ · ·
■ 2 ■ ■ · ■ 2 · ■ ■
■ ■ · ■ ■ 2 ■ ■ ■ ·
■ · ■ · ■ ■ ■ · ■ ■
· ■ · ■ · · · ■ · ·
4 · ■ ■ · ■ ■ 2 ■ ■
■ · ■ 2 ■ 2 ■ ■ · ■
2 ■ · ■ 8 ■ · ■ ■ ·
■ · ■ · ■ · ■ · · ■
1 ■ ■ 5 ■ C ■ · ■ ·
■ ■ · ■ · ■ ■ ■ · ·
■ 2 ■ ■ · ■ 2 · ■ ■
■ ■ · ■ ■ 2 ■ ■ ■ ·
■ · ■ · ■ ■ ■ · ■ ■
· ■ · ■ · · · ■ · ·
4 · ■ ■ · ■ ■ 2 ■ ■
■ · ■ 2 ■ 2 ■ ■ · ■
2 ■ · ■ 8 ■ · ■ ■ ·
■ · ■ · ■ · ■ · · ■
1 ■ ■ 5 ■ C ■ · ■ ·
■ ■ · ■ · ■ ■ ■ · ·
■ 2 ■ ■ · ■ 2 · ■ ■
■ ■ · ■ ■ 2 ■ ■ ■ ·
■ · ■ · ■ ■ ■ · ■ ■
· ■ · ■ · · · ■ · ·
4 · ■ ■ · ■ ■ 2 ■ ■
■ · ■ 2 ■ 2 ■ ■ · ■
2 ■ · ■ 8 ■ · ■ ■ ·
■ · ■ · ■ · ■ · · ■
1 ■ ■ 5 ■ C ■ · ■ ·
■ ■ · ■ · ■ ■ ■ · ·
■ 2 ■ ■ · ■ 2 · ■ ■
■ ■ · ■ ■ 2 ■ ■ ■ ·
■ · ■ · ■ ■ ■ · ■ ■
· ■ · ■ · · · ■ · ·
4 · ■ ■ · ■ ■ 2 ■ ■
■ · ■ 2 ■ 2 ■ ■ · ■
2 ■ · ■ 8 ■ · ■ ■ ·
■ · ■ · ■ · ■ · · ■
1 ■ ■ 5 ■ C ■ · ■ ·
■ ■ · ■ · ■ ■ ■ · ·
■ 2 ■ ■ · ■ 2 · ■ ■
■ ■ · ■ ■ 2 ■ ■ ■ ·
■ · ■ · ■ ■ ■ · ■ ■
· ■ · ■ · · · ■ · ·
4 · ■ ■ · ■ ■ 2 ■ ■
■ · ■ 2 ■ 2 ■ ■ · ■
2 ■ · ■ 8 ■ · ■ ■ ·
■ · ■ · ■ · ■ · · ■
# Number of solutions found: 10
# CPU time: 0.3484 s
================================= 37 =================================
# Encoding time: 0.1736 s
■ ■ ■ · · · · ■ · ■
· · ■ ■ · · · · · ■
■ ■ ■ · ■ ■ ■ · ■ ·
· ■ 2 ■ · · · ■ · ■
■ · ■ ■ ■ ■ ■ 1 ■ ·
14 · · · · ■ 3 ■ · ·
■ · ■ · ■ · ■ · ■ ·
1 ■ · · · ■ ■ ■ 2 ■
■ · ■ · ■ · 14 ■ ■ ·
· ■ 2 ■ · ■ ■ 1 ■ ·
■ ■ ■ · · · · ■ · ■
· · ■ ■ · · · · · ■
■ ■ ■ · ■ ■ ■ · ■ ·
· ■ 2 ■ · · · ■ · ■
■ · ■ ■ ■ ■ ■ 1 ■ ·
14 · · · · ■ 3 ■ · ·
■ · ■ · ■ · ■ · ■ ·
1 ■ · · · ■ ■ ■ 2 ■
■ · ■ · ■ · 14 ■ ■ ·
· ■ 2 ■ · ■ ■ 1 ■ ·
■ ■ ■ · · · · ■ · ■
· · ■ ■ · · · · · ■
■ ■ ■ · ■ ■ ■ · ■ ·
· ■ 2 ■ · · · ■ · ■
■ · ■ ■ ■ ■ ■ 1 ■ ·
14 · · · · ■ 3 ■ · ·
■ · ■ · ■ · ■ · ■ ·
1 ■ · · · ■ ■ ■ 2 ■
■ · ■ · ■ · 14 ■ ■ ·
· ■ 2 ■ · ■ ■ 1 ■ ·
■ ■ ■ · · · · ■ · ■
· · ■ ■ · · · · · ■
■ ■ ■ · ■ ■ ■ · ■ ·
· ■ 2 ■ · · · ■ · ■
■ · ■ ■ ■ ■ ■ 1 ■ ·
14 · · · · ■ 3 ■ · ·
■ · ■ · ■ · ■ · ■ ·
1 ■ · · · ■ ■ ■ 2 ■
■ · ■ · ■ · 14 ■ ■ ·
· ■ 2 ■ · ■ ■ 1 ■ ·
■ ■ ■ · · · · ■ · ■
· · ■ ■ · · · · · ■
■ ■ ■ · ■ ■ ■ · ■ ·
· ■ 2 ■ · · · ■ · ■
■ · ■ ■ ■ ■ ■ 1 ■ ·
14 · · · · ■ 3 ■ · ·
■ · ■ · ■ · ■ · ■ ·
1 ■ · · · ■ ■ ■ 2 ■
■ · ■ · ■ · 14 ■ ■ ·
· ■ 2 ■ · ■ ■ 1 ■ ·
■ ■ ■ · · · · ■ · ■
· · ■ ■ · · · · · ■
■ ■ ■ · ■ ■ ■ · ■ ·
· ■ 2 ■ · · · ■ · ■
■ · ■ ■ ■ ■ ■ 1 ■ ·
14 · · · · ■ 3 ■ · ·
■ · ■ · ■ · ■ · ■ ·
1 ■ · · · ■ ■ ■ 2 ■
■ · ■ · ■ · 14 ■ ■ ·
· ■ 2 ■ · ■ ■ 1 ■ ·
■ ■ ■ · · · · ■ · ■
· · ■ ■ · · · · · ■
■ ■ ■ · ■ ■ ■ · ■ ·
· ■ 2 ■ · · · ■ · ■
■ · ■ ■ ■ ■ ■ 1 ■ ·
14 · · · · ■ 3 ■ · ·
■ · ■ · ■ · ■ · ■ ·
1 ■ · · · ■ ■ ■ 2 ■
■ · ■ · ■ · 14 ■ ■ ·
· ■ 2 ■ · ■ ■ 1 ■ ·
■ ■ ■ · · · · ■ · ■
· · ■ ■ · · · · · ■
■ ■ ■ · ■ ■ ■ · ■ ·
· ■ 2 ■ · · · ■ · ■
■ · ■ ■ ■ ■ ■ 1 ■ ·
14 · · · · ■ 3 ■ · ·
■ · ■ · ■ · ■ · ■ ·
1 ■ · · · ■ ■ ■ 2 ■
■ · ■ · ■ · 14 ■ ■ ·
· ■ 2 ■ · ■ ■ 1 ■ ·
■ ■ ■ · · · · ■ · ■
· · ■ ■ · · · · · ■
■ ■ ■ · ■ ■ ■ · ■ ·
· ■ 2 ■ · · · ■ · ■
■ · ■ ■ ■ ■ ■ 1 ■ ·
14 · · · · ■ 3 ■ · ·
■ · ■ · ■ · ■ · ■ ·
1 ■ · · · ■ ■ ■ 2 ■
■ · ■ · ■ · 14 ■ ■ ·
· ■ 2 ■ · ■ ■ 1 ■ ·
■ ■ ■ · · · · ■ · ■
· · ■ ■ · · · · · ■
■ ■ ■ · ■ ■ ■ · ■ ·
· ■ 2 ■ · · · ■ · ■
■ · ■ ■ ■ ■ ■ 1 ■ ·
14 · · · · ■ 3 ■ · ·
■ · ■ · ■ · ■ · ■ ·
1 ■ · · · ■ ■ ■ 2 ■
■ · ■ · ■ · 14 ■ ■ ·
· ■ 2 ■ · ■ ■ 1 ■ ·
# Number of solutions found: 10
# CPU time: 0.2759 s
================================= 38 =================================
# Encoding time: 0.04905 s
■ · ■ ■ · ■ ·
· ■ 6 ■ ■ · ■
■ 4 ■ 1 ■ ■ ·
· ■ · ■ 6 ■ ■
· ■ ■ ■ ■ · ■
■ · ■ · · ■ ·
· ■ 4 ■ · ■ ■
■ · ■ ■ · ■ ·
· ■ 6 ■ ■ · ■
■ 4 ■ 1 ■ ■ ·
· ■ · ■ 6 ■ ■
· ■ ■ ■ ■ · ■
■ · ■ · · ■ ·
· ■ 4 ■ · ■ ■
■ · ■ ■ · ■ ·
· ■ 6 ■ ■ · ■
■ 4 ■ 1 ■ ■ ·
· ■ · ■ 6 ■ ■
· ■ ■ ■ ■ · ■
■ · ■ · · ■ ·
· ■ 4 ■ · ■ ■
■ · ■ ■ · ■ ·
· ■ 6 ■ ■ · ■
■ 4 ■ 1 ■ ■ ·
· ■ · ■ 6 ■ ■
· ■ ■ ■ ■ · ■
■ · ■ · · ■ ·
· ■ 4 ■ · ■ ■
■ · ■ ■ · ■ ·
· ■ 6 ■ ■ · ■
■ 4 ■ 1 ■ ■ ·
· ■ · ■ 6 ■ ■
· ■ ■ ■ ■ · ■
■ · ■ · · ■ ·
· ■ 4 ■ · ■ ■
■ · ■ ■ · ■ ·
· ■ 6 ■ ■ · ■
■ 4 ■ 1 ■ ■ ·
· ■ · ■ 6 ■ ■
· ■ ■ ■ ■ · ■
■ · ■ · · ■ ·
· ■ 4 ■ · ■ ■
■ · ■ ■ · ■ ·
· ■ 6 ■ ■ · ■
■ 4 ■ 1 ■ ■ ·
· ■ · ■ 6 ■ ■
· ■ ■ ■ ■ · ■
■ · ■ · · ■ ·
· ■ 4 ■ · ■ ■
■ · ■ ■ · ■ ·
· ■ 6 ■ ■ · ■
■ 4 ■ 1 ■ ■ ·
· ■ · ■ 6 ■ ■
· ■ ■ ■ ■ · ■
■ · ■ · · ■ ·
· ■ 4 ■ · ■ ■
■ · ■ ■ · ■ ·
· ■ 6 ■ ■ · ■
■ 4 ■ 1 ■ ■ ·
· ■ · ■ 6 ■ ■
· ■ ■ ■ ■ · ■
■ · ■ · · ■ ·
· ■ 4 ■ · ■ ■
■ · ■ ■ · ■ ·
· ■ 6 ■ ■ · ■
■ 4 ■ 1 ■ ■ ·
· ■ · ■ 6 ■ ■
· ■ ■ ■ ■ · ■
■ · ■ · · ■ ·
· ■ 4 ■ · ■ ■
# Number of solutions found: 10
# CPU time: 0.07137 s
================================= 39 =================================
# Encoding time: 0.05058 s
■ · ■ ■ · ■ ·
· ■ ■ · ■ ■ ■
■ ■ 5 ■ · ■ ·
■ · ■ ■ ■ · ■
■ 2 ■ 1 ■ ■ ■
■ ■ ■ ■ 6 ■ ·
■ · ■ 2 ■ ■ ■
■ · ■ ■ · ■ ·
· ■ ■ · ■ ■ ■
■ ■ 5 ■ · ■ ·
■ · ■ ■ ■ · ■
■ 2 ■ 1 ■ ■ ■
■ ■ ■ ■ 6 ■ ·
■ · ■ 2 ■ ■ ■
■ · ■ ■ · ■ ·
· ■ ■ · ■ ■ ■
■ ■ 5 ■ · ■ ·
■ · ■ ■ ■ · ■
■ 2 ■ 1 ■ ■ ■
■ ■ ■ ■ 6 ■ ·
■ · ■ 2 ■ ■ ■
■ · ■ ■ · ■ ·
· ■ ■ · ■ ■ ■
■ ■ 5 ■ · ■ ·
■ · ■ ■ ■ · ■
■ 2 ■ 1 ■ ■ ■
■ ■ ■ ■ 6 ■ ·
■ · ■ 2 ■ ■ ■
■ · ■ ■ · ■ ·
· ■ ■ · ■ ■ ■
■ ■ 5 ■ · ■ ·
■ · ■ ■ ■ · ■
■ 2 ■ 1 ■ ■ ■
■ ■ ■ ■ 6 ■ ·
■ · ■ 2 ■ ■ ■
■ · ■ ■ · ■ ·
· ■ ■ · ■ ■ ■
■ ■ 5 ■ · ■ ·
■ · ■ ■ ■ · ■
■ 2 ■ 1 ■ ■ ■
■ ■ ■ ■ 6 ■ ·
■ · ■ 2 ■ ■ ■
■ · ■ ■ · ■ ·
· ■ ■ · ■ ■ ■
■ ■ 5 ■ · ■ ·
■ · ■ ■ ■ · ■
■ 2 ■ 1 ■ ■ ■
■ ■ ■ ■ 6 ■ ·
■ · ■ 2 ■ ■ ■
■ · ■ ■ · ■ ·
· ■ ■ · ■ ■ ■
■ ■ 5 ■ · ■ ·
■ · ■ ■ ■ · ■
■ 2 ■ 1 ■ ■ ■
■ ■ ■ ■ 6 ■ ·
■ · ■ 2 ■ ■ ■
■ · ■ ■ · ■ ·
· ■ ■ · ■ ■ ■
■ ■ 5 ■ · ■ ·
■ · ■ ■ ■ · ■
■ 2 ■ 1 ■ ■ ■
■ ■ ■ ■ 6 ■ ·
■ · ■ 2 ■ ■ ■
■ · ■ ■ · ■ ·
· ■ ■ · ■ ■ ■
■ ■ 5 ■ · ■ ·
■ · ■ ■ ■ · ■
■ 2 ■ 1 ■ ■ ■
■ ■ ■ ■ 6 ■ ·
■ · ■ 2 ■ ■ ■
# Number of solutions found: 10
# CPU time: 0.06742 s
================================= 40 =================================
# Encoding time: 0.2211 s
1 ■ · ■ · ■ ■ ■ ■
■ 2 ■ 1 ■ 4 ■ · ■
■ ■ · ■ 1 ■ 3 ■ ·
■ · ■ 3 ■ ■ ■ ■ ■
1 ■ ■ · ■ · ■ · ■
■ · ■ ■ ■ 3 ■ ■ 3
■ ■ · ■ 2 ■ ■ · ■
■ 2 ■ · ■ ■ 1 ■ ■
· ■ ■ ■ 2 ■ ■ · ■
1 ■ · ■ · ■ ■ ■ ■
■ 2 ■ 1 ■ 4 ■ · ■
■ ■ · ■ 1 ■ 3 ■ ·
■ · ■ 3 ■ ■ ■ ■ ■
1 ■ ■ · ■ · ■ · ■
■ · ■ ■ ■ 3 ■ ■ 3
■ ■ · ■ 2 ■ ■ · ■
■ 2 ■ · ■ ■ 1 ■ ■
· ■ ■ ■ 2 ■ ■ · ■
1 ■ · ■ · ■ ■ ■ ■
■ 2 ■ 1 ■ 4 ■ · ■
■ ■ · ■ 1 ■ 3 ■ ·
■ · ■ 3 ■ ■ ■ ■ ■
1 ■ ■ · ■ · ■ · ■
■ · ■ ■ ■ 3 ■ ■ 3
■ ■ · ■ 2 ■ ■ · ■
■ 2 ■ · ■ ■ 1 ■ ■
· ■ ■ ■ 2 ■ ■ · ■
1 ■ · ■ · ■ ■ ■ ■
■ 2 ■ 1 ■ 4 ■ · ■
■ ■ · ■ 1 ■ 3 ■ ·
■ · ■ 3 ■ ■ ■ ■ ■
1 ■ ■ · ■ · ■ · ■
■ · ■ ■ ■ 3 ■ ■ 3
■ ■ · ■ 2 ■ ■ · ■
■ 2 ■ · ■ ■ 1 ■ ■
· ■ ■ ■ 2 ■ ■ · ■
1 ■ · ■ · ■ ■ ■ ■
■ 2 ■ 1 ■ 4 ■ · ■
■ ■ · ■ 1 ■ 3 ■ ·
■ · ■ 3 ■ ■ ■ ■ ■
1 ■ ■ · ■ · ■ · ■
■ · ■ ■ ■ 3 ■ ■ 3
■ ■ · ■ 2 ■ ■ · ■
■ 2 ■ · ■ ■ 1 ■ ■
· ■ ■ ■ 2 ■ ■ · ■
1 ■ · ■ · ■ ■ ■ ■
■ 2 ■ 1 ■ 4 ■ · ■
■ ■ · ■ 1 ■ 3 ■ ·
■ · ■ 3 ■ ■ ■ ■ ■
1 ■ ■ · ■ · ■ · ■
■ · ■ ■ ■ 3 ■ ■ 3
■ ■ · ■ 2 ■ ■ · ■
■ 2 ■ · ■ ■ 1 ■ ■
· ■ ■ ■ 2 ■ ■ · ■
1 ■ · ■ · ■ ■ ■ ■
■ 2 ■ 1 ■ 4 ■ · ■
■ ■ · ■ 1 ■ 3 ■ ·
■ · ■ 3 ■ ■ ■ ■ ■
1 ■ ■ · ■ · ■ · ■
■ · ■ ■ ■ 3 ■ ■ 3
■ ■ · ■ 2 ■ ■ · ■
■ 2 ■ · ■ ■ 1 ■ ■
· ■ ■ ■ 2 ■ ■ · ■
1 ■ · ■ · ■ ■ ■ ■
■ 2 ■ 1 ■ 4 ■ · ■
■ ■ · ■ 1 ■ 3 ■ ·
■ · ■ 3 ■ ■ ■ ■ ■
1 ■ ■ · ■ · ■ · ■
■ · ■ ■ ■ 3 ■ ■ 3
■ ■ · ■ 2 ■ ■ · ■
■ 2 ■ · ■ ■ 1 ■ ■
· ■ ■ ■ 2 ■ ■ · ■
1 ■ · ■ · ■ ■ ■ ■
■ 2 ■ 1 ■ 4 ■ · ■
■ ■ · ■ 1 ■ 3 ■ ·
■ · ■ 3 ■ ■ ■ ■ ■
1 ■ ■ · ■ · ■ · ■
■ · ■ ■ ■ 3 ■ ■ 3
■ ■ · ■ 2 ■ ■ · ■
■ 2 ■ · ■ ■ 1 ■ ■
· ■ ■ ■ 2 ■ ■ · ■
1 ■ · ■ · ■ ■ ■ ■
■ 2 ■ 1 ■ 4 ■ · ■
■ ■ · ■ 1 ■ 3 ■ ·
■ · ■ 3 ■ ■ ■ ■ ■
1 ■ ■ · ■ · ■ · ■
■ · ■ ■ ■ 3 ■ ■ 3
■ ■ · ■ 2 ■ ■ · ■
■ 2 ■ · ■ ■ 1 ■ ■
· ■ ■ ■ 2 ■ ■ · ■
# Number of solutions found: 10
# CPU time: 0.2855 s
================================= 41 =================================
# Encoding time: 2.659 s
· ■ 3 ■ · ■ 3 ■ · ■ 2 ■ · ■ · ■ 2 ■ ■ · ■ · ■ 2
■ · ■ 4 ■ · ■ 3 ■ · ■ 2 ■ · ■ · ■ 4 ■ ■ · 4 ■ ·
2 ■ · ■ · ■ · ■ · ■ · ■ · ■ · ■ · ■ ■ · ■ ■ · ■
■ · ■ ■ ■ · ■ · ■ · ■ · ■ 6 ■ · ■ · ■ ■ · ■ ■ 5
1 ■ ■ · ■ · ■ ■ ■ 5 ■ ■ · ■ · ■ · ■ · ■ ■ ■ · ■
■ ■ · ■ 6 ■ · ■ · ■ · ■ ■ · ■ 8 ■ ■ ■ 3 · ■ ■ ·
■ · ■ · ■ · ■ 4 ■ · ■ · 4 ■ ■ ■ ■ · ■ ■ ■ 4 ■ ■
· ■ 4 ■ · ■ ■ ■ · ■ · ■ · ■ · ■ 5 ■ ■ · · ■ ■ ·
■ · ■ ■ · ■ 4 · ■ · ■ 7 ■ · ■ · ■ ■ · ■ · ■ · ■
4 ■ ■ · ■ · ■ · ■ ■ · ■ · ■ ■ ■ ■ · ■ 4 ■ · ■ 1
■ · ■ · ■ ■ · ■ ■ 6 ■ ■ · ■ 2 ■ · ■ · ■ · ■ · ■
· ■ 5 ■ 9 · ■ 2 ■ ■ · ■ ■ · ■ ■ ■ ■ ■ ■ ■ · ■ 2
■ · ■ · ■ ■ ■ ■ ■ · ■ 3 ■ · ■ · ■ · ■ 2 ■ ■ · ■
· · · ■ ■ · · · ■ ■ · ■ · ■ 2 ■ 4 ■ · ■ · · ■ 4
· ■ 3 ■ · ■ 3 ■ · ■ 2 ■ · ■ · ■ 2 ■ ■ · ■ · ■ 2
■ · ■ 4 ■ · ■ 3 ■ · ■ 2 ■ · ■ · ■ 4 ■ ■ · 4 ■ ·
2 ■ · ■ · ■ · ■ · ■ · ■ · ■ · ■ · ■ ■ · ■ ■ · ■
■ · ■ ■ ■ · ■ · ■ · ■ · ■ 6 ■ · ■ · ■ ■ · ■ ■ 5
1 ■ ■ · ■ · ■ ■ ■ 5 ■ ■ · ■ · ■ · ■ · ■ ■ ■ · ■
■ ■ · ■ 6 ■ · ■ · ■ · ■ ■ · ■ 8 ■ ■ ■ 3 · ■ ■ ·
■ · ■ · ■ · ■ 4 ■ · ■ · 4 ■ ■ ■ ■ · ■ ■ ■ 4 ■ ■
· ■ 4 ■ · ■ ■ ■ · ■ · ■ · ■ · ■ 5 ■ ■ · · ■ ■ ·
■ · ■ ■ · ■ 4 · ■ · ■ 7 ■ · ■ · ■ ■ · ■ · ■ · ■
4 ■ ■ · ■ · ■ · ■ ■ · ■ · ■ ■ ■ ■ · ■ 4 ■ · ■ 1
■ · ■ · ■ ■ · ■ ■ 6 ■ ■ · ■ 2 ■ · ■ · ■ · ■ · ■
· ■ 5 ■ 9 · ■ 2 ■ ■ · ■ ■ · ■ ■ ■ ■ ■ ■ ■ · ■ 2
■ · ■ · ■ ■ ■ ■ ■ · ■ 3 ■ · ■ · ■ · ■ 2 ■ ■ · ■
· · · ■ ■ · · · ■ ■ · ■ · ■ 2 ■ 4 ■ · ■ · · ■ 4
· ■ 3 ■ · ■ 3 ■ · ■ 2 ■ · ■ · ■ 2 ■ ■ · ■ · ■ 2
■ · ■ 4 ■ · ■ 3 ■ · ■ 2 ■ · ■ · ■ 4 ■ ■ · 4 ■ ·
2 ■ · ■ · ■ · ■ · ■ · ■ · ■ · ■ · ■ ■ · ■ ■ · ■
■ · ■ ■ ■ · ■ · ■ · ■ · ■ 6 ■ · ■ · ■ ■ · ■ ■ 5
1 ■ ■ · ■ · ■ ■ ■ 5 ■ ■ · ■ · ■ · ■ · ■ ■ ■ · ■
■ ■ · ■ 6 ■ · ■ · ■ · ■ ■ · ■ 8 ■ ■ ■ 3 · ■ ■ ·
■ · ■ · ■ · ■ 4 ■ · ■ · 4 ■ ■ ■ ■ · ■ ■ ■ 4 ■ ■
· ■ 4 ■ · ■ ■ ■ · ■ · ■ · ■ · ■ 5 ■ ■ · · ■ ■ ·
■ · ■ ■ · ■ 4 · ■ · ■ 7 ■ · ■ · ■ ■ · ■ · ■ · ■
4 ■ ■ · ■ · ■ · ■ ■ · ■ · ■ ■ ■ ■ · ■ 4 ■ · ■ 1
■ · ■ · ■ ■ · ■ ■ 6 ■ ■ · ■ 2 ■ · ■ · ■ · ■ · ■
· ■ 5 ■ 9 · ■ 2 ■ ■ · ■ ■ · ■ ■ ■ ■ ■ ■ ■ · ■ 2
■ · ■ · ■ ■ ■ ■ ■ · ■ 3 ■ · ■ · ■ · ■ 2 ■ ■ · ■
· · · ■ ■ · · · ■ ■ · ■ · ■ 2 ■ 4 ■ · ■ · · ■ 4
· ■ 3 ■ · ■ 3 ■ · ■ 2 ■ · ■ · ■ 2 ■ ■ · ■ · ■ 2
■ · ■ 4 ■ · ■ 3 ■ · ■ 2 ■ · ■ · ■ 4 ■ ■ · 4 ■ ·
2 ■ · ■ · ■ · ■ · ■ · ■ · ■ · ■ · ■ ■ · ■ ■ · ■
■ · ■ ■ ■ · ■ · ■ · ■ · ■ 6 ■ · ■ · ■ ■ · ■ ■ 5
1 ■ ■ · ■ · ■ ■ ■ 5 ■ ■ · ■ · ■ · ■ · ■ ■ ■ · ■
■ ■ · ■ 6 ■ · ■ · ■ · ■ ■ · ■ 8 ■ ■ ■ 3 · ■ ■ ·
■ · ■ · ■ · ■ 4 ■ · ■ · 4 ■ ■ ■ ■ · ■ ■ ■ 4 ■ ■
· ■ 4 ■ · ■ ■ ■ · ■ · ■ · ■ · ■ 5 ■ ■ · · ■ ■ ·
■ · ■ ■ · ■ 4 · ■ · ■ 7 ■ · ■ · ■ ■ · ■ · ■ · ■
4 ■ ■ · ■ · ■ · ■ ■ · ■ · ■ ■ ■ ■ · ■ 4 ■ · ■ 1
■ · ■ · ■ ■ · ■ ■ 6 ■ ■ · ■ 2 ■ · ■ · ■ · ■ · ■
· ■ 5 ■ 9 · ■ 2 ■ ■ · ■ ■ · ■ ■ ■ ■ ■ ■ ■ · ■ 2
■ · ■ · ■ ■ ■ ■ ■ · ■ 3 ■ · ■ · ■ · ■ 2 ■ ■ · ■
· · · ■ ■ · · · ■ ■ · ■ · ■ 2 ■ 4 ■ · ■ · · ■ 4
· ■ 3 ■ · ■ 3 ■ · ■ 2 ■ · ■ · ■ 2 ■ ■ · ■ · ■ 2
■ · ■ 4 ■ · ■ 3 ■ · ■ 2 ■ · ■ · ■ 4 ■ ■ · 4 ■ ·
2 ■ · ■ · ■ · ■ · ■ · ■ · ■ · ■ · ■ ■ · ■ ■ · ■
■ · ■ ■ ■ · ■ · ■ · ■ · ■ 6 ■ · ■ · ■ ■ · ■ ■ 5
1 ■ ■ · ■ · ■ ■ ■ 5 ■ ■ · ■ · ■ · ■ · ■ ■ ■ · ■
■ ■ · ■ 6 ■ · ■ · ■ · ■ ■ · ■ 8 ■ ■ ■ 3 · ■ ■ ·
■ · ■ · ■ · ■ 4 ■ · ■ · 4 ■ ■ ■ ■ · ■ ■ ■ 4 ■ ■
· ■ 4 ■ · ■ ■ ■ · ■ · ■ · ■ · ■ 5 ■ ■ · · ■ ■ ·
■ · ■ ■ · ■ 4 · ■ · ■ 7 ■ · ■ · ■ ■ · ■ · ■ · ■
4 ■ ■ · ■ · ■ · ■ ■ · ■ · ■ ■ ■ ■ · ■ 4 ■ · ■ 1
■ · ■ · ■ ■ · ■ ■ 6 ■ ■ · ■ 2 ■ · ■ · ■ · ■ · ■
· ■ 5 ■ 9 · ■ 2 ■ ■ · ■ ■ · ■ ■ ■ ■ ■ ■ ■ · ■ 2
■ · ■ · ■ ■ ■ ■ ■ · ■ 3 ■ · ■ · ■ · ■ 2 ■ ■ · ■
· · · ■ ■ · · · ■ ■ · ■ · ■ 2 ■ 4 ■ · ■ · · ■ 4
· ■ 3 ■ · ■ 3 ■ · ■ 2 ■ · ■ · ■ 2 ■ ■ · ■ · ■ 2
■ · ■ 4 ■ · ■ 3 ■ · ■ 2 ■ · ■ · ■ 4 ■ ■ · 4 ■ ·
2 ■ · ■ · ■ · ■ · ■ · ■ · ■ · ■ · ■ ■ · ■ ■ · ■
■ · ■ ■ ■ · ■ · ■ · ■ · ■ 6 ■ · ■ · ■ ■ · ■ ■ 5
1 ■ ■ · ■ · ■ ■ ■ 5 ■ ■ · ■ · ■ · ■ · ■ ■ ■ · ■
■ ■ · ■ 6 ■ · ■ · ■ · ■ ■ · ■ 8 ■ ■ ■ 3 · ■ ■ ·
■ · ■ · ■ · ■ 4 ■ · ■ · 4 ■ ■ ■ ■ · ■ ■ ■ 4 ■ ■
· ■ 4 ■ · ■ ■ ■ · ■ · ■ · ■ · ■ 5 ■ ■ · · ■ ■ ·
■ · ■ ■ · ■ 4 · ■ · ■ 7 ■ · ■ · ■ ■ · ■ · ■ · ■
4 ■ ■ · ■ · ■ · ■ ■ · ■ · ■ ■ ■ ■ · ■ 4 ■ · ■ 1
■ · ■ · ■ ■ · ■ ■ 6 ■ ■ · ■ 2 ■ · ■ · ■ · ■ · ■
· ■ 5 ■ 9 · ■ 2 ■ ■ · ■ ■ · ■ ■ ■ ■ ■ ■ ■ · ■ 2
■ · ■ · ■ ■ ■ ■ ■ · ■ 3 ■ · ■ · ■ · ■ 2 ■ ■ · ■
· · · ■ ■ · · · ■ ■ · ■ · ■ 2 ■ 4 ■ · ■ · · ■ 4
· ■ 3 ■ · ■ 3 ■ · ■ 2 ■ · ■ · ■ 2 ■ ■ · ■ · ■ 2
■ · ■ 4 ■ · ■ 3 ■ · ■ 2 ■ · ■ · ■ 4 ■ ■ · 4 ■ ·
2 ■ · ■ · ■ · ■ · ■ · ■ · ■ · ■ · ■ ■ · ■ ■ · ■
■ · ■ ■ ■ · ■ · ■ · ■ · ■ 6 ■ · ■ · ■ ■ · ■ ■ 5
1 ■ ■ · ■ · ■ ■ ■ 5 ■ ■ · ■ · ■ · ■ · ■ ■ ■ · ■
■ ■ · ■ 6 ■ · ■ · ■ · ■ ■ · ■ 8 ■ ■ ■ 3 · ■ ■ ·
■ · ■ · ■ · ■ 4 ■ · ■ · 4 ■ ■ ■ ■ · ■ ■ ■ 4 ■ ■
· ■ 4 ■ · ■ ■ ■ · ■ · ■ · ■ · ■ 5 ■ ■ · · ■ ■ ·
■ · ■ ■ · ■ 4 · ■ · ■ 7 ■ · ■ · ■ ■ · ■ · ■ · ■
4 ■ ■ · ■ · ■ · ■ ■ · ■ · ■ ■ ■ ■ · ■ 4 ■ · ■ 1
■ · ■ · ■ ■ · ■ ■ 6 ■ ■ · ■ 2 ■ · ■ · ■ · ■ · ■
· ■ 5 ■ 9 · ■ 2 ■ ■ · ■ ■ · ■ ■ ■ ■ ■ ■ ■ · ■ 2
■ · ■ · ■ ■ ■ ■ ■ · ■ 3 ■ · ■ · ■ · ■ 2 ■ ■ · ■
· · · ■ ■ · · · ■ ■ · ■ · ■ 2 ■ 4 ■ · ■ · · ■ 4
· ■ 3 ■ · ■ 3 ■ · ■ 2 ■ · ■ · ■ 2 ■ ■ · ■ · ■ 2
■ · ■ 4 ■ · ■ 3 ■ · ■ 2 ■ · ■ · ■ 4 ■ ■ · 4 ■ ·
2 ■ · ■ · ■ · ■ · ■ · ■ · ■ · ■ · ■ ■ · ■ ■ · ■
■ · ■ ■ ■ · ■ · ■ · ■ · ■ 6 ■ · ■ · ■ ■ · ■ ■ 5
1 ■ ■ · ■ · ■ ■ ■ 5 ■ ■ · ■ · ■ · ■ · ■ ■ ■ · ■
■ ■ · ■ 6 ■ · ■ · ■ · ■ ■ · ■ 8 ■ ■ ■ 3 · ■ ■ ·
■ · ■ · ■ · ■ 4 ■ · ■ · 4 ■ ■ ■ ■ · ■ ■ ■ 4 ■ ■
· ■ 4 ■ · ■ ■ ■ · ■ · ■ · ■ · ■ 5 ■ ■ · · ■ ■ ·
■ · ■ ■ · ■ 4 · ■ · ■ 7 ■ · ■ · ■ ■ · ■ · ■ · ■
4 ■ ■ · ■ · ■ · ■ ■ · ■ · ■ ■ ■ ■ · ■ 4 ■ · ■ 1
■ · ■ · ■ ■ · ■ ■ 6 ■ ■ · ■ 2 ■ · ■ · ■ · ■ · ■
· ■ 5 ■ 9 · ■ 2 ■ ■ · ■ ■ · ■ ■ ■ ■ ■ ■ ■ · ■ 2
■ · ■ · ■ ■ ■ ■ ■ · ■ 3 ■ · ■ · ■ · ■ 2 ■ ■ · ■
· · · ■ ■ · · · ■ ■ · ■ · ■ 2 ■ 4 ■ · ■ · · ■ 4
· ■ 3 ■ · ■ 3 ■ · ■ 2 ■ · ■ · ■ 2 ■ ■ · ■ · ■ 2
■ · ■ 4 ■ · ■ 3 ■ · ■ 2 ■ · ■ · ■ 4 ■ ■ · 4 ■ ·
2 ■ · ■ · ■ · ■ · ■ · ■ · ■ · ■ · ■ ■ · ■ ■ · ■
■ · ■ ■ ■ · ■ · ■ · ■ · ■ 6 ■ · ■ · ■ ■ · ■ ■ 5
1 ■ ■ · ■ · ■ ■ ■ 5 ■ ■ · ■ · ■ · ■ · ■ ■ ■ · ■
■ ■ · ■ 6 ■ · ■ · ■ · ■ ■ · ■ 8 ■ ■ ■ 3 · ■ ■ ·
■ · ■ · ■ · ■ 4 ■ · ■ · 4 ■ ■ ■ ■ · ■ ■ ■ 4 ■ ■
· ■ 4 ■ · ■ ■ ■ · ■ · ■ · ■ · ■ 5 ■ ■ · · ■ ■ ·
■ · ■ ■ · ■ 4 · ■ · ■ 7 ■ · ■ · ■ ■ · ■ · ■ · ■
4 ■ ■ · ■ · ■ · ■ ■ · ■ · ■ ■ ■ ■ · ■ 4 ■ · ■ 1
■ · ■ · ■ ■ · ■ ■ 6 ■ ■ · ■ 2 ■ · ■ · ■ · ■ · ■
· ■ 5 ■ 9 · ■ 2 ■ ■ · ■ ■ · ■ ■ ■ ■ ■ ■ ■ · ■ 2
■ · ■ · ■ ■ ■ ■ ■ · ■ 3 ■ · ■ · ■ · ■ 2 ■ ■ · ■
· · · ■ ■ · · · ■ ■ · ■ · ■ 2 ■ 4 ■ · ■ · · ■ 4
· ■ 3 ■ · ■ 3 ■ · ■ 2 ■ · ■ · ■ 2 ■ ■ · ■ · ■ 2
■ · ■ 4 ■ · ■ 3 ■ · ■ 2 ■ · ■ · ■ 4 ■ ■ · 4 ■ ·
2 ■ · ■ · ■ · ■ · ■ · ■ · ■ · ■ · ■ ■ · ■ ■ · ■
■ · ■ ■ ■ · ■ · ■ · ■ · ■ 6 ■ · ■ · ■ ■ · ■ ■ 5
1 ■ ■ · ■ · ■ ■ ■ 5 ■ ■ · ■ · ■ · ■ · ■ ■ ■ · ■
■ ■ · ■ 6 ■ · ■ · ■ · ■ ■ · ■ 8 ■ ■ ■ 3 · ■ ■ ·
■ · ■ · ■ · ■ 4 ■ · ■ · 4 ■ ■ ■ ■ · ■ ■ ■ 4 ■ ■
· ■ 4 ■ · ■ ■ ■ · ■ · ■ · ■ · ■ 5 ■ ■ · · ■ ■ ·
■ · ■ ■ · ■ 4 · ■ · ■ 7 ■ · ■ · ■ ■ · ■ · ■ · ■
4 ■ ■ · ■ · ■ · ■ ■ · ■ · ■ ■ ■ ■ · ■ 4 ■ · ■ 1
■ · ■ · ■ ■ · ■ ■ 6 ■ ■ · ■ 2 ■ · ■ · ■ · ■ · ■
· ■ 5 ■ 9 · ■ 2 ■ ■ · ■ ■ · ■ ■ ■ ■ ■ ■ ■ · ■ 2
■ · ■ · ■ ■ ■ ■ ■ · ■ 3 ■ · ■ · ■ · ■ 2 ■ ■ · ■
· · · ■ ■ · · · ■ ■ · ■ · ■ 2 ■ 4 ■ · ■ · · ■ 4
# Number of solutions found: 10
# CPU time: 8.372 s
================================= 42 =================================
# Encoding time: 0.02552 s
· ■ · ■ 3
■ · ■ ■ ·
2 ■ ■ 2 ■
■ ■ · ■ ■
■ 2 ■ ■ 1
· ■ · ■ 3
■ · ■ ■ ·
2 ■ ■ 2 ■
■ ■ · ■ ■
■ 2 ■ ■ 1
· ■ · ■ 3
■ · ■ ■ ·
2 ■ ■ 2 ■
■ ■ · ■ ■
■ 2 ■ ■ 1
· ■ · ■ 3
■ · ■ ■ ·
2 ■ ■ 2 ■
■ ■ · ■ ■
■ 2 ■ ■ 1
· ■ · ■ 3
■ · ■ ■ ·
2 ■ ■ 2 ■
■ ■ · ■ ■
■ 2 ■ ■ 1
· ■ · ■ 3
■ · ■ ■ ·
2 ■ ■ 2 ■
■ ■ · ■ ■
■ 2 ■ ■ 1
· ■ · ■ 3
■ · ■ ■ ·
2 ■ ■ 2 ■
■ ■ · ■ ■
■ 2 ■ ■ 1
· ■ · ■ 3
■ · ■ ■ ·
2 ■ ■ 2 ■
■ ■ · ■ ■
■ 2 ■ ■ 1
· ■ · ■ 3
■ · ■ ■ ·
2 ■ ■ 2 ■
■ ■ · ■ ■
■ 2 ■ ■ 1
· ■ · ■ 3
■ · ■ ■ ·
2 ■ ■ 2 ■
■ ■ · ■ ■
■ 2 ■ ■ 1
# Number of solutions found: 10
# CPU time: 0.0329 s
================================= 43 =================================
# Encoding time: 0.05821 s
· ■ · ■ · ■ ·
■ · ■ ■ ■ 4 ■
■ ■ ■ 1 ■ ■ ·
· ■ 4 ■ 3 ■ ■
■ · ■ ■ ■ ■ ·
· ■ 4 · ■ · ·
■ 3 ■ ■ ■ ■ ■
· ■ · ■ · ■ ·
■ · ■ ■ ■ 4 ■
■ ■ ■ 1 ■ ■ ·
· ■ 4 ■ 3 ■ ■
■ · ■ ■ ■ ■ ·
· ■ 4 · ■ · ·
■ 3 ■ ■ ■ ■ ■
· ■ · ■ · ■ ·
■ · ■ ■ ■ 4 ■
■ ■ ■ 1 ■ ■ ·
· ■ 4 ■ 3 ■ ■
■ · ■ ■ ■ ■ ·
· ■ 4 · ■ · ·
■ 3 ■ ■ ■ ■ ■
· ■ · ■ · ■ ·
■ · ■ ■ ■ 4 ■
■ ■ ■ 1 ■ ■ ·
· ■ 4 ■ 3 ■ ■
■ · ■ ■ ■ ■ ·
· ■ 4 · ■ · ·
■ 3 ■ ■ ■ ■ ■
· ■ · ■ · ■ ·
■ · ■ ■ ■ 4 ■
■ ■ ■ 1 ■ ■ ·
· ■ 4 ■ 3 ■ ■
■ · ■ ■ ■ ■ ·
· ■ 4 · ■ · ·
■ 3 ■ ■ ■ ■ ■
· ■ · ■ · ■ ·
■ · ■ ■ ■ 4 ■
■ ■ ■ 1 ■ ■ ·
· ■ 4 ■ 3 ■ ■
■ · ■ ■ ■ ■ ·
· ■ 4 · ■ · ·
■ 3 ■ ■ ■ ■ ■
· ■ · ■ · ■ ·
■ · ■ ■ ■ 4 ■
■ ■ ■ 1 ■ ■ ·
· ■ 4 ■ 3 ■ ■
■ · ■ ■ ■ ■ ·
· ■ 4 · ■ · ·
■ 3 ■ ■ ■ ■ ■
· ■ · ■ · ■ ·
■ · ■ ■ ■ 4 ■
■ ■ ■ 1 ■ ■ ·
· ■ 4 ■ 3 ■ ■
■ · ■ ■ ■ ■ ·
· ■ 4 · ■ · ·
■ 3 ■ ■ ■ ■ ■
· ■ · ■ · ■ ·
■ · ■ ■ ■ 4 ■
■ ■ ■ 1 ■ ■ ·
· ■ 4 ■ 3 ■ ■
■ · ■ ■ ■ ■ ·
· ■ 4 · ■ · ·
■ 3 ■ ■ ■ ■ ■
· ■ · ■ · ■ ·
■ · ■ ■ ■ 4 ■
■ ■ ■ 1 ■ ■ ·
· ■ 4 ■ 3 ■ ■
■ · ■ ■ ■ ■ ·
· ■ 4 · ■ · ·
■ 3 ■ ■ ■ ■ ■
# Number of solutions found: 10
# CPU time: 0.08035 s
================================= 44 =================================
# Encoding time: 0.05841 s
■ · ■ · ■ · ■
· ■ 2 ■ · ■ ■
■ ■ ■ 3 ■ ■ ·
■ 1 ■ ■ ■ 4 ■
■ ■ ■ 4 ■ ■ ·
■ · ■ ■ 2 ■ ■
■ ■ · ■ ■ · ■
■ · ■ · ■ · ■
· ■ 2 ■ · ■ ■
■ ■ ■ 3 ■ ■ ·
■ 1 ■ ■ ■ 4 ■
■ ■ ■ 4 ■ ■ ·
■ · ■ ■ 2 ■ ■
■ ■ · ■ ■ · ■
■ · ■ · ■ · ■
· ■ 2 ■ · ■ ■
■ ■ ■ 3 ■ ■ ·
■ 1 ■ ■ ■ 4 ■
■ ■ ■ 4 ■ ■ ·
■ · ■ ■ 2 ■ ■
■ ■ · ■ ■ · ■
■ · ■ · ■ · ■
· ■ 2 ■ · ■ ■
■ ■ ■ 3 ■ ■ ·
■ 1 ■ ■ ■ 4 ■
■ ■ ■ 4 ■ ■ ·
■ · ■ ■ 2 ■ ■
■ ■ · ■ ■ · ■
■ · ■ · ■ · ■
· ■ 2 ■ · ■ ■
■ ■ ■ 3 ■ ■ ·
■ 1 ■ ■ ■ 4 ■
■ ■ ■ 4 ■ ■ ·
■ · ■ ■ 2 ■ ■
■ ■ · ■ ■ · ■
■ · ■ · ■ · ■
· ■ 2 ■ · ■ ■
■ ■ ■ 3 ■ ■ ·
■ 1 ■ ■ ■ 4 ■
■ ■ ■ 4 ■ ■ ·
■ · ■ ■ 2 ■ ■
■ ■ · ■ ■ · ■
■ · ■ · ■ · ■
· ■ 2 ■ · ■ ■
■ ■ ■ 3 ■ ■ ·
■ 1 ■ ■ ■ 4 ■
■ ■ ■ 4 ■ ■ ·
■ · ■ ■ 2 ■ ■
■ ■ · ■ ■ · ■
■ · ■ · ■ · ■
· ■ 2 ■ · ■ ■
■ ■ ■ 3 ■ ■ ·
■ 1 ■ ■ ■ 4 ■
■ ■ ■ 4 ■ ■ ·
■ · ■ ■ 2 ■ ■
■ ■ · ■ ■ · ■
■ · ■ · ■ · ■
· ■ 2 ■ · ■ ■
■ ■ ■ 3 ■ ■ ·
■ 1 ■ ■ ■ 4 ■
■ ■ ■ 4 ■ ■ ·
■ · ■ ■ 2 ■ ■
■ ■ · ■ ■ · ■
■ · ■ · ■ · ■
· ■ 2 ■ · ■ ■
■ ■ ■ 3 ■ ■ ·
■ 1 ■ ■ ■ 4 ■
■ ■ ■ 4 ■ ■ ·
■ · ■ ■ 2 ■ ■
■ ■ · ■ ■ · ■
# Number of solutions found: 10
# CPU time: 0.0782 s
================================= 45 =================================
# Encoding time: 0.02139 s
■ · ■ ■ ·
2 ■ 3 ■ ■
■ · ■ 3 ·
■ ■ · ■ ·
2 ■ ■ ■ ■
■ · ■ ■ ·
2 ■ 3 ■ ■
■ · ■ 3 ·
■ ■ · ■ ·
2 ■ ■ ■ ■
■ · ■ ■ ·
2 ■ 3 ■ ■
■ · ■ 3 ·
■ ■ · ■ ·
2 ■ ■ ■ ■
■ · ■ ■ ·
2 ■ 3 ■ ■
■ · ■ 3 ·
■ ■ · ■ ·
2 ■ ■ ■ ■
■ · ■ ■ ·
2 ■ 3 ■ ■
■ · ■ 3 ·
■ ■ · ■ ·
2 ■ ■ ■ ■
■ · ■ ■ ·
2 ■ 3 ■ ■
■ · ■ 3 ·
■ ■ · ■ ·
2 ■ ■ ■ ■
■ · ■ ■ ·
2 ■ 3 ■ ■
■ · ■ 3 ·
■ ■ · ■ ·
2 ■ ■ ■ ■
■ · ■ ■ ·
2 ■ 3 ■ ■
■ · ■ 3 ·
■ ■ · ■ ·
2 ■ ■ ■ ■
■ · ■ ■ ·
2 ■ 3 ■ ■
■ · ■ 3 ·
■ ■ · ■ ·
2 ■ ■ ■ ■
■ · ■ ■ ·
2 ■ 3 ■ ■
■ · ■ 3 ·
■ ■ · ■ ·
2 ■ ■ ■ ■
# Number of solutions found: 10
# CPU time: 0.02667 s
================================= 46 =================================
# Encoding time: 0.02132 s
1 ■ ■ 2 ■
■ ■ · ■ ·
· 3 ■ ■ ■
· ■ 3 ■ ·
■ ■ ■ ■ ■
1 ■ ■ 2 ■
■ ■ · ■ ·
· 3 ■ ■ ■
· ■ 3 ■ ·
■ ■ ■ ■ ■
1 ■ ■ 2 ■
■ ■ · ■ ·
· 3 ■ ■ ■
· ■ 3 ■ ·
■ ■ ■ ■ ■
1 ■ ■ 2 ■
■ ■ · ■ ·
· 3 ■ ■ ■
· ■ 3 ■ ·
■ ■ ■ ■ ■
1 ■ ■ 2 ■
■ ■ · ■ ·
· 3 ■ ■ ■
· ■ 3 ■ ·
■ ■ ■ ■ ■
1 ■ ■ 2 ■
■ ■ · ■ ·
· 3 ■ ■ ■
· ■ 3 ■ ·
■ ■ ■ ■ ■
1 ■ ■ 2 ■
■ ■ · ■ ·
· 3 ■ ■ ■
· ■ 3 ■ ·
■ ■ ■ ■ ■
1 ■ ■ 2 ■
■ ■ · ■ ·
· 3 ■ ■ ■
· ■ 3 ■ ·
■ ■ ■ ■ ■
1 ■ ■ 2 ■
■ ■ · ■ ·
· 3 ■ ■ ■
· ■ 3 ■ ·
■ ■ ■ ■ ■
1 ■ ■ 2 ■
■ ■ · ■ ·
· 3 ■ ■ ■
· ■ 3 ■ ·
■ ■ ■ ■ ■
# Number of solutions found: 10
# CPU time: 0.02822 s
================================= 47 =================================
# Encoding time: 0.1011 s
■ · ■ · · ■ 5 ■
3 ■ 3 ■ ■ · ■ ·
■ · ■ · · ■ 2 ■
· ■ ■ ■ ■ · ■ 6
■ ■ · ■ · · ■ ■
· ■ ■ 1 ■ ■ · ·
■ 4 ■ ■ ■ · ■ 6
· ■ · · · ■ · ■
■ · ■ · · ■ 5 ■
3 ■ 3 ■ ■ · ■ ·
■ · ■ · · ■ 2 ■
· ■ ■ ■ ■ · ■ 6
■ ■ · ■ · · ■ ■
· ■ ■ 1 ■ ■ · ·
■ 4 ■ ■ ■ · ■ 6
· ■ · · · ■ · ■
■ · ■ · · ■ 5 ■
3 ■ 3 ■ ■ · ■ ·
■ · ■ · · ■ 2 ■
· ■ ■ ■ ■ · ■ 6
■ ■ · ■ · · ■ ■
· ■ ■ 1 ■ ■ · ·
■ 4 ■ ■ ■ · ■ 6
· ■ · · · ■ · ■
■ · ■ · · ■ 5 ■
3 ■ 3 ■ ■ · ■ ·
■ · ■ · · ■ 2 ■
· ■ ■ ■ ■ · ■ 6
■ ■ · ■ · · ■ ■
· ■ ■ 1 ■ ■ · ·
■ 4 ■ ■ ■ · ■ 6
· ■ · · · ■ · ■
■ · ■ · · ■ 5 ■
3 ■ 3 ■ ■ · ■ ·
■ · ■ · · ■ 2 ■
· ■ ■ ■ ■ · ■ 6
■ ■ · ■ · · ■ ■
· ■ ■ 1 ■ ■ · ·
■ 4 ■ ■ ■ · ■ 6
· ■ · · · ■ · ■
■ · ■ · · ■ 5 ■
3 ■ 3 ■ ■ · ■ ·
■ · ■ · · ■ 2 ■
· ■ ■ ■ ■ · ■ 6
■ ■ · ■ · · ■ ■
· ■ ■ 1 ■ ■ · ·
■ 4 ■ ■ ■ · ■ 6
· ■ · · · ■ · ■
■ · ■ · · ■ 5 ■
3 ■ 3 ■ ■ · ■ ·
■ · ■ · · ■ 2 ■
· ■ ■ ■ ■ · ■ 6
■ ■ · ■ · · ■ ■
· ■ ■ 1 ■ ■ · ·
■ 4 ■ ■ ■ · ■ 6
· ■ · · · ■ · ■
■ · ■ · · ■ 5 ■
3 ■ 3 ■ ■ · ■ ·
■ · ■ · · ■ 2 ■
· ■ ■ ■ ■ · ■ 6
■ ■ · ■ · · ■ ■
· ■ ■ 1 ■ ■ · ·
■ 4 ■ ■ ■ · ■ 6
· ■ · · · ■ · ■
■ · ■ · · ■ 5 ■
3 ■ 3 ■ ■ · ■ ·
■ · ■ · · ■ 2 ■
· ■ ■ ■ ■ · ■ 6
■ ■ · ■ · · ■ ■
· ■ ■ 1 ■ ■ · ·
■ 4 ■ ■ ■ · ■ 6
· ■ · · · ■ · ■
■ · ■ · · ■ 5 ■
3 ■ 3 ■ ■ · ■ ·
■ · ■ · · ■ 2 ■
· ■ ■ ■ ■ · ■ 6
■ ■ · ■ · · ■ ■
· ■ ■ 1 ■ ■ · ·
■ 4 ■ ■ ■ · ■ 6
· ■ · · · ■ · ■
# Number of solutions found: 10
# CPU time: 0.1442 s
================================= 48 =================================
# Encoding time: 0.07484 s
2 ■ 3 ■ · ■ ·
■ · ■ · ■ · 4
· ■ · ■ 1 ■ ■
· ■ · ■ ■ 4 ■
■ · ■ · ■ · ■
· ■ 2 ■ 2 ■ ·
■ 5 ■ · ■ ■ ■
2 ■ 3 ■ · ■ ·
■ · ■ · ■ · 4
· ■ · ■ 1 ■ ■
· ■ · ■ ■ 4 ■
■ · ■ · ■ · ■
· ■ 2 ■ 2 ■ ·
■ 5 ■ · ■ ■ ■
2 ■ 3 ■ · ■ ·
■ · ■ · ■ · 4
· ■ · ■ 1 ■ ■
· ■ · ■ ■ 4 ■
■ · ■ · ■ · ■
· ■ 2 ■ 2 ■ ·
■ 5 ■ · ■ ■ ■
2 ■ 3 ■ · ■ ·
■ · ■ · ■ · 4
· ■ · ■ 1 ■ ■
· ■ · ■ ■ 4 ■
■ · ■ · ■ · ■
· ■ 2 ■ 2 ■ ·
■ 5 ■ · ■ ■ ■
2 ■ 3 ■ · ■ ·
■ · ■ · ■ · 4
· ■ · ■ 1 ■ ■
· ■ · ■ ■ 4 ■
■ · ■ · ■ · ■
· ■ 2 ■ 2 ■ ·
■ 5 ■ · ■ ■ ■
2 ■ 3 ■ · ■ ·
■ · ■ · ■ · 4
· ■ · ■ 1 ■ ■
· ■ · ■ ■ 4 ■
■ · ■ · ■ · ■
· ■ 2 ■ 2 ■ ·
■ 5 ■ · ■ ■ ■
2 ■ 3 ■ · ■ ·
■ · ■ · ■ · 4
· ■ · ■ 1 ■ ■
· ■ · ■ ■ 4 ■
■ · ■ · ■ · ■
· ■ 2 ■ 2 ■ ·
■ 5 ■ · ■ ■ ■
2 ■ 3 ■ · ■ ·
■ · ■ · ■ · 4
· ■ · ■ 1 ■ ■
· ■ · ■ ■ 4 ■
■ · ■ · ■ · ■
· ■ 2 ■ 2 ■ ·
■ 5 ■ · ■ ■ ■
2 ■ 3 ■ · ■ ·
■ · ■ · ■ · 4
· ■ · ■ 1 ■ ■
· ■ · ■ ■ 4 ■
■ · ■ · ■ · ■
· ■ 2 ■ 2 ■ ·
■ 5 ■ · ■ ■ ■
2 ■ 3 ■ · ■ ·
■ · ■ · ■ · 4
· ■ · ■ 1 ■ ■
· ■ · ■ ■ 4 ■
■ · ■ · ■ · ■
· ■ 2 ■ 2 ■ ·
■ 5 ■ · ■ ■ ■
# Number of solutions found: 10
# CPU time: 0.09944 s
================================= 49 =================================
# Encoding time: 0.3188 s
· ■ 4 · ■ 4 ■ ■ 3 ■
■ · ■ ■ · ■ 1 ■ ■ ·
7 · ■ · ■ · ■ ■ · ■
■ ■ 2 ■ · ■ · ■ ■ 3
■ · ■ ■ ■ 2 ■ ■ · ■
· ■ · · · ■ 5 ■ ■ 1
■ · ■ ■ ■ ■ ■ · ■ ■
3 ■ ■ 1 ■ 3 ■ ■ · ■
■ ■ · ■ · ■ · ■ ■ ■
· · ■ 1 ■ · ■ 1 ■ 1
· ■ 4 · ■ 4 ■ ■ 3 ■
■ · ■ ■ · ■ 1 ■ ■ ·
7 · ■ · ■ · ■ ■ · ■
■ ■ 2 ■ · ■ · ■ ■ 3
■ · ■ ■ ■ 2 ■ ■ · ■
· ■ · · · ■ 5 ■ ■ 1
■ · ■ ■ ■ ■ ■ · ■ ■
3 ■ ■ 1 ■ 3 ■ ■ · ■
■ ■ · ■ · ■ · ■ ■ ■
· · ■ 1 ■ · ■ 1 ■ 1
· ■ 4 · ■ 4 ■ ■ 3 ■
■ · ■ ■ · ■ 1 ■ ■ ·
7 · ■ · ■ · ■ ■ · ■
■ ■ 2 ■ · ■ · ■ ■ 3
■ · ■ ■ ■ 2 ■ ■ · ■
· ■ · · · ■ 5 ■ ■ 1
■ · ■ ■ ■ ■ ■ · ■ ■
3 ■ ■ 1 ■ 3 ■ ■ · ■
■ ■ · ■ · ■ · ■ ■ ■
· · ■ 1 ■ · ■ 1 ■ 1
· ■ 4 · ■ 4 ■ ■ 3 ■
■ · ■ ■ · ■ 1 ■ ■ ·
7 · ■ · ■ · ■ ■ · ■
■ ■ 2 ■ · ■ · ■ ■ 3
■ · ■ ■ ■ 2 ■ ■ · ■
· ■ · · · ■ 5 ■ ■ 1
■ · ■ ■ ■ ■ ■ · ■ ■
3 ■ ■ 1 ■ 3 ■ ■ · ■
■ ■ · ■ · ■ · ■ ■ ■
· · ■ 1 ■ · ■ 1 ■ 1
· ■ 4 · ■ 4 ■ ■ 3 ■
■ · ■ ■ · ■ 1 ■ ■ ·
7 · ■ · ■ · ■ ■ · ■
■ ■ 2 ■ · ■ · ■ ■ 3
■ · ■ ■ ■ 2 ■ ■ · ■
· ■ · · · ■ 5 ■ ■ 1
■ · ■ ■ ■ ■ ■ · ■ ■
3 ■ ■ 1 ■ 3 ■ ■ · ■
■ ■ · ■ · ■ · ■ ■ ■
· · ■ 1 ■ · ■ 1 ■ 1
· ■ 4 · ■ 4 ■ ■ 3 ■
■ · ■ ■ · ■ 1 ■ ■ ·
7 · ■ · ■ · ■ ■ · ■
■ ■ 2 ■ · ■ · ■ ■ 3
■ · ■ ■ ■ 2 ■ ■ · ■
· ■ · · · ■ 5 ■ ■ 1
■ · ■ ■ ■ ■ ■ · ■ ■
3 ■ ■ 1 ■ 3 ■ ■ · ■
■ ■ · ■ · ■ · ■ ■ ■
· · ■ 1 ■ · ■ 1 ■ 1
· ■ 4 · ■ 4 ■ ■ 3 ■
■ · ■ ■ · ■ 1 ■ ■ ·
7 · ■ · ■ · ■ ■ · ■
■ ■ 2 ■ · ■ · ■ ■ 3
■ · ■ ■ ■ 2 ■ ■ · ■
· ■ · · · ■ 5 ■ ■ 1
■ · ■ ■ ■ ■ ■ · ■ ■
3 ■ ■ 1 ■ 3 ■ ■ · ■
■ ■ · ■ · ■ · ■ ■ ■
· · ■ 1 ■ · ■ 1 ■ 1
· ■ 4 · ■ 4 ■ ■ 3 ■
■ · ■ ■ · ■ 1 ■ ■ ·
7 · ■ · ■ · ■ ■ · ■
■ ■ 2 ■ · ■ · ■ ■ 3
■ · ■ ■ ■ 2 ■ ■ · ■
· ■ · · · ■ 5 ■ ■ 1
■ · ■ ■ ■ ■ ■ · ■ ■
3 ■ ■ 1 ■ 3 ■ ■ · ■
■ ■ · ■ · ■ · ■ ■ ■
· · ■ 1 ■ · ■ 1 ■ 1
· ■ 4 · ■ 4 ■ ■ 3 ■
■ · ■ ■ · ■ 1 ■ ■ ·
7 · ■ · ■ · ■ ■ · ■
■ ■ 2 ■ · ■ · ■ ■ 3
■ · ■ ■ ■ 2 ■ ■ · ■
· ■ · · · ■ 5 ■ ■ 1
■ · ■ ■ ■ ■ ■ · ■ ■
3 ■ ■ 1 ■ 3 ■ ■ · ■
■ ■ · ■ · ■ · ■ ■ ■
· · ■ 1 ■ · ■ 1 ■ 1
· ■ 4 · ■ 4 ■ ■ 3 ■
■ · ■ ■ · ■ 1 ■ ■ ·
7 · ■ · ■ · ■ ■ · ■
■ ■ 2 ■ · ■ · ■ ■ 3
■ · ■ ■ ■ 2 ■ ■ · ■
· ■ · · · ■ 5 ■ ■ 1
■ · ■ ■ ■ ■ ■ · ■ ■
3 ■ ■ 1 ■ 3 ■ ■ · ■
■ ■ · ■ · ■ · ■ ■ ■
· · ■ 1 ■ · ■ 1 ■ 1
# Number of solutions found: 10
# CPU time: 0.4253 s
================================= 50 =================================
# Encoding time: 0.6313 s
· ■ · ■ ■ · ■ ·
■ 8 ■ · ■ ■ · ■
■ ■ 1 ■ ■ · ■ ·
1 ■ ■ 3 ■ ■ ■ ■
■ 1 ■ ■ · ■ 2 ■
· ■ · ■ ■ 3 ■ 2
3 · ■ · ■ ■ · ■
■ ■ ■ ■ · ■ ■ ·
■ · · ■ ■ 2 · ■
■ ■ ■ · · ■ ■ 2
4 ■ 4 ■ ■ · ■ ·
■ 2 ■ ■ 2 ■ · ■
· ■ · ■ ■ · ■ ■
■ ■ · ■ · ■ · 5
· ■ ■ 3 ■ · ■ ■
■ 2 ■ ■ · ■ ■ ·
2 ■ · ■ ■ 2 ■ 3
■ · ■ 3 · ■ · ■
· ■ · ■ ■ · ■ ·
■ 8 ■ · ■ ■ · ■
■ ■ 1 ■ ■ · ■ ·
1 ■ ■ 3 ■ ■ ■ ■
■ 1 ■ ■ · ■ 2 ■
· ■ · ■ ■ 3 ■ 2
3 · ■ · ■ ■ · ■
■ ■ ■ ■ · ■ ■ ·
■ · · ■ ■ 2 · ■
■ ■ ■ · · ■ ■ 2
4 ■ 4 ■ ■ · ■ ·
■ 2 ■ ■ 2 ■ · ■
· ■ · ■ ■ · ■ ■
■ ■ · ■ · ■ · 5
· ■ ■ 3 ■ · ■ ■
■ 2 ■ ■ · ■ ■ ·
2 ■ · ■ ■ 2 ■ 3
■ · ■ 3 · ■ · ■
· ■ · ■ ■ · ■ ·
■ 8 ■ · ■ ■ · ■
■ ■ 1 ■ ■ · ■ ·
1 ■ ■ 3 ■ ■ ■ ■
■ 1 ■ ■ · ■ 2 ■
· ■ · ■ ■ 3 ■ 2
3 · ■ · ■ ■ · ■
■ ■ ■ ■ · ■ ■ ·
■ · · ■ ■ 2 · ■
■ ■ ■ · · ■ ■ 2
4 ■ 4 ■ ■ · ■ ·
■ 2 ■ ■ 2 ■ · ■
· ■ · ■ ■ · ■ ■
■ ■ · ■ · ■ · 5
· ■ ■ 3 ■ · ■ ■
■ 2 ■ ■ · ■ ■ ·
2 ■ · ■ ■ 2 ■ 3
■ · ■ 3 · ■ · ■
· ■ · ■ ■ · ■ ·
■ 8 ■ · ■ ■ · ■
■ ■ 1 ■ ■ · ■ ·
1 ■ ■ 3 ■ ■ ■ ■
■ 1 ■ ■ · ■ 2 ■
· ■ · ■ ■ 3 ■ 2
3 · ■ · ■ ■ · ■
■ ■ ■ ■ · ■ ■ ·
■ · · ■ ■ 2 · ■
■ ■ ■ · · ■ ■ 2
4 ■ 4 ■ ■ · ■ ·
■ 2 ■ ■ 2 ■ · ■
· ■ · ■ ■ · ■ ■
■ ■ · ■ · ■ · 5
· ■ ■ 3 ■ · ■ ■
■ 2 ■ ■ · ■ ■ ·
2 ■ · ■ ■ 2 ■ 3
■ · ■ 3 · ■ · ■
· ■ · ■ ■ · ■ ·
■ 8 ■ · ■ ■ · ■
■ ■ 1 ■ ■ · ■ ·
1 ■ ■ 3 ■ ■ ■ ■
■ 1 ■ ■ · ■ 2 ■
· ■ · ■ ■ 3 ■ 2
3 · ■ · ■ ■ · ■
■ ■ ■ ■ · ■ ■ ·
■ · · ■ ■ 2 · ■
■ ■ ■ · · ■ ■ 2
4 ■ 4 ■ ■ · ■ ·
■ 2 ■ ■ 2 ■ · ■
· ■ · ■ ■ · ■ ■
■ ■ · ■ · ■ · 5
· ■ ■ 3 ■ · ■ ■
■ 2 ■ ■ · ■ ■ ·
2 ■ · ■ ■ 2 ■ 3
■ · ■ 3 · ■ · ■
· ■ · ■ ■ · ■ ·
■ 8 ■ · ■ ■ · ■
■ ■ 1 ■ ■ · ■ ·
1 ■ ■ 3 ■ ■ ■ ■
■ 1 ■ ■ · ■ 2 ■
· ■ · ■ ■ 3 ■ 2
3 · ■ · ■ ■ · ■
■ ■ ■ ■ · ■ ■ ·
■ · · ■ ■ 2 · ■
■ ■ ■ · · ■ ■ 2
4 ■ 4 ■ ■ · ■ ·
■ 2 ■ ■ 2 ■ · ■
· ■ · ■ ■ · ■ ■
■ ■ · ■ · ■ · 5
· ■ ■ 3 ■ · ■ ■
■ 2 ■ ■ · ■ ■ ·
2 ■ · ■ ■ 2 ■ 3
■ · ■ 3 · ■ · ■
· ■ · ■ ■ · ■ ·
■ 8 ■ · ■ ■ · ■
■ ■ 1 ■ ■ · ■ ·
1 ■ ■ 3 ■ ■ ■ ■
■ 1 ■ ■ · ■ 2 ■
· ■ · ■ ■ 3 ■ 2
3 · ■ · ■ ■ · ■
■ ■ ■ ■ · ■ ■ ·
■ · · ■ ■ 2 · ■
■ ■ ■ · · ■ ■ 2
4 ■ 4 ■ ■ · ■ ·
■ 2 ■ ■ 2 ■ · ■
· ■ · ■ ■ · ■ ■
■ ■ · ■ · ■ · 5
· ■ ■ 3 ■ · ■ ■
■ 2 ■ ■ · ■ ■ ·
2 ■ · ■ ■ 2 ■ 3
■ · ■ 3 · ■ · ■
· ■ · ■ ■ · ■ ·
■ 8 ■ · ■ ■ · ■
■ ■ 1 ■ ■ · ■ ·
1 ■ ■ 3 ■ ■ ■ ■
■ 1 ■ ■ · ■ 2 ■
· ■ · ■ ■ 3 ■ 2
3 · ■ · ■ ■ · ■
■ ■ ■ ■ · ■ ■ ·
■ · · ■ ■ 2 · ■
■ ■ ■ · · ■ ■ 2
4 ■ 4 ■ ■ · ■ ·
■ 2 ■ ■ 2 ■ · ■
· ■ · ■ ■ · ■ ■
■ ■ · ■ · ■ · 5
· ■ ■ 3 ■ · ■ ■
■ 2 ■ ■ · ■ ■ ·
2 ■ · ■ ■ 2 ■ 3
■ · ■ 3 · ■ · ■
· ■ · ■ ■ · ■ ·
■ 8 ■ · ■ ■ · ■
■ ■ 1 ■ ■ · ■ ·
1 ■ ■ 3 ■ ■ ■ ■
■ 1 ■ ■ · ■ 2 ■
· ■ · ■ ■ 3 ■ 2
3 · ■ · ■ ■ · ■
■ ■ ■ ■ · ■ ■ ·
■ · · ■ ■ 2 · ■
■ ■ ■ · · ■ ■ 2
4 ■ 4 ■ ■ · ■ ·
■ 2 ■ ■ 2 ■ · ■
· ■ · ■ ■ · ■ ■
■ ■ · ■ · ■ · 5
· ■ ■ 3 ■ · ■ ■
■ 2 ■ ■ · ■ ■ ·
2 ■ · ■ ■ 2 ■ 3
■ · ■ 3 · ■ · ■
· ■ · ■ ■ · ■ ·
■ 8 ■ · ■ ■ · ■
■ ■ 1 ■ ■ · ■ ·
1 ■ ■ 3 ■ ■ ■ ■
■ 1 ■ ■ · ■ 2 ■
· ■ · ■ ■ 3 ■ 2
3 · ■ · ■ ■ · ■
■ ■ ■ ■ · ■ ■ ·
■ · · ■ ■ 2 · ■
■ ■ ■ · · ■ ■ 2
4 ■ 4 ■ ■ · ■ ·
■ 2 ■ ■ 2 ■ · ■
· ■ · ■ ■ · ■ ■
■ ■ · ■ · ■ · 5
· ■ ■ 3 ■ · ■ ■
■ 2 ■ ■ · ■ ■ ·
2 ■ · ■ ■ 2 ■ 3
■ · ■ 3 · ■ · ■
# Number of solutions found: 10
# CPU time: 1.023 s
================================= 51 =================================
# Encoding time: 1.013 s
2 · ■ · ■ ■ ■ · ■ ■ ■ · 6 ■ ■ · ■ 2 ■ ·
■ ■ 6 ■ ■ · ■ ■ · · ■ ■ ■ ■ 1 ■ · ■ 2 ■
■ · ■ ■ 3 ■ ■ 3 ■ ■ 3 ■ · · ■ · ■ ■ ■ ·
■ ■ ■ · ■ ■ · ■ · 5 ■ ■ · ■ ■ · ■ · ■ ■
2 ■ 2 ■ · ■ ■ · ■ ■ · ■ ■ ■ 3 ■ · ■ 2 ■
· ■ ■ 1 ■ · ■ ■ 4 ■ · ■ · ■ ■ · ■ · ■ ·
■ · ■ ■ · ■ · ■ ■ ■ ■ · ■ · ■ ■ 5 ■ · ■
· ■ 4 · ■ 1 ■ ■ 2 ■ · ■ ■ ■ 3 ■ ■ 2 ■ 2
■ · ■ · ■ ■ ■ · ■ 3 ■ · · ■ ■ 4 ■ ■ · ■
8 ■ · ■ · ■ · ■ · ■ · ■ ■ ■ · ■ · ■ · ■
2 · ■ · ■ ■ ■ · ■ ■ ■ · 6 ■ ■ · ■ 2 ■ ·
■ ■ 6 ■ ■ · ■ ■ · · ■ ■ ■ ■ 1 ■ · ■ 2 ■
■ · ■ ■ 3 ■ ■ 3 ■ ■ 3 ■ · · ■ · ■ ■ ■ ·
■ ■ ■ · ■ ■ · ■ · 5 ■ ■ · ■ ■ · ■ · ■ ■
2 ■ 2 ■ · ■ ■ · ■ ■ · ■ ■ ■ 3 ■ · ■ 2 ■
· ■ ■ 1 ■ · ■ ■ 4 ■ · ■ · ■ ■ · ■ · ■ ·
■ · ■ ■ · ■ · ■ ■ ■ ■ · ■ · ■ ■ 5 ■ · ■
· ■ 4 · ■ 1 ■ ■ 2 ■ · ■ ■ ■ 3 ■ ■ 2 ■ 2
■ · ■ · ■ ■ ■ · ■ 3 ■ · · ■ ■ 4 ■ ■ · ■
8 ■ · ■ · ■ · ■ · ■ · ■ ■ ■ · ■ · ■ · ■
2 · ■ · ■ ■ ■ · ■ ■ ■ · 6 ■ ■ · ■ 2 ■ ·
■ ■ 6 ■ ■ · ■ ■ · · ■ ■ ■ ■ 1 ■ · ■ 2 ■
■ · ■ ■ 3 ■ ■ 3 ■ ■ 3 ■ · · ■ · ■ ■ ■ ·
■ ■ ■ · ■ ■ · ■ · 5 ■ ■ · ■ ■ · ■ · ■ ■
2 ■ 2 ■ · ■ ■ · ■ ■ · ■ ■ ■ 3 ■ · ■ 2 ■
· ■ ■ 1 ■ · ■ ■ 4 ■ · ■ · ■ ■ · ■ · ■ ·
■ · ■ ■ · ■ · ■ ■ ■ ■ · ■ · ■ ■ 5 ■ · ■
· ■ 4 · ■ 1 ■ ■ 2 ■ · ■ ■ ■ 3 ■ ■ 2 ■ 2
■ · ■ · ■ ■ ■ · ■ 3 ■ · · ■ ■ 4 ■ ■ · ■
8 ■ · ■ · ■ · ■ · ■ · ■ ■ ■ · ■ · ■ · ■
2 · ■ · ■ ■ ■ · ■ ■ ■ · 6 ■ ■ · ■ 2 ■ ·
■ ■ 6 ■ ■ · ■ ■ · · ■ ■ ■ ■ 1 ■ · ■ 2 ■
■ · ■ ■ 3 ■ ■ 3 ■ ■ 3 ■ · · ■ · ■ ■ ■ ·
■ ■ ■ · ■ ■ · ■ · 5 ■ ■ · ■ ■ · ■ · ■ ■
2 ■ 2 ■ · ■ ■ · ■ ■ · ■ ■ ■ 3 ■ · ■ 2 ■
· ■ ■ 1 ■ · ■ ■ 4 ■ · ■ · ■ ■ · ■ · ■ ·
■ · ■ ■ · ■ · ■ ■ ■ ■ · ■ · ■ ■ 5 ■ · ■
· ■ 4 · ■ 1 ■ ■ 2 ■ · ■ ■ ■ 3 ■ ■ 2 ■ 2
■ · ■ · ■ ■ ■ · ■ 3 ■ · · ■ ■ 4 ■ ■ · ■
8 ■ · ■ · ■ · ■ · ■ · ■ ■ ■ · ■ · ■ · ■
2 · ■ · ■ ■ ■ · ■ ■ ■ · 6 ■ ■ · ■ 2 ■ ·
■ ■ 6 ■ ■ · ■ ■ · · ■ ■ ■ ■ 1 ■ · ■ 2 ■
■ · ■ ■ 3 ■ ■ 3 ■ ■ 3 ■ · · ■ · ■ ■ ■ ·
■ ■ ■ · ■ ■ · ■ · 5 ■ ■ · ■ ■ · ■ · ■ ■
2 ■ 2 ■ · ■ ■ · ■ ■ · ■ ■ ■ 3 ■ · ■ 2 ■
· ■ ■ 1 ■ · ■ ■ 4 ■ · ■ · ■ ■ · ■ · ■ ·
■ · ■ ■ · ■ · ■ ■ ■ ■ · ■ · ■ ■ 5 ■ · ■
· ■ 4 · ■ 1 ■ ■ 2 ■ · ■ ■ ■ 3 ■ ■ 2 ■ 2
■ · ■ · ■ ■ ■ · ■ 3 ■ · · ■ ■ 4 ■ ■ · ■
8 ■ · ■ · ■ · ■ · ■ · ■ ■ ■ · ■ · ■ · ■
2 · ■ · ■ ■ ■ · ■ ■ ■ · 6 ■ ■ · ■ 2 ■ ·
■ ■ 6 ■ ■ · ■ ■ · · ■ ■ ■ ■ 1 ■ · ■ 2 ■
■ · ■ ■ 3 ■ ■ 3 ■ ■ 3 ■ · · ■ · ■ ■ ■ ·
■ ■ ■ · ■ ■ · ■ · 5 ■ ■ · ■ ■ · ■ · ■ ■
2 ■ 2 ■ · ■ ■ · ■ ■ · ■ ■ ■ 3 ■ · ■ 2 ■
· ■ ■ 1 ■ · ■ ■ 4 ■ · ■ · ■ ■ · ■ · ■ ·
■ · ■ ■ · ■ · ■ ■ ■ ■ · ■ · ■ ■ 5 ■ · ■
· ■ 4 · ■ 1 ■ ■ 2 ■ · ■ ■ ■ 3 ■ ■ 2 ■ 2
■ · ■ · ■ ■ ■ · ■ 3 ■ · · ■ ■ 4 ■ ■ · ■
8 ■ · ■ · ■ · ■ · ■ · ■ ■ ■ · ■ · ■ · ■
2 · ■ · ■ ■ ■ · ■ ■ ■ · 6 ■ ■ · ■ 2 ■ ·
■ ■ 6 ■ ■ · ■ ■ · · ■ ■ ■ ■ 1 ■ · ■ 2 ■
■ · ■ ■ 3 ■ ■ 3 ■ ■ 3 ■ · · ■ · ■ ■ ■ ·
■ ■ ■ · ■ ■ · ■ · 5 ■ ■ · ■ ■ · ■ · ■ ■
2 ■ 2 ■ · ■ ■ · ■ ■ · ■ ■ ■ 3 ■ · ■ 2 ■
· ■ ■ 1 ■ · ■ ■ 4 ■ · ■ · ■ ■ · ■ · ■ ·
■ · ■ ■ · ■ · ■ ■ ■ ■ · ■ · ■ ■ 5 ■ · ■
· ■ 4 · ■ 1 ■ ■ 2 ■ · ■ ■ ■ 3 ■ ■ 2 ■ 2
■ · ■ · ■ ■ ■ · ■ 3 ■ · · ■ ■ 4 ■ ■ · ■
8 ■ · ■ · ■ · ■ · ■ · ■ ■ ■ · ■ · ■ · ■
2 · ■ · ■ ■ ■ · ■ ■ ■ · 6 ■ ■ · ■ 2 ■ ·
■ ■ 6 ■ ■ · ■ ■ · · ■ ■ ■ ■ 1 ■ · ■ 2 ■
■ · ■ ■ 3 ■ ■ 3 ■ ■ 3 ■ · · ■ · ■ ■ ■ ·
■ ■ ■ · ■ ■ · ■ · 5 ■ ■ · ■ ■ · ■ · ■ ■
2 ■ 2 ■ · ■ ■ · ■ ■ · ■ ■ ■ 3 ■ · ■ 2 ■
· ■ ■ 1 ■ · ■ ■ 4 ■ · ■ · ■ ■ · ■ · ■ ·
■ · ■ ■ · ■ · ■ ■ ■ ■ · ■ · ■ ■ 5 ■ · ■
· ■ 4 · ■ 1 ■ ■ 2 ■ · ■ ■ ■ 3 ■ ■ 2 ■ 2
■ · ■ · ■ ■ ■ · ■ 3 ■ · · ■ ■ 4 ■ ■ · ■
8 ■ · ■ · ■ · ■ · ■ · ■ ■ ■ · ■ · ■ · ■
2 · ■ · ■ ■ ■ · ■ ■ ■ · 6 ■ ■ · ■ 2 ■ ·
■ ■ 6 ■ ■ · ■ ■ · · ■ ■ ■ ■ 1 ■ · ■ 2 ■
■ · ■ ■ 3 ■ ■ 3 ■ ■ 3 ■ · · ■ · ■ ■ ■ ·
■ ■ ■ · ■ ■ · ■ · 5 ■ ■ · ■ ■ · ■ · ■ ■
2 ■ 2 ■ · ■ ■ · ■ ■ · ■ ■ ■ 3 ■ · ■ 2 ■
· ■ ■ 1 ■ · ■ ■ 4 ■ · ■ · ■ ■ · ■ · ■ ·
■ · ■ ■ · ■ · ■ ■ ■ ■ · ■ · ■ ■ 5 ■ · ■
· ■ 4 · ■ 1 ■ ■ 2 ■ · ■ ■ ■ 3 ■ ■ 2 ■ 2
■ · ■ · ■ ■ ■ · ■ 3 ■ · · ■ ■ 4 ■ ■ · ■
8 ■ · ■ · ■ · ■ · ■ · ■ ■ ■ · ■ · ■ · ■
2 · ■ · ■ ■ ■ · ■ ■ ■ · 6 ■ ■ · ■ 2 ■ ·
■ ■ 6 ■ ■ · ■ ■ · · ■ ■ ■ ■ 1 ■ · ■ 2 ■
■ · ■ ■ 3 ■ ■ 3 ■ ■ 3 ■ · · ■ · ■ ■ ■ ·
■ ■ ■ · ■ ■ · ■ · 5 ■ ■ · ■ ■ · ■ · ■ ■
2 ■ 2 ■ · ■ ■ · ■ ■ · ■ ■ ■ 3 ■ · ■ 2 ■
· ■ ■ 1 ■ · ■ ■ 4 ■ · ■ · ■ ■ · ■ · ■ ·
■ · ■ ■ · ■ · ■ ■ ■ ■ · ■ · ■ ■ 5 ■ · ■
· ■ 4 · ■ 1 ■ ■ 2 ■ · ■ ■ ■ 3 ■ ■ 2 ■ 2
■ · ■ · ■ ■ ■ · ■ 3 ■ · · ■ ■ 4 ■ ■ · ■
8 ■ · ■ · ■ · ■ · ■ · ■ ■ ■ · ■ · ■ · ■
# Number of solutions found: 10
# CPU time: 1.937 s
================================= 52 =================================
# Encoding time: 0.2288 s
■ · ■ 3 · ■ · · ■
· ■ · ■ ■ 2 ■ ■ 2
■ 3 ■ · · ■ ■ · ■
· ■ · ■ ■ 2 ■ ■ ·
■ 3 ■ 3 ■ ■ · ■ 5
· ■ 1 ■ 1 ■ ■ · ■
■ · ■ · ■ ■ 1 ■ ·
■ ■ ■ ■ ■ 1 ■ 4 ·
4 ■ · 2 ■ ■ · ■ ·
■ · ■ 3 · ■ · · ■
· ■ · ■ ■ 2 ■ ■ 2
■ 3 ■ · · ■ ■ · ■
· ■ · ■ ■ 2 ■ ■ ·
■ 3 ■ 3 ■ ■ · ■ 5
· ■ 1 ■ 1 ■ ■ · ■
■ · ■ · ■ ■ 1 ■ ·
■ ■ ■ ■ ■ 1 ■ 4 ·
4 ■ · 2 ■ ■ · ■ ·
■ · ■ 3 · ■ · · ■
· ■ · ■ ■ 2 ■ ■ 2
■ 3 ■ · · ■ ■ · ■
· ■ · ■ ■ 2 ■ ■ ·
■ 3 ■ 3 ■ ■ · ■ 5
· ■ 1 ■ 1 ■ ■ · ■
■ · ■ · ■ ■ 1 ■ ·
■ ■ ■ ■ ■ 1 ■ 4 ·
4 ■ · 2 ■ ■ · ■ ·
■ · ■ 3 · ■ · · ■
· ■ · ■ ■ 2 ■ ■ 2
■ 3 ■ · · ■ ■ · ■
· ■ · ■ ■ 2 ■ ■ ·
■ 3 ■ 3 ■ ■ · ■ 5
· ■ 1 ■ 1 ■ ■ · ■
■ · ■ · ■ ■ 1 ■ ·
■ ■ ■ ■ ■ 1 ■ 4 ·
4 ■ · 2 ■ ■ · ■ ·
■ · ■ 3 · ■ · · ■
· ■ · ■ ■ 2 ■ ■ 2
■ 3 ■ · · ■ ■ · ■
· ■ · ■ ■ 2 ■ ■ ·
■ 3 ■ 3 ■ ■ · ■ 5
· ■ 1 ■ 1 ■ ■ · ■
■ · ■ · ■ ■ 1 ■ ·
■ ■ ■ ■ ■ 1 ■ 4 ·
4 ■ · 2 ■ ■ · ■ ·
■ · ■ 3 · ■ · · ■
· ■ · ■ ■ 2 ■ ■ 2
■ 3 ■ · · ■ ■ · ■
· ■ · ■ ■ 2 ■ ■ ·
■ 3 ■ 3 ■ ■ · ■ 5
· ■ 1 ■ 1 ■ ■ · ■
■ · ■ · ■ ■ 1 ■ ·
■ ■ ■ ■ ■ 1 ■ 4 ·
4 ■ · 2 ■ ■ · ■ ·
■ · ■ 3 · ■ · · ■
· ■ · ■ ■ 2 ■ ■ 2
■ 3 ■ · · ■ ■ · ■
· ■ · ■ ■ 2 ■ ■ ·
■ 3 ■ 3 ■ ■ · ■ 5
· ■ 1 ■ 1 ■ ■ · ■
■ · ■ · ■ ■ 1 ■ ·
■ ■ ■ ■ ■ 1 ■ 4 ·
4 ■ · 2 ■ ■ · ■ ·
■ · ■ 3 · ■ · · ■
· ■ · ■ ■ 2 ■ ■ 2
■ 3 ■ · · ■ ■ · ■
· ■ · ■ ■ 2 ■ ■ ·
■ 3 ■ 3 ■ ■ · ■ 5
· ■ 1 ■ 1 ■ ■ · ■
■ · ■ · ■ ■ 1 ■ ·
■ ■ ■ ■ ■ 1 ■ 4 ·
4 ■ · 2 ■ ■ · ■ ·
■ · ■ 3 · ■ · · ■
· ■ · ■ ■ 2 ■ ■ 2
■ 3 ■ · · ■ ■ · ■
· ■ · ■ ■ 2 ■ ■ ·
■ 3 ■ 3 ■ ■ · ■ 5
· ■ 1 ■ 1 ■ ■ · ■
■ · ■ · ■ ■ 1 ■ ·
■ ■ ■ ■ ■ 1 ■ 4 ·
4 ■ · 2 ■ ■ · ■ ·
■ · ■ 3 · ■ · · ■
· ■ · ■ ■ 2 ■ ■ 2
■ 3 ■ · · ■ ■ · ■
· ■ · ■ ■ 2 ■ ■ ·
■ 3 ■ 3 ■ ■ · ■ 5
· ■ 1 ■ 1 ■ ■ · ■
■ · ■ · ■ ■ 1 ■ ·
■ ■ ■ ■ ■ 1 ■ 4 ·
4 ■ · 2 ■ ■ · ■ ·
# Number of solutions found: 10
# CPU time: 0.3077 s
================================= 53 =================================
# Encoding time: 0.5674 s
■ · ■ ■ · ■ ■ · 3 ■ · ■
3 ■ 3 ■ ■ ■ 4 ■ ■ · ■ 2
■ · ■ ■ · ■ · · ■ ■ ■ ■
· ■ ■ · ■ · ■ ■ · · · ■
· ■ 2 ■ 4 ■ 3 · ■ ■ ■ 3
■ · ■ · ■ ■ · ■ · · ■ ·
· ■ 4 ■ ■ · ■ · ■ ■ 1 ■
■ · ■ ■ 1 ■ · ■ 4 ■ ■ ·
· ■ 2 ■ ■ · ■ 6 ■ 2 ■ ■
■ · ■ ■ · ■ · ■ · ■ · ■
■ ■ ■ · ■ 8 ■ · ■ 2 ■ ·
■ 2 ■ ■ · ■ ■ ■ 2 ■ · ■
■ · ■ ■ · ■ ■ · 3 ■ · ■
3 ■ 3 ■ ■ ■ 4 ■ ■ · ■ 2
■ · ■ ■ · ■ · · ■ ■ ■ ■
· ■ ■ · ■ · ■ ■ · · · ■
· ■ 2 ■ 4 ■ 3 · ■ ■ ■ 3
■ · ■ · ■ ■ · ■ · · ■ ·
· ■ 4 ■ ■ · ■ · ■ ■ 1 ■
■ · ■ ■ 1 ■ · ■ 4 ■ ■ ·
· ■ 2 ■ ■ · ■ 6 ■ 2 ■ ■
■ · ■ ■ · ■ · ■ · ■ · ■
■ ■ ■ · ■ 8 ■ · ■ 2 ■ ·
■ 2 ■ ■ · ■ ■ ■ 2 ■ · ■
■ · ■ ■ · ■ ■ · 3 ■ · ■
3 ■ 3 ■ ■ ■ 4 ■ ■ · ■ 2
■ · ■ ■ · ■ · · ■ ■ ■ ■
· ■ ■ · ■ · ■ ■ · · · ■
· ■ 2 ■ 4 ■ 3 · ■ ■ ■ 3
■ · ■ · ■ ■ · ■ · · ■ ·
· ■ 4 ■ ■ · ■ · ■ ■ 1 ■
■ · ■ ■ 1 ■ · ■ 4 ■ ■ ·
· ■ 2 ■ ■ · ■ 6 ■ 2 ■ ■
■ · ■ ■ · ■ · ■ · ■ · ■
■ ■ ■ · ■ 8 ■ · ■ 2 ■ ·
■ 2 ■ ■ · ■ ■ ■ 2 ■ · ■
■ · ■ ■ · ■ ■ · 3 ■ · ■
3 ■ 3 ■ ■ ■ 4 ■ ■ · ■ 2
■ · ■ ■ · ■ · · ■ ■ ■ ■
· ■ ■ · ■ · ■ ■ · · · ■
· ■ 2 ■ 4 ■ 3 · ■ ■ ■ 3
■ · ■ · ■ ■ · ■ · · ■ ·
· ■ 4 ■ ■ · ■ · ■ ■ 1 ■
■ · ■ ■ 1 ■ · ■ 4 ■ ■ ·
· ■ 2 ■ ■ · ■ 6 ■ 2 ■ ■
■ · ■ ■ · ■ · ■ · ■ · ■
■ ■ ■ · ■ 8 ■ · ■ 2 ■ ·
■ 2 ■ ■ · ■ ■ ■ 2 ■ · ■
■ · ■ ■ · ■ ■ · 3 ■ · ■
3 ■ 3 ■ ■ ■ 4 ■ ■ · ■ 2
■ · ■ ■ · ■ · · ■ ■ ■ ■
· ■ ■ · ■ · ■ ■ · · · ■
· ■ 2 ■ 4 ■ 3 · ■ ■ ■ 3
■ · ■ · ■ ■ · ■ · · ■ ·
· ■ 4 ■ ■ · ■ · ■ ■ 1 ■
■ · ■ ■ 1 ■ · ■ 4 ■ ■ ·
· ■ 2 ■ ■ · ■ 6 ■ 2 ■ ■
■ · ■ ■ · ■ · ■ · ■ · ■
■ ■ ■ · ■ 8 ■ · ■ 2 ■ ·
■ 2 ■ ■ · ■ ■ ■ 2 ■ · ■
■ · ■ ■ · ■ ■ · 3 ■ · ■
3 ■ 3 ■ ■ ■ 4 ■ ■ · ■ 2
■ · ■ ■ · ■ · · ■ ■ ■ ■
· ■ ■ · ■ · ■ ■ · · · ■
· ■ 2 ■ 4 ■ 3 · ■ ■ ■ 3
■ · ■ · ■ ■ · ■ · · ■ ·
· ■ 4 ■ ■ · ■ · ■ ■ 1 ■
■ · ■ ■ 1 ■ · ■ 4 ■ ■ ·
· ■ 2 ■ ■ · ■ 6 ■ 2 ■ ■
■ · ■ ■ · ■ · ■ · ■ · ■
■ ■ ■ · ■ 8 ■ · ■ 2 ■ ·
■ 2 ■ ■ · ■ ■ ■ 2 ■ · ■
■ · ■ ■ · ■ ■ · 3 ■ · ■
3 ■ 3 ■ ■ ■ 4 ■ ■ · ■ 2
■ · ■ ■ · ■ · · ■ ■ ■ ■
· ■ ■ · ■ · ■ ■ · · · ■
· ■ 2 ■ 4 ■ 3 · ■ ■ ■ 3
■ · ■ · ■ ■ · ■ · · ■ ·
· ■ 4 ■ ■ · ■ · ■ ■ 1 ■
■ · ■ ■ 1 ■ · ■ 4 ■ ■ ·
· ■ 2 ■ ■ · ■ 6 ■ 2 ■ ■
■ · ■ ■ · ■ · ■ · ■ · ■
■ ■ ■ · ■ 8 ■ · ■ 2 ■ ·
■ 2 ■ ■ · ■ ■ ■ 2 ■ · ■
■ · ■ ■ · ■ ■ · 3 ■ · ■
3 ■ 3 ■ ■ ■ 4 ■ ■ · ■ 2
■ · ■ ■ · ■ · · ■ ■ ■ ■
· ■ ■ · ■ · ■ ■ · · · ■
· ■ 2 ■ 4 ■ 3 · ■ ■ ■ 3
■ · ■ · ■ ■ · ■ · · ■ ·
· ■ 4 ■ ■ · ■ · ■ ■ 1 ■
■ · ■ ■ 1 ■ · ■ 4 ■ ■ ·
· ■ 2 ■ ■ · ■ 6 ■ 2 ■ ■
■ · ■ ■ · ■ · ■ · ■ · ■
■ ■ ■ · ■ 8 ■ · ■ 2 ■ ·
■ 2 ■ ■ · ■ ■ ■ 2 ■ · ■
■ · ■ ■ · ■ ■ · 3 ■ · ■
3 ■ 3 ■ ■ ■ 4 ■ ■ · ■ 2
■ · ■ ■ · ■ · · ■ ■ ■ ■
· ■ ■ · ■ · ■ ■ · · · ■
· ■ 2 ■ 4 ■ 3 · ■ ■ ■ 3
■ · ■ · ■ ■ · ■ · · ■ ·
· ■ 4 ■ ■ · ■ · ■ ■ 1 ■
■ · ■ ■ 1 ■ · ■ 4 ■ ■ ·
· ■ 2 ■ ■ · ■ 6 ■ 2 ■ ■
■ · ■ ■ · ■ · ■ · ■ · ■
■ ■ ■ · ■ 8 ■ · ■ 2 ■ ·
■ 2 ■ ■ · ■ ■ ■ 2 ■ · ■
■ · ■ ■ · ■ ■ · 3 ■ · ■
3 ■ 3 ■ ■ ■ 4 ■ ■ · ■ 2
■ · ■ ■ · ■ · · ■ ■ ■ ■
· ■ ■ · ■ · ■ ■ · · · ■
· ■ 2 ■ 4 ■ 3 · ■ ■ ■ 3
■ · ■ · ■ ■ · ■ · · ■ ·
· ■ 4 ■ ■ · ■ · ■ ■ 1 ■
■ · ■ ■ 1 ■ · ■ 4 ■ ■ ·
· ■ 2 ■ ■ · ■ 6 ■ 2 ■ ■
■ · ■ ■ · ■ · ■ · ■ · ■
■ ■ ■ · ■ 8 ■ · ■ 2 ■ ·
■ 2 ■ ■ · ■ ■ ■ 2 ■ · ■
# Number of solutions found: 10
# CPU time: 0.9528 s
================================= 54 =================================
# Encoding time: 0.6798 s
■ · ■ 3 · ■ ■ 2 ■ ·
1 ■ · ■ ■ · ■ ■ 1 ■
■ · ■ · 3 ■ ■ · ■ ·
2 ■ · ■ ■ · ■ ■ · ■
■ · ■ ■ 2 ■ 2 ■ ■ 3
· ■ 4 ■ ■ ■ ■ ■ · ■
■ 2 ■ 2 ■ 1 ■ 3 ■ ·
· ■ · ■ ■ ■ 1 ■ · ■
■ 3 ■ ■ 2 ■ ■ · ■ ·
· ■ ■ · ■ ■ 2 ■ · ■
■ ■ 2 ■ · ■ ■ ■ ■ 5
· · ■ 2 ■ · ■ 1 ■ ■
■ ■ 1 ■ · ■ 5 ■ · ■
3 ■ ■ · ■ · ■ ■ ■ ·
■ · ■ 3 · ■ ■ 2 ■ ·
1 ■ · ■ ■ · ■ ■ 1 ■
■ · ■ · 3 ■ ■ · ■ ·
2 ■ · ■ ■ · ■ ■ · ■
■ · ■ ■ 2 ■ 2 ■ ■ 3
· ■ 4 ■ ■ ■ ■ ■ · ■
■ 2 ■ 2 ■ 1 ■ 3 ■ ·
· ■ · ■ ■ ■ 1 ■ · ■
■ 3 ■ ■ 2 ■ ■ · ■ ·
· ■ ■ · ■ ■ 2 ■ · ■
■ ■ 2 ■ · ■ ■ ■ ■ 5
· · ■ 2 ■ · ■ 1 ■ ■
■ ■ 1 ■ · ■ 5 ■ · ■
3 ■ ■ · ■ · ■ ■ ■ ·
■ · ■ 3 · ■ ■ 2 ■ ·
1 ■ · ■ ■ · ■ ■ 1 ■
■ · ■ · 3 ■ ■ · ■ ·
2 ■ · ■ ■ · ■ ■ · ■
■ · ■ ■ 2 ■ 2 ■ ■ 3
· ■ 4 ■ ■ ■ ■ ■ · ■
■ 2 ■ 2 ■ 1 ■ 3 ■ ·
· ■ · ■ ■ ■ 1 ■ · ■
■ 3 ■ ■ 2 ■ ■ · ■ ·
· ■ ■ · ■ ■ 2 ■ · ■
■ ■ 2 ■ · ■ ■ ■ ■ 5
· · ■ 2 ■ · ■ 1 ■ ■
■ ■ 1 ■ · ■ 5 ■ · ■
3 ■ ■ · ■ · ■ ■ ■ ·
■ · ■ 3 · ■ ■ 2 ■ ·
1 ■ · ■ ■ · ■ ■ 1 ■
■ · ■ · 3 ■ ■ · ■ ·
2 ■ · ■ ■ · ■ ■ · ■
■ · ■ ■ 2 ■ 2 ■ ■ 3
· ■ 4 ■ ■ ■ ■ ■ · ■
■ 2 ■ 2 ■ 1 ■ 3 ■ ·
· ■ · ■ ■ ■ 1 ■ · ■
■ 3 ■ ■ 2 ■ ■ · ■ ·
· ■ ■ · ■ ■ 2 ■ · ■
■ ■ 2 ■ · ■ ■ ■ ■ 5
· · ■ 2 ■ · ■ 1 ■ ■
■ ■ 1 ■ · ■ 5 ■ · ■
3 ■ ■ · ■ · ■ ■ ■ ·
■ · ■ 3 · ■ ■ 2 ■ ·
1 ■ · ■ ■ · ■ ■ 1 ■
■ · ■ · 3 ■ ■ · ■ ·
2 ■ · ■ ■ · ■ ■ · ■
■ · ■ ■ 2 ■ 2 ■ ■ 3
· ■ 4 ■ ■ ■ ■ ■ · ■
■ 2 ■ 2 ■ 1 ■ 3 ■ ·
· ■ · ■ ■ ■ 1 ■ · ■
■ 3 ■ ■ 2 ■ ■ · ■ ·
· ■ ■ · ■ ■ 2 ■ · ■
■ ■ 2 ■ · ■ ■ ■ ■ 5
· · ■ 2 ■ · ■ 1 ■ ■
■ ■ 1 ■ · ■ 5 ■ · ■
3 ■ ■ · ■ · ■ ■ ■ ·
■ · ■ 3 · ■ ■ 2 ■ ·
1 ■ · ■ ■ · ■ ■ 1 ■
■ · ■ · 3 ■ ■ · ■ ·
2 ■ · ■ ■ · ■ ■ · ■
■ · ■ ■ 2 ■ 2 ■ ■ 3
· ■ 4 ■ ■ ■ ■ ■ · ■
■ 2 ■ 2 ■ 1 ■ 3 ■ ·
· ■ · ■ ■ ■ 1 ■ · ■
■ 3 ■ ■ 2 ■ ■ · ■ ·
· ■ ■ · ■ ■ 2 ■ · ■
■ ■ 2 ■ · ■ ■ ■ ■ 5
· · ■ 2 ■ · ■ 1 ■ ■
■ ■ 1 ■ · ■ 5 ■ · ■
3 ■ ■ · ■ · ■ ■ ■ ·
■ · ■ 3 · ■ ■ 2 ■ ·
1 ■ · ■ ■ · ■ ■ 1 ■
■ · ■ · 3 ■ ■ · ■ ·
2 ■ · ■ ■ · ■ ■ · ■
■ · ■ ■ 2 ■ 2 ■ ■ 3
· ■ 4 ■ ■ ■ ■ ■ · ■
■ 2 ■ 2 ■ 1 ■ 3 ■ ·
· ■ · ■ ■ ■ 1 ■ · ■
■ 3 ■ ■ 2 ■ ■ · ■ ·
· ■ ■ · ■ ■ 2 ■ · ■
■ ■ 2 ■ · ■ ■ ■ ■ 5
· · ■ 2 ■ · ■ 1 ■ ■
■ ■ 1 ■ · ■ 5 ■ · ■
3 ■ ■ · ■ · ■ ■ ■ ·
■ · ■ 3 · ■ ■ 2 ■ ·
1 ■ · ■ ■ · ■ ■ 1 ■
■ · ■ · 3 ■ ■ · ■ ·
2 ■ · ■ ■ · ■ ■ · ■
■ · ■ ■ 2 ■ 2 ■ ■ 3
· ■ 4 ■ ■ ■ ■ ■ · ■
■ 2 ■ 2 ■ 1 ■ 3 ■ ·
· ■ · ■ ■ ■ 1 ■ · ■
■ 3 ■ ■ 2 ■ ■ · ■ ·
· ■ ■ · ■ ■ 2 ■ · ■
■ ■ 2 ■ · ■ ■ ■ ■ 5
· · ■ 2 ■ · ■ 1 ■ ■
■ ■ 1 ■ · ■ 5 ■ · ■
3 ■ ■ · ■ · ■ ■ ■ ·
■ · ■ 3 · ■ ■ 2 ■ ·
1 ■ · ■ ■ · ■ ■ 1 ■
■ · ■ · 3 ■ ■ · ■ ·
2 ■ · ■ ■ · ■ ■ · ■
■ · ■ ■ 2 ■ 2 ■ ■ 3
· ■ 4 ■ ■ ■ ■ ■ · ■
■ 2 ■ 2 ■ 1 ■ 3 ■ ·
· ■ · ■ ■ ■ 1 ■ · ■
■ 3 ■ ■ 2 ■ ■ · ■ ·
· ■ ■ · ■ ■ 2 ■ · ■
■ ■ 2 ■ · ■ ■ ■ ■ 5
· · ■ 2 ■ · ■ 1 ■ ■
■ ■ 1 ■ · ■ 5 ■ · ■
3 ■ ■ · ■ · ■ ■ ■ ·
■ · ■ 3 · ■ ■ 2 ■ ·
1 ■ · ■ ■ · ■ ■ 1 ■
■ · ■ · 3 ■ ■ · ■ ·
2 ■ · ■ ■ · ■ ■ · ■
■ · ■ ■ 2 ■ 2 ■ ■ 3
· ■ 4 ■ ■ ■ ■ ■ · ■
■ 2 ■ 2 ■ 1 ■ 3 ■ ·
· ■ · ■ ■ ■ 1 ■ · ■
■ 3 ■ ■ 2 ■ ■ · ■ ·
· ■ ■ · ■ ■ 2 ■ · ■
■ ■ 2 ■ · ■ ■ ■ ■ 5
· · ■ 2 ■ · ■ 1 ■ ■
■ ■ 1 ■ · ■ 5 ■ · ■
3 ■ ■ · ■ · ■ ■ ■ ·
# Number of solutions found: 10
# CPU time: 0.9949 s
================================= 55 =================================
# Encoding time: 0.05891 s
· ■ · · ■ ■ ·
■ 1 ■ ■ · 7 ■
· ■ · ■ ■ ■ 4
■ ■ ■ ■ 2 ■ ■
■ · ■ · ■ · ■
■ · ■ ■ ■ ■ ·
■ ■ 3 ■ 1 ■ ■
· ■ · · ■ ■ ·
■ 1 ■ ■ · 7 ■
· ■ · ■ ■ ■ 4
■ ■ ■ ■ 2 ■ ■
■ · ■ · ■ · ■
■ · ■ ■ ■ ■ ·
■ ■ 3 ■ 1 ■ ■
· ■ · · ■ ■ ·
■ 1 ■ ■ · 7 ■
· ■ · ■ ■ ■ 4
■ ■ ■ ■ 2 ■ ■
■ · ■ · ■ · ■
■ · ■ ■ ■ ■ ·
■ ■ 3 ■ 1 ■ ■
· ■ · · ■ ■ ·
■ 1 ■ ■ · 7 ■
· ■ · ■ ■ ■ 4
■ ■ ■ ■ 2 ■ ■
■ · ■ · ■ · ■
■ · ■ ■ ■ ■ ·
■ ■ 3 ■ 1 ■ ■
· ■ · · ■ ■ ·
■ 1 ■ ■ · 7 ■
· ■ · ■ ■ ■ 4
■ ■ ■ ■ 2 ■ ■
■ · ■ · ■ · ■
■ · ■ ■ ■ ■ ·
■ ■ 3 ■ 1 ■ ■
· ■ · · ■ ■ ·
■ 1 ■ ■ · 7 ■
· ■ · ■ ■ ■ 4
■ ■ ■ ■ 2 ■ ■
■ · ■ · ■ · ■
■ · ■ ■ ■ ■ ·
■ ■ 3 ■ 1 ■ ■
· ■ · · ■ ■ ·
■ 1 ■ ■ · 7 ■
· ■ · ■ ■ ■ 4
■ ■ ■ ■ 2 ■ ■
■ · ■ · ■ · ■
■ · ■ ■ ■ ■ ·
■ ■ 3 ■ 1 ■ ■
· ■ · · ■ ■ ·
■ 1 ■ ■ · 7 ■
· ■ · ■ ■ ■ 4
■ ■ ■ ■ 2 ■ ■
■ · ■ · ■ · ■
■ · ■ ■ ■ ■ ·
■ ■ 3 ■ 1 ■ ■
· ■ · · ■ ■ ·
■ 1 ■ ■ · 7 ■
· ■ · ■ ■ ■ 4
■ ■ ■ ■ 2 ■ ■
■ · ■ · ■ · ■
■ · ■ ■ ■ ■ ·
■ ■ 3 ■ 1 ■ ■
· ■ · · ■ ■ ·
■ 1 ■ ■ · 7 ■
· ■ · ■ ■ ■ 4
■ ■ ■ ■ 2 ■ ■
■ · ■ · ■ · ■
■ · ■ ■ ■ ■ ·
■ ■ 3 ■ 1 ■ ■
# Number of solutions found: 10
# CPU time: 0.07874 s
================================= 56 =================================
# Encoding time: 1.424 s
■ · ■ · ■ · ■ · · ■ 3 ■ · ■ ·
· ■ ■ ■ ■ ■ 2 ■ ■ 2 ■ ■ ■ 1 ■
■ ■ · 2 ■ · ■ ■ · ■ ■ · ■ ■ ·
■ · ■ ■ ■ · ■ 2 ■ 2 ■ ■ 2 ■ ■
5 ■ · ■ · ■ · ■ 2 ■ · · ■ · ■
■ 2 ■ 4 ■ · ■ · ■ · ■ ■ · ■ ·
■ ■ · ■ 9 ■ · ■ ■ ■ · ■ ■ 3 ■
· ■ ■ 2 ■ · ■ ■ · ■ ■ 5 · ■ ·
■ 1 ■ ■ ■ ■ ■ · ■ ■ 4 ■ ■ ■ ■
■ ■ ■ · ■ · ■ ■ · ■ ■ 3 ■ 1 ■
■ · ■ ■ · ■ 3 ■ ■ ■ · ■ ■ ■ 2
■ ■ 4 ■ ■ 2 ■ 3 ■ · ■ ■ · ■ ■
· ■ ■ ■ · ■ · ■ ■ ■ ■ 2 ■ ■ ·
■ 2 ■ · ■ 2 ■ ■ 3 ■ · ■ ■ 1 ■
· ■ · ■ 3 ■ · ■ ■ · ■ ■ 1 ■ ■
■ · ■ · ■ · ■ · · ■ 3 ■ · ■ ·
· ■ ■ ■ ■ ■ 2 ■ ■ 2 ■ ■ ■ 1 ■
■ ■ · 2 ■ · ■ ■ · ■ ■ · ■ ■ ·
■ · ■ ■ ■ · ■ 2 ■ 2 ■ ■ 2 ■ ■
5 ■ · ■ · ■ · ■ 2 ■ · · ■ · ■
■ 2 ■ 4 ■ · ■ · ■ · ■ ■ · ■ ·
■ ■ · ■ 9 ■ · ■ ■ ■ · ■ ■ 3 ■
· ■ ■ 2 ■ · ■ ■ · ■ ■ 5 · ■ ·
■ 1 ■ ■ ■ ■ ■ · ■ ■ 4 ■ ■ ■ ■
■ ■ ■ · ■ · ■ ■ · ■ ■ 3 ■ 1 ■
■ · ■ ■ · ■ 3 ■ ■ ■ · ■ ■ ■ 2
■ ■ 4 ■ ■ 2 ■ 3 ■ · ■ ■ · ■ ■
· ■ ■ ■ · ■ · ■ ■ ■ ■ 2 ■ ■ ·
■ 2 ■ · ■ 2 ■ ■ 3 ■ · ■ ■ 1 ■
· ■ · ■ 3 ■ · ■ ■ · ■ ■ 1 ■ ■
■ · ■ · ■ · ■ · · ■ 3 ■ · ■ ·
· ■ ■ ■ ■ ■ 2 ■ ■ 2 ■ ■ ■ 1 ■
■ ■ · 2 ■ · ■ ■ · ■ ■ · ■ ■ ·
■ · ■ ■ ■ · ■ 2 ■ 2 ■ ■ 2 ■ ■
5 ■ · ■ · ■ · ■ 2 ■ · · ■ · ■
■ 2 ■ 4 ■ · ■ · ■ · ■ ■ · ■ ·
■ ■ · ■ 9 ■ · ■ ■ ■ · ■ ■ 3 ■
· ■ ■ 2 ■ · ■ ■ · ■ ■ 5 · ■ ·
■ 1 ■ ■ ■ ■ ■ · ■ ■ 4 ■ ■ ■ ■
■ ■ ■ · ■ · ■ ■ · ■ ■ 3 ■ 1 ■
■ · ■ ■ · ■ 3 ■ ■ ■ · ■ ■ ■ 2
■ ■ 4 ■ ■ 2 ■ 3 ■ · ■ ■ · ■ ■
· ■ ■ ■ · ■ · ■ ■ ■ ■ 2 ■ ■ ·
■ 2 ■ · ■ 2 ■ ■ 3 ■ · ■ ■ 1 ■
· ■ · ■ 3 ■ · ■ ■ · ■ ■ 1 ■ ■
■ · ■ · ■ · ■ · · ■ 3 ■ · ■ ·
· ■ ■ ■ ■ ■ 2 ■ ■ 2 ■ ■ ■ 1 ■
■ ■ · 2 ■ · ■ ■ · ■ ■ · ■ ■ ·
■ · ■ ■ ■ · ■ 2 ■ 2 ■ ■ 2 ■ ■
5 ■ · ■ · ■ · ■ 2 ■ · · ■ · ■
■ 2 ■ 4 ■ · ■ · ■ · ■ ■ · ■ ·
■ ■ · ■ 9 ■ · ■ ■ ■ · ■ ■ 3 ■
· ■ ■ 2 ■ · ■ ■ · ■ ■ 5 · ■ ·
■ 1 ■ ■ ■ ■ ■ · ■ ■ 4 ■ ■ ■ ■
■ ■ ■ · ■ · ■ ■ · ■ ■ 3 ■ 1 ■
■ · ■ ■ · ■ 3 ■ ■ ■ · ■ ■ ■ 2
■ ■ 4 ■ ■ 2 ■ 3 ■ · ■ ■ · ■ ■
· ■ ■ ■ · ■ · ■ ■ ■ ■ 2 ■ ■ ·
■ 2 ■ · ■ 2 ■ ■ 3 ■ · ■ ■ 1 ■
· ■ · ■ 3 ■ · ■ ■ · ■ ■ 1 ■ ■
■ · ■ · ■ · ■ · · ■ 3 ■ · ■ ·
· ■ ■ ■ ■ ■ 2 ■ ■ 2 ■ ■ ■ 1 ■
■ ■ · 2 ■ · ■ ■ · ■ ■ · ■ ■ ·
■ · ■ ■ ■ · ■ 2 ■ 2 ■ ■ 2 ■ ■
5 ■ · ■ · ■ · ■ 2 ■ · · ■ · ■
■ 2 ■ 4 ■ · ■ · ■ · ■ ■ · ■ ·
■ ■ · ■ 9 ■ · ■ ■ ■ · ■ ■ 3 ■
· ■ ■ 2 ■ · ■ ■ · ■ ■ 5 · ■ ·
■ 1 ■ ■ ■ ■ ■ · ■ ■ 4 ■ ■ ■ ■
■ ■ ■ · ■ · ■ ■ · ■ ■ 3 ■ 1 ■
■ · ■ ■ · ■ 3 ■ ■ ■ · ■ ■ ■ 2
■ ■ 4 ■ ■ 2 ■ 3 ■ · ■ ■ · ■ ■
· ■ ■ ■ · ■ · ■ ■ ■ ■ 2 ■ ■ ·
■ 2 ■ · ■ 2 ■ ■ 3 ■ · ■ ■ 1 ■
· ■ · ■ 3 ■ · ■ ■ · ■ ■ 1 ■ ■
■ · ■ · ■ · ■ · · ■ 3 ■ · ■ ·
· ■ ■ ■ ■ ■ 2 ■ ■ 2 ■ ■ ■ 1 ■
■ ■ · 2 ■ · ■ ■ · ■ ■ · ■ ■ ·
■ · ■ ■ ■ · ■ 2 ■ 2 ■ ■ 2 ■ ■
5 ■ · ■ · ■ · ■ 2 ■ · · ■ · ■
■ 2 ■ 4 ■ · ■ · ■ · ■ ■ · ■ ·
■ ■ · ■ 9 ■ · ■ ■ ■ · ■ ■ 3 ■
· ■ ■ 2 ■ · ■ ■ · ■ ■ 5 · ■ ·
■ 1 ■ ■ ■ ■ ■ · ■ ■ 4 ■ ■ ■ ■
■ ■ ■ · ■ · ■ ■ · ■ ■ 3 ■ 1 ■
■ · ■ ■ · ■ 3 ■ ■ ■ · ■ ■ ■ 2
■ ■ 4 ■ ■ 2 ■ 3 ■ · ■ ■ · ■ ■
· ■ ■ ■ · ■ · ■ ■ ■ ■ 2 ■ ■ ·
■ 2 ■ · ■ 2 ■ ■ 3 ■ · ■ ■ 1 ■
· ■ · ■ 3 ■ · ■ ■ · ■ ■ 1 ■ ■
■ · ■ · ■ · ■ · · ■ 3 ■ · ■ ·
· ■ ■ ■ ■ ■ 2 ■ ■ 2 ■ ■ ■ 1 ■
■ ■ · 2 ■ · ■ ■ · ■ ■ · ■ ■ ·
■ · ■ ■ ■ · ■ 2 ■ 2 ■ ■ 2 ■ ■
5 ■ · ■ · ■ · ■ 2 ■ · · ■ · ■
■ 2 ■ 4 ■ · ■ · ■ · ■ ■ · ■ ·
■ ■ · ■ 9 ■ · ■ ■ ■ · ■ ■ 3 ■
· ■ ■ 2 ■ · ■ ■ · ■ ■ 5 · ■ ·
■ 1 ■ ■ ■ ■ ■ · ■ ■ 4 ■ ■ ■ ■
■ ■ ■ · ■ · ■ ■ · ■ ■ 3 ■ 1 ■
■ · ■ ■ · ■ 3 ■ ■ ■ · ■ ■ ■ 2
■ ■ 4 ■ ■ 2 ■ 3 ■ · ■ ■ · ■ ■
· ■ ■ ■ · ■ · ■ ■ ■ ■ 2 ■ ■ ·
■ 2 ■ · ■ 2 ■ ■ 3 ■ · ■ ■ 1 ■
· ■ · ■ 3 ■ · ■ ■ · ■ ■ 1 ■ ■
■ · ■ · ■ · ■ · · ■ 3 ■ · ■ ·
· ■ ■ ■ ■ ■ 2 ■ ■ 2 ■ ■ ■ 1 ■
■ ■ · 2 ■ · ■ ■ · ■ ■ · ■ ■ ·
■ · ■ ■ ■ · ■ 2 ■ 2 ■ ■ 2 ■ ■
5 ■ · ■ · ■ · ■ 2 ■ · · ■ · ■
■ 2 ■ 4 ■ · ■ · ■ · ■ ■ · ■ ·
■ ■ · ■ 9 ■ · ■ ■ ■ · ■ ■ 3 ■
· ■ ■ 2 ■ · ■ ■ · ■ ■ 5 · ■ ·
■ 1 ■ ■ ■ ■ ■ · ■ ■ 4 ■ ■ ■ ■
■ ■ ■ · ■ · ■ ■ · ■ ■ 3 ■ 1 ■
■ · ■ ■ · ■ 3 ■ ■ ■ · ■ ■ ■ 2
■ ■ 4 ■ ■ 2 ■ 3 ■ · ■ ■ · ■ ■
· ■ ■ ■ · ■ · ■ ■ ■ ■ 2 ■ ■ ·
■ 2 ■ · ■ 2 ■ ■ 3 ■ · ■ ■ 1 ■
· ■ · ■ 3 ■ · ■ ■ · ■ ■ 1 ■ ■
■ · ■ · ■ · ■ · · ■ 3 ■ · ■ ·
· ■ ■ ■ ■ ■ 2 ■ ■ 2 ■ ■ ■ 1 ■
■ ■ · 2 ■ · ■ ■ · ■ ■ · ■ ■ ·
■ · ■ ■ ■ · ■ 2 ■ 2 ■ ■ 2 ■ ■
5 ■ · ■ · ■ · ■ 2 ■ · · ■ · ■
■ 2 ■ 4 ■ · ■ · ■ · ■ ■ · ■ ·
■ ■ · ■ 9 ■ · ■ ■ ■ · ■ ■ 3 ■
· ■ ■ 2 ■ · ■ ■ · ■ ■ 5 · ■ ·
■ 1 ■ ■ ■ ■ ■ · ■ ■ 4 ■ ■ ■ ■
■ ■ ■ · ■ · ■ ■ · ■ ■ 3 ■ 1 ■
■ · ■ ■ · ■ 3 ■ ■ ■ · ■ ■ ■ 2
■ ■ 4 ■ ■ 2 ■ 3 ■ · ■ ■ · ■ ■
· ■ ■ ■ · ■ · ■ ■ ■ ■ 2 ■ ■ ·
■ 2 ■ · ■ 2 ■ ■ 3 ■ · ■ ■ 1 ■
· ■ · ■ 3 ■ · ■ ■ · ■ ■ 1 ■ ■
■ · ■ · ■ · ■ · · ■ 3 ■ · ■ ·
· ■ ■ ■ ■ ■ 2 ■ ■ 2 ■ ■ ■ 1 ■
■ ■ · 2 ■ · ■ ■ · ■ ■ · ■ ■ ·
■ · ■ ■ ■ · ■ 2 ■ 2 ■ ■ 2 ■ ■
5 ■ · ■ · ■ · ■ 2 ■ · · ■ · ■
■ 2 ■ 4 ■ · ■ · ■ · ■ ■ · ■ ·
■ ■ · ■ 9 ■ · ■ ■ ■ · ■ ■ 3 ■
· ■ ■ 2 ■ · ■ ■ · ■ ■ 5 · ■ ·
■ 1 ■ ■ ■ ■ ■ · ■ ■ 4 ■ ■ ■ ■
■ ■ ■ · ■ · ■ ■ · ■ ■ 3 ■ 1 ■
■ · ■ ■ · ■ 3 ■ ■ ■ · ■ ■ ■ 2
■ ■ 4 ■ ■ 2 ■ 3 ■ · ■ ■ · ■ ■
· ■ ■ ■ · ■ · ■ ■ ■ ■ 2 ■ ■ ·
■ 2 ■ · ■ 2 ■ ■ 3 ■ · ■ ■ 1 ■
· ■ · ■ 3 ■ · ■ ■ · ■ ■ 1 ■ ■
# Number of solutions found: 10
# CPU time: 3.181 s
================================= 57 =================================
# Encoding time: 0.07298 s
2 ■ 4 · ■ 3 ■
■ ■ · ■ · ■ ·
■ 2 ■ · ■ · ■
· ■ · ■ · ■ 2
■ · ■ · ■ ■ ·
· ■ ■ 2 ■ · ■
4 ■ · ■ · ■ 5
2 ■ 4 · ■ 3 ■
■ ■ · ■ · ■ ·
■ 2 ■ · ■ · ■
· ■ · ■ · ■ 2
■ · ■ · ■ ■ ·
· ■ ■ 2 ■ · ■
4 ■ · ■ · ■ 5
2 ■ 4 · ■ 3 ■
■ ■ · ■ · ■ ·
■ 2 ■ · ■ · ■
· ■ · ■ · ■ 2
■ · ■ · ■ ■ ·
· ■ ■ 2 ■ · ■
4 ■ · ■ · ■ 5
2 ■ 4 · ■ 3 ■
■ ■ · ■ · ■ ·
■ 2 ■ · ■ · ■
· ■ · ■ · ■ 2
■ · ■ · ■ ■ ·
· ■ ■ 2 ■ · ■
4 ■ · ■ · ■ 5
2 ■ 4 · ■ 3 ■
■ ■ · ■ · ■ ·
■ 2 ■ · ■ · ■
· ■ · ■ · ■ 2
■ · ■ · ■ ■ ·
· ■ ■ 2 ■ · ■
4 ■ · ■ · ■ 5
2 ■ 4 · ■ 3 ■
■ ■ · ■ · ■ ·
■ 2 ■ · ■ · ■
· ■ · ■ · ■ 2
■ · ■ · ■ ■ ·
· ■ ■ 2 ■ · ■
4 ■ · ■ · ■ 5
2 ■ 4 · ■ 3 ■
■ ■ · ■ · ■ ·
■ 2 ■ · ■ · ■
· ■ · ■ · ■ 2
■ · ■ · ■ ■ ·
· ■ ■ 2 ■ · ■
4 ■ · ■ · ■ 5
2 ■ 4 · ■ 3 ■
■ ■ · ■ · ■ ·
■ 2 ■ · ■ · ■
· ■ · ■ · ■ 2
■ · ■ · ■ ■ ·
· ■ ■ 2 ■ · ■
4 ■ · ■ · ■ 5
2 ■ 4 · ■ 3 ■
■ ■ · ■ · ■ ·
■ 2 ■ · ■ · ■
· ■ · ■ · ■ 2
■ · ■ · ■ ■ ·
· ■ ■ 2 ■ · ■
4 ■ · ■ · ■ 5
2 ■ 4 · ■ 3 ■
■ ■ · ■ · ■ ·
■ 2 ■ · ■ · ■
· ■ · ■ · ■ 2
■ · ■ · ■ ■ ·
· ■ ■ 2 ■ · ■
4 ■ · ■ · ■ 5
# Number of solutions found: 10
# CPU time: 0.09113 s
================================= 58 =================================
# Encoding time: 2.835 s
· ■ ■ ■ ■ · ■ · ■ · · ■ 1 ■ · ■ · ■ 1 ■
■ · · · ■ · · ■ ■ · · · ■ ■ · · · ■ ■ ·
· ■ · · ■ · · ■ 5 ■ ■ · ■ 2 ■ · ■ 2 ■ ·
■ · ■ ■ · ■ ■ · ■ · ■ ■ · ■ · ■ · ■ · ■
· ■ ■ 2 ■ · 4 ■ · ■ · ■ · · ■ · ■ · ■ 1
■ ■ · ■ · ■ ■ 14 ■ · ■ 14 ■ ■ · ■ · ■ · ■
· 5 ■ · ■ ■ · ■ · ■ · ■ 2 ■ ■ · ■ 2 ■ ■
■ ■ · ■ ■ 14 ■ · ■ 2 ■ ■ ■ · ■ ■ · ■ · ·
1 ■ · ■ · ■ · ■ · ■ ■ 2 · ■ 5 ■ ■ · ■ ·
■ ■ ■ 3 ■ ■ ■ 2 ■ ■ 3 ■ ■ · ■ · ■ · ■ ·
· · ■ ■ · · · ■ · · ■ ■ · ■ · ■ 2 ■ 1 ■
· ■ 2 ■ ■ · ■ ■ ■ ■ · 3 ■ · ■ ■ ■ · ■ ·
■ · ■ ■ 14 ■ ■ · ■ · ■ ■ · · ■ · ■ ■ 1 ■
· · · ■ ■ · · ■ · ■ ■ · ■ ■ · ■ ■ 2 ■ ·
· · ■ · ■ · · ■ ■ · ■ ■ · · ■ · ■ ■ · ■
· ■ · ■ 4 ■ ■ 3 · ■ 6 · ■ ■ · ■ 5 ■ ■ ·
■ · ■ ■ ■ ■ · ■ ■ · ■ ■ ■ · ■ · ■ · · ■
· ■ ■ · ■ · ■ · ■ · ■ · ■ ■ ■ ■ · ■ ■ 5
■ ■ · ■ · ■ · ■ ■ ■ · ■ · ■ · ■ ■ ■ 4 ■
· · ■ · ■ · ■ · · ■ 14 ■ ■ · ■ · ■ · ■ ·
· ■ ■ ■ ■ · ■ · ■ · · ■ 1 ■ · ■ · ■ 1 ■
■ · · · ■ · · ■ ■ · · · ■ ■ · · · ■ ■ ·
· ■ · · ■ · · ■ 5 ■ ■ · ■ 2 ■ · ■ 2 ■ ·
■ · ■ ■ · ■ ■ · ■ · ■ ■ · ■ · ■ · ■ · ■
· ■ ■ 2 ■ · 4 ■ · ■ · ■ · · ■ · ■ · ■ 1
■ ■ · ■ · ■ ■ 14 ■ · ■ 14 ■ ■ · ■ · ■ · ■
· 5 ■ · ■ ■ · ■ · ■ · ■ 2 ■ ■ · ■ 2 ■ ■
■ ■ · ■ ■ 14 ■ · ■ 2 ■ ■ ■ · ■ ■ · ■ · ·
1 ■ · ■ · ■ · ■ · ■ ■ 2 · ■ 5 ■ ■ · ■ ·
■ ■ ■ 3 ■ ■ ■ 2 ■ ■ 3 ■ ■ · ■ · ■ · ■ ·
· · ■ ■ · · · ■ · · ■ ■ · ■ · ■ 2 ■ 1 ■
· ■ 2 ■ ■ · ■ ■ ■ ■ · 3 ■ · ■ ■ ■ · ■ ·
■ · ■ ■ 14 ■ ■ · ■ · ■ ■ · · ■ · ■ ■ 1 ■
· · · ■ ■ · · ■ · ■ ■ · ■ ■ · ■ ■ 2 ■ ·
· · ■ · ■ · · ■ ■ · ■ ■ · · ■ · ■ ■ · ■
· ■ · ■ 4 ■ ■ 3 · ■ 6 · ■ ■ · ■ 5 ■ ■ ·
■ · ■ ■ ■ ■ · ■ ■ · ■ ■ ■ · ■ · ■ · · ■
· ■ ■ · ■ · ■ · ■ · ■ · ■ ■ ■ ■ · ■ ■ 5
■ ■ · ■ · ■ · ■ ■ ■ · ■ · ■ · ■ ■ ■ 4 ■
· · ■ · ■ · ■ · · ■ 14 ■ ■ · ■ · ■ · ■ ·
· ■ ■ ■ ■ · ■ · ■ · · ■ 1 ■ · ■ · ■ 1 ■
■ · · · ■ · · ■ ■ · · · ■ ■ · · · ■ ■ ·
· ■ · · ■ · · ■ 5 ■ ■ · ■ 2 ■ · ■ 2 ■ ·
■ · ■ ■ · ■ ■ · ■ · ■ ■ · ■ · ■ · ■ · ■
· ■ ■ 2 ■ · 4 ■ · ■ · ■ · · ■ · ■ · ■ 1
■ ■ · ■ · ■ ■ 14 ■ · ■ 14 ■ ■ · ■ · ■ · ■
· 5 ■ · ■ ■ · ■ · ■ · ■ 2 ■ ■ · ■ 2 ■ ■
■ ■ · ■ ■ 14 ■ · ■ 2 ■ ■ ■ · ■ ■ · ■ · ·
1 ■ · ■ · ■ · ■ · ■ ■ 2 · ■ 5 ■ ■ · ■ ·
■ ■ ■ 3 ■ ■ ■ 2 ■ ■ 3 ■ ■ · ■ · ■ · ■ ·
· · ■ ■ · · · ■ · · ■ ■ · ■ · ■ 2 ■ 1 ■
· ■ 2 ■ ■ · ■ ■ ■ ■ · 3 ■ · ■ ■ ■ · ■ ·
■ · ■ ■ 14 ■ ■ · ■ · ■ ■ · · ■ · ■ ■ 1 ■
· · · ■ ■ · · ■ · ■ ■ · ■ ■ · ■ ■ 2 ■ ·
· · ■ · ■ · · ■ ■ · ■ ■ · · ■ · ■ ■ · ■
· ■ · ■ 4 ■ ■ 3 · ■ 6 · ■ ■ · ■ 5 ■ ■ ·
■ · ■ ■ ■ ■ · ■ ■ · ■ ■ ■ · ■ · ■ · · ■
· ■ ■ · ■ · ■ · ■ · ■ · ■ ■ ■ ■ · ■ ■ 5
■ ■ · ■ · ■ · ■ ■ ■ · ■ · ■ · ■ ■ ■ 4 ■
· · ■ · ■ · ■ · · ■ 14 ■ ■ · ■ · ■ · ■ ·
· ■ ■ ■ ■ · ■ · ■ · · ■ 1 ■ · ■ · ■ 1 ■
■ · · · ■ · · ■ ■ · · · ■ ■ · · · ■ ■ ·
· ■ · · ■ · · ■ 5 ■ ■ · ■ 2 ■ · ■ 2 ■ ·
■ · ■ ■ · ■ ■ · ■ · ■ ■ · ■ · ■ · ■ · ■
· ■ ■ 2 ■ · 4 ■ · ■ · ■ · · ■ · ■ · ■ 1
■ ■ · ■ · ■ ■ 14 ■ · ■ 14 ■ ■ · ■ · ■ · ■
· 5 ■ · ■ ■ · ■ · ■ · ■ 2 ■ ■ · ■ 2 ■ ■
■ ■ · ■ ■ 14 ■ · ■ 2 ■ ■ ■ · ■ ■ · ■ · ·
1 ■ · ■ · ■ · ■ · ■ ■ 2 · ■ 5 ■ ■ · ■ ·
■ ■ ■ 3 ■ ■ ■ 2 ■ ■ 3 ■ ■ · ■ · ■ · ■ ·
· · ■ ■ · · · ■ · · ■ ■ · ■ · ■ 2 ■ 1 ■
· ■ 2 ■ ■ · ■ ■ ■ ■ · 3 ■ · ■ ■ ■ · ■ ·
■ · ■ ■ 14 ■ ■ · ■ · ■ ■ · · ■ · ■ ■ 1 ■
· · · ■ ■ · · ■ · ■ ■ · ■ ■ · ■ ■ 2 ■ ·
· · ■ · ■ · · ■ ■ · ■ ■ · · ■ · ■ ■ · ■
· ■ · ■ 4 ■ ■ 3 · ■ 6 · ■ ■ · ■ 5 ■ ■ ·
■ · ■ ■ ■ ■ · ■ ■ · ■ ■ ■ · ■ · ■ · · ■
· ■ ■ · ■ · ■ · ■ · ■ · ■ ■ ■ ■ · ■ ■ 5
■ ■ · ■ · ■ · ■ ■ ■ · ■ · ■ · ■ ■ ■ 4 ■
· · ■ · ■ · ■ · · ■ 14 ■ ■ · ■ · ■ · ■ ·
· ■ ■ ■ ■ · ■ · ■ · · ■ 1 ■ · ■ · ■ 1 ■
■ · · · ■ · · ■ ■ · · · ■ ■ · · · ■ ■ ·
· ■ · · ■ · · ■ 5 ■ ■ · ■ 2 ■ · ■ 2 ■ ·
■ · ■ ■ · ■ ■ · ■ · ■ ■ · ■ · ■ · ■ · ■
· ■ ■ 2 ■ · 4 ■ · ■ · ■ · · ■ · ■ · ■ 1
■ ■ · ■ · ■ ■ 14 ■ · ■ 14 ■ ■ · ■ · ■ · ■
· 5 ■ · ■ ■ · ■ · ■ · ■ 2 ■ ■ · ■ 2 ■ ■
■ ■ · ■ ■ 14 ■ · ■ 2 ■ ■ ■ · ■ ■ · ■ · ·
1 ■ · ■ · ■ · ■ · ■ ■ 2 · ■ 5 ■ ■ · ■ ·
■ ■ ■ 3 ■ ■ ■ 2 ■ ■ 3 ■ ■ · ■ · ■ · ■ ·
· · ■ ■ · · · ■ · · ■ ■ · ■ · ■ 2 ■ 1 ■
· ■ 2 ■ ■ · ■ ■ ■ ■ · 3 ■ · ■ ■ ■ · ■ ·
■ · ■ ■ 14 ■ ■ · ■ · ■ ■ · · ■ · ■ ■ 1 ■
· · · ■ ■ · · ■ · ■ ■ · ■ ■ · ■ ■ 2 ■ ·
· · ■ · ■ · · ■ ■ · ■ ■ · · ■ · ■ ■ · ■
· ■ · ■ 4 ■ ■ 3 · ■ 6 · ■ ■ · ■ 5 ■ ■ ·
■ · ■ ■ ■ ■ · ■ ■ · ■ ■ ■ · ■ · ■ · · ■
· ■ ■ · ■ · ■ · ■ · ■ · ■ ■ ■ ■ · ■ ■ 5
■ ■ · ■ · ■ · ■ ■ ■ · ■ · ■ · ■ ■ ■ 4 ■
· · ■ · ■ · ■ · · ■ 14 ■ ■ · ■ · ■ · ■ ·
· ■ ■ ■ ■ · ■ · ■ · · ■ 1 ■ · ■ · ■ 1 ■
■ · · · ■ · · ■ ■ · · · ■ ■ · · · ■ ■ ·
· ■ · · ■ · · ■ 5 ■ ■ · ■ 2 ■ · ■ 2 ■ ·
■ · ■ ■ · ■ ■ · ■ · ■ ■ · ■ · ■ · ■ · ■
· ■ ■ 2 ■ · 4 ■ · ■ · ■ · · ■ · ■ · ■ 1
■ ■ · ■ · ■ ■ 14 ■ · ■ 14 ■ ■ · ■ · ■ · ■
· 5 ■ · ■ ■ · ■ · ■ · ■ 2 ■ ■ · ■ 2 ■ ■
■ ■ · ■ ■ 14 ■ · ■ 2 ■ ■ ■ · ■ ■ · ■ · ·
1 ■ · ■ · ■ · ■ · ■ ■ 2 · ■ 5 ■ ■ · ■ ·
■ ■ ■ 3 ■ ■ ■ 2 ■ ■ 3 ■ ■ · ■ · ■ · ■ ·
· · ■ ■ · · · ■ · · ■ ■ · ■ · ■ 2 ■ 1 ■
· ■ 2 ■ ■ · ■ ■ ■ ■ · 3 ■ · ■ ■ ■ · ■ ·
■ · ■ ■ 14 ■ ■ · ■ · ■ ■ · · ■ · ■ ■ 1 ■
· · · ■ ■ · · ■ · ■ ■ · ■ ■ · ■ ■ 2 ■ ·
· · ■ · ■ · · ■ ■ · ■ ■ · · ■ · ■ ■ · ■
· ■ · ■ 4 ■ ■ 3 · ■ 6 · ■ ■ · ■ 5 ■ ■ ·
■ · ■ ■ ■ ■ · ■ ■ · ■ ■ ■ · ■ · ■ · · ■
· ■ ■ · ■ · ■ · ■ · ■ · ■ ■ ■ ■ · ■ ■ 5
■ ■ · ■ · ■ · ■ ■ ■ · ■ · ■ · ■ ■ ■ 4 ■
· · ■ · ■ · ■ · · ■ 14 ■ ■ · ■ · ■ · ■ ·
· ■ ■ ■ ■ · ■ · ■ · · ■ 1 ■ · ■ · ■ 1 ■
■ · · · ■ · · ■ ■ · · · ■ ■ · · · ■ ■ ·
· ■ · · ■ · · ■ 5 ■ ■ · ■ 2 ■ · ■ 2 ■ ·
■ · ■ ■ · ■ ■ · ■ · ■ ■ · ■ · ■ · ■ · ■
· ■ ■ 2 ■ · 4 ■ · ■ · ■ · · ■ · ■ · ■ 1
■ ■ · ■ · ■ ■ 14 ■ · ■ 14 ■ ■ · ■ · ■ · ■
· 5 ■ · ■ ■ · ■ · ■ · ■ 2 ■ ■ · ■ 2 ■ ■
■ ■ · ■ ■ 14 ■ · ■ 2 ■ ■ ■ · ■ ■ · ■ · ·
1 ■ · ■ · ■ · ■ · ■ ■ 2 · ■ 5 ■ ■ · ■ ·
■ ■ ■ 3 ■ ■ ■ 2 ■ ■ 3 ■ ■ · ■ · ■ · ■ ·
· · ■ ■ · · · ■ · · ■ ■ · ■ · ■ 2 ■ 1 ■
· ■ 2 ■ ■ · ■ ■ ■ ■ · 3 ■ · ■ ■ ■ · ■ ·
■ · ■ ■ 14 ■ ■ · ■ · ■ ■ · · ■ · ■ ■ 1 ■
· · · ■ ■ · · ■ · ■ ■ · ■ ■ · ■ ■ 2 ■ ·
· · ■ · ■ · · ■ ■ · ■ ■ · · ■ · ■ ■ · ■
· ■ · ■ 4 ■ ■ 3 · ■ 6 · ■ ■ · ■ 5 ■ ■ ·
■ · ■ ■ ■ ■ · ■ ■ · ■ ■ ■ · ■ · ■ · · ■
· ■ ■ · ■ · ■ · ■ · ■ · ■ ■ ■ ■ · ■ ■ 5
■ ■ · ■ · ■ · ■ ■ ■ · ■ · ■ · ■ ■ ■ 4 ■
· · ■ · ■ · ■ · · ■ 14 ■ ■ · ■ · ■ · ■ ·
· ■ ■ ■ ■ · ■ · ■ · · ■ 1 ■ · ■ · ■ 1 ■
■ · · · ■ · · ■ ■ · · · ■ ■ · · · ■ ■ ·
· ■ · · ■ · · ■ 5 ■ ■ · ■ 2 ■ · ■ 2 ■ ·
■ · ■ ■ · ■ ■ · ■ · ■ ■ · ■ · ■ · ■ · ■
· ■ ■ 2 ■ · 4 ■ · ■ · ■ · · ■ · ■ · ■ 1
■ ■ · ■ · ■ ■ 14 ■ · ■ 14 ■ ■ · ■ · ■ · ■
· 5 ■ · ■ ■ · ■ · ■ · ■ 2 ■ ■ · ■ 2 ■ ■
■ ■ · ■ ■ 14 ■ · ■ 2 ■ ■ ■ · ■ ■ · ■ · ·
1 ■ · ■ · ■ · ■ · ■ ■ 2 · ■ 5 ■ ■ · ■ ·
■ ■ ■ 3 ■ ■ ■ 2 ■ ■ 3 ■ ■ · ■ · ■ · ■ ·
· · ■ ■ · · · ■ · · ■ ■ · ■ · ■ 2 ■ 1 ■
· ■ 2 ■ ■ · ■ ■ ■ ■ · 3 ■ · ■ ■ ■ · ■ ·
■ · ■ ■ 14 ■ ■ · ■ · ■ ■ · · ■ · ■ ■ 1 ■
· · · ■ ■ · · ■ · ■ ■ · ■ ■ · ■ ■ 2 ■ ·
· · ■ · ■ · · ■ ■ · ■ ■ · · ■ · ■ ■ · ■
· ■ · ■ 4 ■ ■ 3 · ■ 6 · ■ ■ · ■ 5 ■ ■ ·
■ · ■ ■ ■ ■ · ■ ■ · ■ ■ ■ · ■ · ■ · · ■
· ■ ■ · ■ · ■ · ■ · ■ · ■ ■ ■ ■ · ■ ■ 5
■ ■ · ■ · ■ · ■ ■ ■ · ■ · ■ · ■ ■ ■ 4 ■
· · ■ · ■ · ■ · · ■ 14 ■ ■ · ■ · ■ · ■ ·
· ■ ■ ■ ■ · ■ · ■ · · ■ 1 ■ · ■ · ■ 1 ■
■ · · · ■ · · ■ ■ · · · ■ ■ · · · ■ ■ ·
· ■ · · ■ · · ■ 5 ■ ■ · ■ 2 ■ · ■ 2 ■ ·
■ · ■ ■ · ■ ■ · ■ · ■ ■ · ■ · ■ · ■ · ■
· ■ ■ 2 ■ · 4 ■ · ■ · ■ · · ■ · ■ · ■ 1
■ ■ · ■ · ■ ■ 14 ■ · ■ 14 ■ ■ · ■ · ■ · ■
· 5 ■ · ■ ■ · ■ · ■ · ■ 2 ■ ■ · ■ 2 ■ ■
■ ■ · ■ ■ 14 ■ · ■ 2 ■ ■ ■ · ■ ■ · ■ · ·
1 ■ · ■ · ■ · ■ · ■ ■ 2 · ■ 5 ■ ■ · ■ ·
■ ■ ■ 3 ■ ■ ■ 2 ■ ■ 3 ■ ■ · ■ · ■ · ■ ·
· · ■ ■ · · · ■ · · ■ ■ · ■ · ■ 2 ■ 1 ■
· ■ 2 ■ ■ · ■ ■ ■ ■ · 3 ■ · ■ ■ ■ · ■ ·
■ · ■ ■ 14 ■ ■ · ■ · ■ ■ · · ■ · ■ ■ 1 ■
· · · ■ ■ · · ■ · ■ ■ · ■ ■ · ■ ■ 2 ■ ·
· · ■ · ■ · · ■ ■ · ■ ■ · · ■ · ■ ■ · ■
· ■ · ■ 4 ■ ■ 3 · ■ 6 · ■ ■ · ■ 5 ■ ■ ·
■ · ■ ■ ■ ■ · ■ ■ · ■ ■ ■ · ■ · ■ · · ■
· ■ ■ · ■ · ■ · ■ · ■ · ■ ■ ■ ■ · ■ ■ 5
■ ■ · ■ · ■ · ■ ■ ■ · ■ · ■ · ■ ■ ■ 4 ■
· · ■ · ■ · ■ · · ■ 14 ■ ■ · ■ · ■ · ■ ·
· ■ ■ ■ ■ · ■ · ■ · · ■ 1 ■ · ■ · ■ 1 ■
■ · · · ■ · · ■ ■ · · · ■ ■ · · · ■ ■ ·
· ■ · · ■ · · ■ 5 ■ ■ · ■ 2 ■ · ■ 2 ■ ·
■ · ■ ■ · ■ ■ · ■ · ■ ■ · ■ · ■ · ■ · ■
· ■ ■ 2 ■ · 4 ■ · ■ · ■ · · ■ · ■ · ■ 1
■ ■ · ■ · ■ ■ 14 ■ · ■ 14 ■ ■ · ■ · ■ · ■
· 5 ■ · ■ ■ · ■ · ■ · ■ 2 ■ ■ · ■ 2 ■ ■
■ ■ · ■ ■ 14 ■ · ■ 2 ■ ■ ■ · ■ ■ · ■ · ·
1 ■ · ■ · ■ · ■ · ■ ■ 2 · ■ 5 ■ ■ · ■ ·
■ ■ ■ 3 ■ ■ ■ 2 ■ ■ 3 ■ ■ · ■ · ■ · ■ ·
· · ■ ■ · · · ■ · · ■ ■ · ■ · ■ 2 ■ 1 ■
· ■ 2 ■ ■ · ■ ■ ■ ■ · 3 ■ · ■ ■ ■ · ■ ·
■ · ■ ■ 14 ■ ■ · ■ · ■ ■ · · ■ · ■ ■ 1 ■
· · · ■ ■ · · ■ · ■ ■ · ■ ■ · ■ ■ 2 ■ ·
· · ■ · ■ · · ■ ■ · ■ ■ · · ■ · ■ ■ · ■
· ■ · ■ 4 ■ ■ 3 · ■ 6 · ■ ■ · ■ 5 ■ ■ ·
■ · ■ ■ ■ ■ · ■ ■ · ■ ■ ■ · ■ · ■ · · ■
· ■ ■ · ■ · ■ · ■ · ■ · ■ ■ ■ ■ · ■ ■ 5
■ ■ · ■ · ■ · ■ ■ ■ · ■ · ■ · ■ ■ ■ 4 ■
· · ■ · ■ · ■ · · ■ 14 ■ ■ · ■ · ■ · ■ ·
# Number of solutions found: 10
# CPU time: 21.44 s
================================= 59 =================================
# Encoding time: 0.3182 s
■ ■ ■ ■ · ■ ■ ■ ■ ■ · ■ ■
■ · ■ · ■ ■ · ■ · ■ ■ · ■
■ ■ ■ ■ · ■ ■ ■ ■ · · ■ ·
■ · ■ · ■ 3 ■ 5 ■ ■ ■ ■ ■
· ■ · ■ ■ ■ ■ ■ · ■ · ■ ·
■ ■ ■ B ■ · ■ · ■ 1 ■ ■ ■
· ■ · ■ · ■ · ■ · ■ ■ · ■
■ · ■ B ■ · ■ ■ ■ 7 ■ ■ ■
■ ■ ■ ■ · ■ · ■ · ■ · ■ ·
■ 3 ■ · ■ 9 ■ D ■ ■ ■ · ·
· ■ · ■ · ■ · · · · · ■ ■
· · ■ ■ ■ ■ ■ ■ ■ ■ ■ ■ ·
■ · ■ · · · ■ · · ■ · ■ ■
■ ■ ■ ■ · ■ ■ ■ ■ ■ · ■ ■
■ · ■ · ■ ■ · ■ · ■ ■ · ■
■ ■ ■ ■ · ■ ■ ■ ■ · · ■ ·
■ · ■ · ■ 3 ■ 5 ■ ■ ■ ■ ■
· ■ · ■ ■ ■ ■ ■ · ■ · ■ ·
■ ■ ■ B ■ · ■ · ■ 1 ■ ■ ■
· ■ · ■ · ■ · ■ · ■ ■ · ■
■ · ■ B ■ · ■ ■ ■ 7 ■ ■ ■
■ ■ ■ ■ · ■ · ■ · ■ · ■ ·
■ 3 ■ · ■ 9 ■ D ■ ■ ■ · ·
· ■ · ■ · ■ · · · · · ■ ■
· · ■ ■ ■ ■ ■ ■ ■ ■ ■ ■ ·
■ · ■ · · · ■ · · ■ · ■ ■
■ ■ ■ ■ · ■ ■ ■ ■ ■ · ■ ■
■ · ■ · ■ ■ · ■ · ■ ■ · ■
■ ■ ■ ■ · ■ ■ ■ ■ · · ■ ·
■ · ■ · ■ 3 ■ 5 ■ ■ ■ ■ ■
· ■ · ■ ■ ■ ■ ■ · ■ · ■ ·
■ ■ ■ B ■ · ■ · ■ 1 ■ ■ ■
· ■ · ■ · ■ · ■ · ■ ■ · ■
■ · ■ B ■ · ■ ■ ■ 7 ■ ■ ■
■ ■ ■ ■ · ■ · ■ · ■ · ■ ·
■ 3 ■ · ■ 9 ■ D ■ ■ ■ · ·
· ■ · ■ · ■ · · · · · ■ ■
· · ■ ■ ■ ■ ■ ■ ■ ■ ■ ■ ·
■ · ■ · · · ■ · · ■ · ■ ■
■ ■ ■ ■ · ■ ■ ■ ■ ■ · ■ ■
■ · ■ · ■ ■ · ■ · ■ ■ · ■
■ ■ ■ ■ · ■ ■ ■ ■ · · ■ ·
■ · ■ · ■ 3 ■ 5 ■ ■ ■ ■ ■
· ■ · ■ ■ ■ ■ ■ · ■ · ■ ·
■ ■ ■ B ■ · ■ · ■ 1 ■ ■ ■
· ■ · ■ · ■ · ■ · ■ ■ · ■
■ · ■ B ■ · ■ ■ ■ 7 ■ ■ ■
■ ■ ■ ■ · ■ · ■ · ■ · ■ ·
■ 3 ■ · ■ 9 ■ D ■ ■ ■ · ·
· ■ · ■ · ■ · · · · · ■ ■
· · ■ ■ ■ ■ ■ ■ ■ ■ ■ ■ ·
■ · ■ · · · ■ · · ■ · ■ ■
■ ■ ■ ■ · ■ ■ ■ ■ ■ · ■ ■
■ · ■ · ■ ■ · ■ · ■ ■ · ■
■ ■ ■ ■ · ■ ■ ■ ■ · · ■ ·
■ · ■ · ■ 3 ■ 5 ■ ■ ■ ■ ■
· ■ · ■ ■ ■ ■ ■ · ■ · ■ ·
■ ■ ■ B ■ · ■ · ■ 1 ■ ■ ■
· ■ · ■ · ■ · ■ · ■ ■ · ■
■ · ■ B ■ · ■ ■ ■ 7 ■ ■ ■
■ ■ ■ ■ · ■ · ■ · ■ · ■ ·
■ 3 ■ · ■ 9 ■ D ■ ■ ■ · ·
· ■ · ■ · ■ · · · · · ■ ■
· · ■ ■ ■ ■ ■ ■ ■ ■ ■ ■ ·
■ · ■ · · · ■ · · ■ · ■ ■
■ ■ ■ ■ · ■ ■ ■ ■ ■ · ■ ■
■ · ■ · ■ ■ · ■ · ■ ■ · ■
■ ■ ■ ■ · ■ ■ ■ ■ · · ■ ·
■ · ■ · ■ 3 ■ 5 ■ ■ ■ ■ ■
· ■ · ■ ■ ■ ■ ■ · ■ · ■ ·
■ ■ ■ B ■ · ■ · ■ 1 ■ ■ ■
· ■ · ■ · ■ · ■ · ■ ■ · ■
■ · ■ B ■ · ■ ■ ■ 7 ■ ■ ■
■ ■ ■ ■ · ■ · ■ · ■ · ■ ·
■ 3 ■ · ■ 9 ■ D ■ ■ ■ · ·
· ■ · ■ · ■ · · · · · ■ ■
· · ■ ■ ■ ■ ■ ■ ■ ■ ■ ■ ·
■ · ■ · · · ■ · · ■ · ■ ■
■ ■ ■ ■ · ■ ■ ■ ■ ■ · ■ ■
■ · ■ · ■ ■ · ■ · ■ ■ · ■
■ ■ ■ ■ · ■ ■ ■ ■ · · ■ ·
■ · ■ · ■ 3 ■ 5 ■ ■ ■ ■ ■
· ■ · ■ ■ ■ ■ ■ · ■ · ■ ·
■ ■ ■ B ■ · ■ · ■ 1 ■ ■ ■
· ■ · ■ · ■ · ■ · ■ ■ · ■
■ · ■ B ■ · ■ ■ ■ 7 ■ ■ ■
■ ■ ■ ■ · ■ · ■ · ■ · ■ ·
■ 3 ■ · ■ 9 ■ D ■ ■ ■ · ·
· ■ · ■ · ■ · · · · · ■ ■
· · ■ ■ ■ ■ ■ ■ ■ ■ ■ ■ ·
■ · ■ · · · ■ · · ■ · ■ ■
■ ■ ■ ■ · ■ ■ ■ ■ ■ · ■ ■
■ · ■ · ■ ■ · ■ · ■ ■ · ■
■ ■ ■ ■ · ■ ■ ■ ■ · · ■ ·
■ · ■ · ■ 3 ■ 5 ■ ■ ■ ■ ■
· ■ · ■ ■ ■ ■ ■ · ■ · ■ ·
■ ■ ■ B ■ · ■ · ■ 1 ■ ■ ■
· ■ · ■ · ■ · ■ · ■ ■ · ■
■ · ■ B ■ · ■ ■ ■ 7 ■ ■ ■
■ ■ ■ ■ · ■ · ■ · ■ · ■ ·
■ 3 ■ · ■ 9 ■ D ■ ■ ■ · ·
· ■ · ■ · ■ · · · · · ■ ■
· · ■ ■ ■ ■ ■ ■ ■ ■ ■ ■ ·
■ · ■ · · · ■ · · ■ · ■ ■
■ ■ ■ ■ · ■ ■ ■ ■ ■ · ■ ■
■ · ■ · ■ ■ · ■ · ■ ■ · ■
■ ■ ■ ■ · ■ ■ ■ ■ · · ■ ·
■ · ■ · ■ 3 ■ 5 ■ ■ ■ ■ ■
· ■ · ■ ■ ■ ■ ■ · ■ · ■ ·
■ ■ ■ B ■ · ■ · ■ 1 ■ ■ ■
· ■ · ■ · ■ · ■ · ■ ■ · ■
■ · ■ B ■ · ■ ■ ■ 7 ■ ■ ■
■ ■ ■ ■ · ■ · ■ · ■ · ■ ·
■ 3 ■ · ■ 9 ■ D ■ ■ ■ · ·
· ■ · ■ · ■ · · · · · ■ ■
· · ■ ■ ■ ■ ■ ■ ■ ■ ■ ■ ·
■ · ■ · · · ■ · · ■ · ■ ■
■ ■ ■ ■ · ■ ■ ■ ■ ■ · ■ ■
■ · ■ · ■ ■ · ■ · ■ ■ · ■
■ ■ ■ ■ · ■ ■ ■ ■ · · ■ ·
■ · ■ · ■ 3 ■ 5 ■ ■ ■ ■ ■
· ■ · ■ ■ ■ ■ ■ · ■ · ■ ·
■ ■ ■ B ■ · ■ · ■ 1 ■ ■ ■
· ■ · ■ · ■ · ■ · ■ ■ · ■
■ · ■ B ■ · ■ ■ ■ 7 ■ ■ ■
■ ■ ■ ■ · ■ · ■ · ■ · ■ ·
■ 3 ■ · ■ 9 ■ D ■ ■ ■ · ·
· ■ · ■ · ■ · · · · · ■ ■
· · ■ ■ ■ ■ ■ ■ ■ ■ ■ ■ ·
■ · ■ · · · ■ · · ■ · ■ ■
# Number of solutions found: 10
# CPU time: 1.02 s
================================= 60 =================================
# Encoding time: 0.0175 s
■ · ■ ■ · ■ ·
· ■ ■ · ■ ■ ■
■ 5 ■ ■ ■ · ■
■ ■ ■ 5 ■ ■ ■
■ · ■ ■ ■ · ■
■ · ■ ■ · ■ ·
· ■ ■ · ■ ■ ■
■ 5 ■ ■ ■ · ■
■ ■ ■ 5 ■ ■ ■
■ · ■ ■ ■ · ■
■ · ■ ■ · ■ ·
· ■ ■ · ■ ■ ■
■ 5 ■ ■ ■ · ■
■ ■ ■ 5 ■ ■ ■
■ · ■ ■ ■ · ■
■ · ■ ■ · ■ ·
· ■ ■ · ■ ■ ■
■ 5 ■ ■ ■ · ■
■ ■ ■ 5 ■ ■ ■
■ · ■ ■ ■ · ■
■ · ■ ■ · ■ ·
· ■ ■ · ■ ■ ■
■ 5 ■ ■ ■ · ■
■ ■ ■ 5 ■ ■ ■
■ · ■ ■ ■ · ■
■ · ■ ■ · ■ ·
· ■ ■ · ■ ■ ■
■ 5 ■ ■ ■ · ■
■ ■ ■ 5 ■ ■ ■
■ · ■ ■ ■ · ■
■ · ■ ■ · ■ ·
· ■ ■ · ■ ■ ■
■ 5 ■ ■ ■ · ■
■ ■ ■ 5 ■ ■ ■
■ · ■ ■ ■ · ■
■ · ■ ■ · ■ ·
· ■ ■ · ■ ■ ■
■ 5 ■ ■ ■ · ■
■ ■ ■ 5 ■ ■ ■
■ · ■ ■ ■ · ■
■ · ■ ■ · ■ ·
· ■ ■ · ■ ■ ■
■ 5 ■ ■ ■ · ■
■ ■ ■ 5 ■ ■ ■
■ · ■ ■ ■ · ■
■ · ■ ■ · ■ ·
· ■ ■ · ■ ■ ■
■ 5 ■ ■ ■ · ■
■ ■ ■ 5 ■ ■ ■
■ · ■ ■ ■ · ■
# Number of solutions found: 10
# CPU time: 0.02402 s
================================= 61 =================================
# Encoding time: 0.06428 s
■ 3 ■ ■ · ■ ■ ■ · ■
· ■ · ■ ■ ■ · ■ 5 ■
■ ■ ■ · ■ 3 ■ ■ ■ ■
■ · 5 ■ · ■ 3 ■ · ■
■ ■ ■ · ■ ■ ■ · ■ ■
■ · ■ ■ ■ · ■ ■ · ■
■ 3 ■ ■ · ■ ■ ■ · ■
· ■ · ■ ■ ■ · ■ 5 ■
■ ■ ■ · ■ 3 ■ ■ ■ ■
■ · 5 ■ · ■ 3 ■ · ■
■ ■ ■ · ■ ■ ■ · ■ ■
■ · ■ ■ ■ · ■ ■ · ■
■ 3 ■ ■ · ■ ■ ■ · ■
· ■ · ■ ■ ■ · ■ 5 ■
■ ■ ■ · ■ 3 ■ ■ ■ ■
■ · 5 ■ · ■ 3 ■ · ■
■ ■ ■ · ■ ■ ■ · ■ ■
■ · ■ ■ ■ · ■ ■ · ■
■ 3 ■ ■ · ■ ■ ■ · ■
· ■ · ■ ■ ■ · ■ 5 ■
■ ■ ■ · ■ 3 ■ ■ ■ ■
■ · 5 ■ · ■ 3 ■ · ■
■ ■ ■ · ■ ■ ■ · ■ ■
■ · ■ ■ ■ · ■ ■ · ■
■ 3 ■ ■ · ■ ■ ■ · ■
· ■ · ■ ■ ■ · ■ 5 ■
■ ■ ■ · ■ 3 ■ ■ ■ ■
■ · 5 ■ · ■ 3 ■ · ■
■ ■ ■ · ■ ■ ■ · ■ ■
■ · ■ ■ ■ · ■ ■ · ■
■ 3 ■ ■ · ■ ■ ■ · ■
· ■ · ■ ■ ■ · ■ 5 ■
■ ■ ■ · ■ 3 ■ ■ ■ ■
■ · 5 ■ · ■ 3 ■ · ■
■ ■ ■ · ■ ■ ■ · ■ ■
■ · ■ ■ ■ · ■ ■ · ■
■ 3 ■ ■ · ■ ■ ■ · ■
· ■ · ■ ■ ■ · ■ 5 ■
■ ■ ■ · ■ 3 ■ ■ ■ ■
■ · 5 ■ · ■ 3 ■ · ■
■ ■ ■ · ■ ■ ■ · ■ ■
■ · ■ ■ ■ · ■ ■ · ■
■ 3 ■ ■ · ■ ■ ■ · ■
· ■ · ■ ■ ■ · ■ 5 ■
■ ■ ■ · ■ 3 ■ ■ ■ ■
■ · 5 ■ · ■ 3 ■ · ■
■ ■ ■ · ■ ■ ■ · ■ ■
■ · ■ ■ ■ · ■ ■ · ■
■ 3 ■ ■ · ■ ■ ■ · ■
· ■ · ■ ■ ■ · ■ 5 ■
■ ■ ■ · ■ 3 ■ ■ ■ ■
■ · 5 ■ · ■ 3 ■ · ■
■ ■ ■ · ■ ■ ■ · ■ ■
■ · ■ ■ ■ · ■ ■ · ■
■ 3 ■ ■ · ■ ■ ■ · ■
· ■ · ■ ■ ■ · ■ 5 ■
■ ■ ■ · ■ 3 ■ ■ ■ ■
■ · 5 ■ · ■ 3 ■ · ■
■ ■ ■ · ■ ■ ■ · ■ ■
■ · ■ ■ ■ · ■ ■ · ■
# Number of solutions found: 10
# CPU time: 0.09793 s
================================= 62 =================================
# Encoding time: 0.02093 s
■ ■ 4 · ■
· 3 ■ ■ ·
■ ■ · ■ ■
■ · ■ ■ 1
· ■ 2 ■ ■
■ ■ 4 · ■
· 3 ■ ■ ·
■ ■ · ■ ■
■ · ■ ■ 1
· ■ 2 ■ ■
■ ■ 4 · ■
· 3 ■ ■ ·
■ ■ · ■ ■
■ · ■ ■ 1
· ■ 2 ■ ■
■ ■ 4 · ■
· 3 ■ ■ ·
■ ■ · ■ ■
■ · ■ ■ 1
· ■ 2 ■ ■
■ ■ 4 · ■
· 3 ■ ■ ·
■ ■ · ■ ■
■ · ■ ■ 1
· ■ 2 ■ ■
■ ■ 4 · ■
· 3 ■ ■ ·
■ ■ · ■ ■
■ · ■ ■ 1
· ■ 2 ■ ■
■ ■ 4 · ■
· 3 ■ ■ ·
■ ■ · ■ ■
■ · ■ ■ 1
· ■ 2 ■ ■
■ ■ 4 · ■
· 3 ■ ■ ·
■ ■ · ■ ■
■ · ■ ■ 1
· ■ 2 ■ ■
■ ■ 4 · ■
· 3 ■ ■ ·
■ ■ · ■ ■
■ · ■ ■ 1
· ■ 2 ■ ■
■ ■ 4 · ■
· 3 ■ ■ ·
■ ■ · ■ ■
■ · ■ ■ 1
· ■ 2 ■ ■
# Number of solutions found: 10
# CPU time: 0.02811 s
================================= 63 =================================
# Encoding time: 0.7559 s
4 ■ · ■ · ■ ■ ■ ■ ■ · ■ · ■ ·
■ · ■ 16 ■ · · · · 5 ■ · ■ 3 ■
· ■ · ■ ■ ■ ■ ■ ■ ■ · ■ · ■ ■
■ 16 ■ ■ · · · ■ · ■ ■ · ■ · ■
■ · · · ■ ■ ■ ■ 5 ■ · ■ 5 ■ ·
· ■ · · · ■ · · ■ · ■ 1 ■ ■ ■
■ ■ ■ · ■ · ■ ■ ■ ■ ■ ■ · ■ ·
■ 2 ■ ■ · ■ · ■ · ■ · ■ ■ 2 ■
■ ■ · ■ ■ ■ ■ ■ ■ ■ ■ · ■ ■ ·
· · ■ 6 ■ · ■ · · ■ · ■ · · ■
■ ■ 4 ■ · ■ 3 ■ ■ ■ ■ ■ ■ ■ ·
· · · ■ · · ■ ■ · · ■ 3 ■ · ■
■ ■ ■ · · ■ · ■ ■ ■ · ■ · ■ ·
■ 4 ■ ■ ■ 5 ■ ■ · · ■ ■ · · ■
· ■ · ■ · ■ ■ · ■ · · · · ■ 1
4 ■ · ■ · ■ ■ ■ ■ ■ · ■ · ■ ·
■ · ■ 16 ■ · · · · 5 ■ · ■ 3 ■
· ■ · ■ ■ ■ ■ ■ ■ ■ · ■ · ■ ■
■ 16 ■ ■ · · · ■ · ■ ■ · ■ · ■
■ · · · ■ ■ ■ ■ 5 ■ · ■ 5 ■ ·
· ■ · · · ■ · · ■ · ■ 1 ■ ■ ■
■ ■ ■ · ■ · ■ ■ ■ ■ ■ ■ · ■ ·
■ 2 ■ ■ · ■ · ■ · ■ · ■ ■ 2 ■
■ ■ · ■ ■ ■ ■ ■ ■ ■ ■ · ■ ■ ·
· · ■ 6 ■ · ■ · · ■ · ■ · · ■
■ ■ 4 ■ · ■ 3 ■ ■ ■ ■ ■ ■ ■ ·
· · · ■ · · ■ ■ · · ■ 3 ■ · ■
■ ■ ■ · · ■ · ■ ■ ■ · ■ · ■ ·
■ 4 ■ ■ ■ 5 ■ ■ · · ■ ■ · · ■
· ■ · ■ · ■ ■ · ■ · · · · ■ 1
4 ■ · ■ · ■ ■ ■ ■ ■ · ■ · ■ ·
■ · ■ 16 ■ · · · · 5 ■ · ■ 3 ■
· ■ · ■ ■ ■ ■ ■ ■ ■ · ■ · ■ ■
■ 16 ■ ■ · · · ■ · ■ ■ · ■ · ■
■ · · · ■ ■ ■ ■ 5 ■ · ■ 5 ■ ·
· ■ · · · ■ · · ■ · ■ 1 ■ ■ ■
■ ■ ■ · ■ · ■ ■ ■ ■ ■ ■ · ■ ·
■ 2 ■ ■ · ■ · ■ · ■ · ■ ■ 2 ■
■ ■ · ■ ■ ■ ■ ■ ■ ■ ■ · ■ ■ ·
· · ■ 6 ■ · ■ · · ■ · ■ · · ■
■ ■ 4 ■ · ■ 3 ■ ■ ■ ■ ■ ■ ■ ·
· · · ■ · · ■ ■ · · ■ 3 ■ · ■
■ ■ ■ · · ■ · ■ ■ ■ · ■ · ■ ·
■ 4 ■ ■ ■ 5 ■ ■ · · ■ ■ · · ■
· ■ · ■ · ■ ■ · ■ · · · · ■ 1
4 ■ · ■ · ■ ■ ■ ■ ■ · ■ · ■ ·
■ · ■ 16 ■ · · · · 5 ■ · ■ 3 ■
· ■ · ■ ■ ■ ■ ■ ■ ■ · ■ · ■ ■
■ 16 ■ ■ · · · ■ · ■ ■ · ■ · ■
■ · · · ■ ■ ■ ■ 5 ■ · ■ 5 ■ ·
· ■ · · · ■ · · ■ · ■ 1 ■ ■ ■
■ ■ ■ · ■ · ■ ■ ■ ■ ■ ■ · ■ ·
■ 2 ■ ■ · ■ · ■ · ■ · ■ ■ 2 ■
■ ■ · ■ ■ ■ ■ ■ ■ ■ ■ · ■ ■ ·
· · ■ 6 ■ · ■ · · ■ · ■ · · ■
■ ■ 4 ■ · ■ 3 ■ ■ ■ ■ ■ ■ ■ ·
· · · ■ · · ■ ■ · · ■ 3 ■ · ■
■ ■ ■ · · ■ · ■ ■ ■ · ■ · ■ ·
■ 4 ■ ■ ■ 5 ■ ■ · · ■ ■ · · ■
· ■ · ■ · ■ ■ · ■ · · · · ■ 1
4 ■ · ■ · ■ ■ ■ ■ ■ · ■ · ■ ·
■ · ■ 16 ■ · · · · 5 ■ · ■ 3 ■
· ■ · ■ ■ ■ ■ ■ ■ ■ · ■ · ■ ■
■ 16 ■ ■ · · · ■ · ■ ■ · ■ · ■
■ · · · ■ ■ ■ ■ 5 ■ · ■ 5 ■ ·
· ■ · · · ■ · · ■ · ■ 1 ■ ■ ■
■ ■ ■ · ■ · ■ ■ ■ ■ ■ ■ · ■ ·
■ 2 ■ ■ · ■ · ■ · ■ · ■ ■ 2 ■
■ ■ · ■ ■ ■ ■ ■ ■ ■ ■ · ■ ■ ·
· · ■ 6 ■ · ■ · · ■ · ■ · · ■
■ ■ 4 ■ · ■ 3 ■ ■ ■ ■ ■ ■ ■ ·
· · · ■ · · ■ ■ · · ■ 3 ■ · ■
■ ■ ■ · · ■ · ■ ■ ■ · ■ · ■ ·
■ 4 ■ ■ ■ 5 ■ ■ · · ■ ■ · · ■
· ■ · ■ · ■ ■ · ■ · · · · ■ 1
4 ■ · ■ · ■ ■ ■ ■ ■ · ■ · ■ ·
■ · ■ 16 ■ · · · · 5 ■ · ■ 3 ■
· ■ · ■ ■ ■ ■ ■ ■ ■ · ■ · ■ ■
■ 16 ■ ■ · · · ■ · ■ ■ · ■ · ■
■ · · · ■ ■ ■ ■ 5 ■ · ■ 5 ■ ·
· ■ · · · ■ · · ■ · ■ 1 ■ ■ ■
■ ■ ■ · ■ · ■ ■ ■ ■ ■ ■ · ■ ·
■ 2 ■ ■ · ■ · ■ · ■ · ■ ■ 2 ■
■ ■ · ■ ■ ■ ■ ■ ■ ■ ■ · ■ ■ ·
· · ■ 6 ■ · ■ · · ■ · ■ · · ■
■ ■ 4 ■ · ■ 3 ■ ■ ■ ■ ■ ■ ■ ·
· · · ■ · · ■ ■ · · ■ 3 ■ · ■
■ ■ ■ · · ■ · ■ ■ ■ · ■ · ■ ·
■ 4 ■ ■ ■ 5 ■ ■ · · ■ ■ · · ■
· ■ · ■ · ■ ■ · ■ · · · · ■ 1
4 ■ · ■ · ■ ■ ■ ■ ■ · ■ · ■ ·
■ · ■ 16 ■ · · · · 5 ■ · ■ 3 ■
· ■ · ■ ■ ■ ■ ■ ■ ■ · ■ · ■ ■
■ 16 ■ ■ · · · ■ · ■ ■ · ■ · ■
■ · · · ■ ■ ■ ■ 5 ■ · ■ 5 ■ ·
· ■ · · · ■ · · ■ · ■ 1 ■ ■ ■
■ ■ ■ · ■ · ■ ■ ■ ■ ■ ■ · ■ ·
■ 2 ■ ■ · ■ · ■ · ■ · ■ ■ 2 ■
■ ■ · ■ ■ ■ ■ ■ ■ ■ ■ · ■ ■ ·
· · ■ 6 ■ · ■ · · ■ · ■ · · ■
■ ■ 4 ■ · ■ 3 ■ ■ ■ ■ ■ ■ ■ ·
· · · ■ · · ■ ■ · · ■ 3 ■ · ■
■ ■ ■ · · ■ · ■ ■ ■ · ■ · ■ ·
■ 4 ■ ■ ■ 5 ■ ■ · · ■ ■ · · ■
· ■ · ■ · ■ ■ · ■ · · · · ■ 1
4 ■ · ■ · ■ ■ ■ ■ ■ · ■ · ■ ·
■ · ■ 16 ■ · · · · 5 ■ · ■ 3 ■
· ■ · ■ ■ ■ ■ ■ ■ ■ · ■ · ■ ■
■ 16 ■ ■ · · · ■ · ■ ■ · ■ · ■
■ · · · ■ ■ ■ ■ 5 ■ · ■ 5 ■ ·
· ■ · · · ■ · · ■ · ■ 1 ■ ■ ■
■ ■ ■ · ■ · ■ ■ ■ ■ ■ ■ · ■ ·
■ 2 ■ ■ · ■ · ■ · ■ · ■ ■ 2 ■
■ ■ · ■ ■ ■ ■ ■ ■ ■ ■ · ■ ■ ·
· · ■ 6 ■ · ■ · · ■ · ■ · · ■
■ ■ 4 ■ · ■ 3 ■ ■ ■ ■ ■ ■ ■ ·
· · · ■ · · ■ ■ · · ■ 3 ■ · ■
■ ■ ■ · · ■ · ■ ■ ■ · ■ · ■ ·
■ 4 ■ ■ ■ 5 ■ ■ · · ■ ■ · · ■
· ■ · ■ · ■ ■ · ■ · · · · ■ 1
4 ■ · ■ · ■ ■ ■ ■ ■ · ■ · ■ ·
■ · ■ 16 ■ · · · · 5 ■ · ■ 3 ■
· ■ · ■ ■ ■ ■ ■ ■ ■ · ■ · ■ ■
■ 16 ■ ■ · · · ■ · ■ ■ · ■ · ■
■ · · · ■ ■ ■ ■ 5 ■ · ■ 5 ■ ·
· ■ · · · ■ · · ■ · ■ 1 ■ ■ ■
■ ■ ■ · ■ · ■ ■ ■ ■ ■ ■ · ■ ·
■ 2 ■ ■ · ■ · ■ · ■ · ■ ■ 2 ■
■ ■ · ■ ■ ■ ■ ■ ■ ■ ■ · ■ ■ ·
· · ■ 6 ■ · ■ · · ■ · ■ · · ■
■ ■ 4 ■ · ■ 3 ■ ■ ■ ■ ■ ■ ■ ·
· · · ■ · · ■ ■ · · ■ 3 ■ · ■
■ ■ ■ · · ■ · ■ ■ ■ · ■ · ■ ·
■ 4 ■ ■ ■ 5 ■ ■ · · ■ ■ · · ■
· ■ · ■ · ■ ■ · ■ · · · · ■ 1
4 ■ · ■ · ■ ■ ■ ■ ■ · ■ · ■ ·
■ · ■ 16 ■ · · · · 5 ■ · ■ 3 ■
· ■ · ■ ■ ■ ■ ■ ■ ■ · ■ · ■ ■
■ 16 ■ ■ · · · ■ · ■ ■ · ■ · ■
■ · · · ■ ■ ■ ■ 5 ■ · ■ 5 ■ ·
· ■ · · · ■ · · ■ · ■ 1 ■ ■ ■
■ ■ ■ · ■ · ■ ■ ■ ■ ■ ■ · ■ ·
■ 2 ■ ■ · ■ · ■ · ■ · ■ ■ 2 ■
■ ■ · ■ ■ ■ ■ ■ ■ ■ ■ · ■ ■ ·
· · ■ 6 ■ · ■ · · ■ · ■ · · ■
■ ■ 4 ■ · ■ 3 ■ ■ ■ ■ ■ ■ ■ ·
· · · ■ · · ■ ■ · · ■ 3 ■ · ■
■ ■ ■ · · ■ · ■ ■ ■ · ■ · ■ ·
■ 4 ■ ■ ■ 5 ■ ■ · · ■ ■ · · ■
· ■ · ■ · ■ ■ · ■ · · · · ■ 1
# Number of solutions found: 10
# CPU time: 2.435 s
================================= 64 =================================
Caught Command '['python3', 'nurikabe.py', '-s10', '-p', '64']' timed out after 60 seconds
================================= 65 =================================
# Encoding time: 1.143 s
■ 5 ■ · · ■ · ■ ■ · ■ · ■ · ■ ■ ■ · ·
· ■ · ■ ■ · ■ ■ · ■ ■ ■ ■ ■ · ■ · ■ ■
■ 3 ■ ■ · ■ ■ 2 ■ ■ 4 ■ 4 ■ ■ · ■ ■ ?
■ ■ ■ · ■ · ■ ■ · ■ ■ ■ ■ ■ · ■ ? ■ ■
2 ■ · ■ 2 ■ 4 ■ ■ · ■ · ■ · ■ · ■ · ·
■ · ■ · ■ ■ ■ ■ 3 ■ · ■ ■ ■ · ■ · 7 ■
■ ■ ■ 3 ■ · ■ · ■ 2 ■ ■ 4 ■ ■ 4 ■ ■ ·
· ■ 3 ■ ■ ■ 4 ■ · ■ ■ 3 ■ · ■ ■ ■ · ■
■ · ■ · · · ■ ■ ■ ■ · ■ · ■ · ■ · ■ ■
■ ■ · ■ ■ · ■ · · ■ ■ · · · ■ ■ · ■ ·
2 ■ ■ ■ 2 ■ · ■ ■ ■ 2 ■ · ■ · · ■ ■ ·
· ■ 6 ■ ■ · ■ 2 ■ · ■ · ■ 6 ■ ■ ■ · ■
■ 5 ■ · · ■ · ■ ■ · ■ · ■ · ■ ■ ■ · ·
· ■ · ■ ■ · ■ ■ · ■ ■ ■ ■ ■ · ■ · ■ ■
■ 3 ■ ■ · ■ ■ 2 ■ ■ 4 ■ 4 ■ ■ · ■ ■ ?
■ ■ ■ · ■ · ■ ■ · ■ ■ ■ ■ ■ · ■ ? ■ ■
2 ■ · ■ 2 ■ 4 ■ ■ · ■ · ■ · ■ · ■ · ·
■ · ■ · ■ ■ ■ ■ 3 ■ · ■ ■ ■ · ■ · 7 ■
■ ■ ■ 3 ■ · ■ · ■ 2 ■ ■ 4 ■ ■ 4 ■ ■ ·
· ■ 3 ■ ■ ■ 4 ■ · ■ ■ 3 ■ · ■ ■ ■ · ■
■ · ■ · · · ■ ■ ■ ■ · ■ · ■ · ■ · ■ ■
■ ■ · ■ ■ · ■ · · ■ ■ · · · ■ ■ · ■ ·
2 ■ ■ ■ 2 ■ · ■ ■ ■ 2 ■ · ■ · · ■ ■ ·
· ■ 6 ■ ■ · ■ 2 ■ · ■ · ■ 6 ■ ■ ■ · ■
■ 5 ■ · · ■ · ■ ■ · ■ · ■ · ■ ■ ■ · ·
· ■ · ■ ■ · ■ ■ · ■ ■ ■ ■ ■ · ■ · ■ ■
■ 3 ■ ■ · ■ ■ 2 ■ ■ 4 ■ 4 ■ ■ · ■ ■ ?
■ ■ ■ · ■ · ■ ■ · ■ ■ ■ ■ ■ · ■ ? ■ ■
2 ■ · ■ 2 ■ 4 ■ ■ · ■ · ■ · ■ · ■ · ·
■ · ■ · ■ ■ ■ ■ 3 ■ · ■ ■ ■ · ■ · 7 ■
■ ■ ■ 3 ■ · ■ · ■ 2 ■ ■ 4 ■ ■ 4 ■ ■ ·
· ■ 3 ■ ■ ■ 4 ■ · ■ ■ 3 ■ · ■ ■ ■ · ■
■ · ■ · · · ■ ■ ■ ■ · ■ · ■ · ■ · ■ ■
■ ■ · ■ ■ · ■ · · ■ ■ · · · ■ ■ · ■ ·
2 ■ ■ ■ 2 ■ · ■ ■ ■ 2 ■ · ■ · · ■ ■ ·
· ■ 6 ■ ■ · ■ 2 ■ · ■ · ■ 6 ■ ■ ■ · ■
■ 5 ■ · · ■ · ■ ■ · ■ · ■ · ■ ■ ■ · ·
· ■ · ■ ■ · ■ ■ · ■ ■ ■ ■ ■ · ■ · ■ ■
■ 3 ■ ■ · ■ ■ 2 ■ ■ 4 ■ 4 ■ ■ · ■ ■ ?
■ ■ ■ · ■ · ■ ■ · ■ ■ ■ ■ ■ · ■ ? ■ ■
2 ■ · ■ 2 ■ 4 ■ ■ · ■ · ■ · ■ · ■ · ·
■ · ■ · ■ ■ ■ ■ 3 ■ · ■ ■ ■ · ■ · 7 ■
■ ■ ■ 3 ■ · ■ · ■ 2 ■ ■ 4 ■ ■ 4 ■ ■ ·
· ■ 3 ■ ■ ■ 4 ■ · ■ ■ 3 ■ · ■ ■ ■ · ■
■ · ■ · · · ■ ■ ■ ■ · ■ · ■ · ■ · ■ ■
■ ■ · ■ ■ · ■ · · ■ ■ · · · ■ ■ · ■ ·
2 ■ ■ ■ 2 ■ · ■ ■ ■ 2 ■ · ■ · · ■ ■ ·
· ■ 6 ■ ■ · ■ 2 ■ · ■ · ■ 6 ■ ■ ■ · ■
■ 5 ■ · · ■ · ■ ■ · ■ · ■ · ■ ■ ■ · ·
· ■ · ■ ■ · ■ ■ · ■ ■ ■ ■ ■ · ■ · ■ ■
■ 3 ■ ■ · ■ ■ 2 ■ ■ 4 ■ 4 ■ ■ · ■ ■ ?
■ ■ ■ · ■ · ■ ■ · ■ ■ ■ ■ ■ · ■ ? ■ ■
2 ■ · ■ 2 ■ 4 ■ ■ · ■ · ■ · ■ · ■ · ·
■ · ■ · ■ ■ ■ ■ 3 ■ · ■ ■ ■ · ■ · 7 ■
■ ■ ■ 3 ■ · ■ · ■ 2 ■ ■ 4 ■ ■ 4 ■ ■ ·
· ■ 3 ■ ■ ■ 4 ■ · ■ ■ 3 ■ · ■ ■ ■ · ■
■ · ■ · · · ■ ■ ■ ■ · ■ · ■ · ■ · ■ ■
■ ■ · ■ ■ · ■ · · ■ ■ · · · ■ ■ · ■ ·
2 ■ ■ ■ 2 ■ · ■ ■ ■ 2 ■ · ■ · · ■ ■ ·
· ■ 6 ■ ■ · ■ 2 ■ · ■ · ■ 6 ■ ■ ■ · ■
■ 5 ■ · · ■ · ■ ■ · ■ · ■ · ■ ■ ■ · ·
· ■ · ■ ■ · ■ ■ · ■ ■ ■ ■ ■ · ■ · ■ ■
■ 3 ■ ■ · ■ ■ 2 ■ ■ 4 ■ 4 ■ ■ · ■ ■ ?
■ ■ ■ · ■ · ■ ■ · ■ ■ ■ ■ ■ · ■ ? ■ ■
2 ■ · ■ 2 ■ 4 ■ ■ · ■ · ■ · ■ · ■ · ·
■ · ■ · ■ ■ ■ ■ 3 ■ · ■ ■ ■ · ■ · 7 ■
■ ■ ■ 3 ■ · ■ · ■ 2 ■ ■ 4 ■ ■ 4 ■ ■ ·
· ■ 3 ■ ■ ■ 4 ■ · ■ ■ 3 ■ · ■ ■ ■ · ■
■ · ■ · · · ■ ■ ■ ■ · ■ · ■ · ■ · ■ ■
■ ■ · ■ ■ · ■ · · ■ ■ · · · ■ ■ · ■ ·
2 ■ ■ ■ 2 ■ · ■ ■ ■ 2 ■ · ■ · · ■ ■ ·
· ■ 6 ■ ■ · ■ 2 ■ · ■ · ■ 6 ■ ■ ■ · ■
■ 5 ■ · · ■ · ■ ■ · ■ · ■ · ■ ■ ■ · ·
· ■ · ■ ■ · ■ ■ · ■ ■ ■ ■ ■ · ■ · ■ ■
■ 3 ■ ■ · ■ ■ 2 ■ ■ 4 ■ 4 ■ ■ · ■ ■ ?
■ ■ ■ · ■ · ■ ■ · ■ ■ ■ ■ ■ · ■ ? ■ ■
2 ■ · ■ 2 ■ 4 ■ ■ · ■ · ■ · ■ · ■ · ·
■ · ■ · ■ ■ ■ ■ 3 ■ · ■ ■ ■ · ■ · 7 ■
■ ■ ■ 3 ■ · ■ · ■ 2 ■ ■ 4 ■ ■ 4 ■ ■ ·
· ■ 3 ■ ■ ■ 4 ■ · ■ ■ 3 ■ · ■ ■ ■ · ■
■ · ■ · · · ■ ■ ■ ■ · ■ · ■ · ■ · ■ ■
■ ■ · ■ ■ · ■ · · ■ ■ · · · ■ ■ · ■ ·
2 ■ ■ ■ 2 ■ · ■ ■ ■ 2 ■ · ■ · · ■ ■ ·
· ■ 6 ■ ■ · ■ 2 ■ · ■ · ■ 6 ■ ■ ■ · ■
■ 5 ■ · · ■ · ■ ■ · ■ · ■ · ■ ■ ■ · ·
· ■ · ■ ■ · ■ ■ · ■ ■ ■ ■ ■ · ■ · ■ ■
■ 3 ■ ■ · ■ ■ 2 ■ ■ 4 ■ 4 ■ ■ · ■ ■ ?
■ ■ ■ · ■ · ■ ■ · ■ ■ ■ ■ ■ · ■ ? ■ ■
2 ■ · ■ 2 ■ 4 ■ ■ · ■ · ■ · ■ · ■ · ·
■ · ■ · ■ ■ ■ ■ 3 ■ · ■ ■ ■ · ■ · 7 ■
■ ■ ■ 3 ■ · ■ · ■ 2 ■ ■ 4 ■ ■ 4 ■ ■ ·
· ■ 3 ■ ■ ■ 4 ■ · ■ ■ 3 ■ · ■ ■ ■ · ■
■ · ■ · · · ■ ■ ■ ■ · ■ · ■ · ■ · ■ ■
■ ■ · ■ ■ · ■ · · ■ ■ · · · ■ ■ · ■ ·
2 ■ ■ ■ 2 ■ · ■ ■ ■ 2 ■ · ■ · · ■ ■ ·
· ■ 6 ■ ■ · ■ 2 ■ · ■ · ■ 6 ■ ■ ■ · ■
■ 5 ■ · · ■ · ■ ■ · ■ · ■ · ■ ■ ■ · ·
· ■ · ■ ■ · ■ ■ · ■ ■ ■ ■ ■ · ■ · ■ ■
■ 3 ■ ■ · ■ ■ 2 ■ ■ 4 ■ 4 ■ ■ · ■ ■ ?
■ ■ ■ · ■ · ■ ■ · ■ ■ ■ ■ ■ · ■ ? ■ ■
2 ■ · ■ 2 ■ 4 ■ ■ · ■ · ■ · ■ · ■ · ·
■ · ■ · ■ ■ ■ ■ 3 ■ · ■ ■ ■ · ■ · 7 ■
■ ■ ■ 3 ■ · ■ · ■ 2 ■ ■ 4 ■ ■ 4 ■ ■ ·
· ■ 3 ■ ■ ■ 4 ■ · ■ ■ 3 ■ · ■ ■ ■ · ■
■ · ■ · · · ■ ■ ■ ■ · ■ · ■ · ■ · ■ ■
■ ■ · ■ ■ · ■ · · ■ ■ · · · ■ ■ · ■ ·
2 ■ ■ ■ 2 ■ · ■ ■ ■ 2 ■ · ■ · · ■ ■ ·
· ■ 6 ■ ■ · ■ 2 ■ · ■ · ■ 6 ■ ■ ■ · ■
■ 5 ■ · · ■ · ■ ■ · ■ · ■ · ■ ■ ■ · ·
· ■ · ■ ■ · ■ ■ · ■ ■ ■ ■ ■ · ■ · ■ ■
■ 3 ■ ■ · ■ ■ 2 ■ ■ 4 ■ 4 ■ ■ · ■ ■ ?
■ ■ ■ · ■ · ■ ■ · ■ ■ ■ ■ ■ · ■ ? ■ ■
2 ■ · ■ 2 ■ 4 ■ ■ · ■ · ■ · ■ · ■ · ·
■ · ■ · ■ ■ ■ ■ 3 ■ · ■ ■ ■ · ■ · 7 ■
■ ■ ■ 3 ■ · ■ · ■ 2 ■ ■ 4 ■ ■ 4 ■ ■ ·
· ■ 3 ■ ■ ■ 4 ■ · ■ ■ 3 ■ · ■ ■ ■ · ■
■ · ■ · · · ■ ■ ■ ■ · ■ · ■ · ■ · ■ ■
■ ■ · ■ ■ · ■ · · ■ ■ · · · ■ ■ · ■ ·
2 ■ ■ ■ 2 ■ · ■ ■ ■ 2 ■ · ■ · · ■ ■ ·
· ■ 6 ■ ■ · ■ 2 ■ · ■ · ■ 6 ■ ■ ■ · ■
# Number of solutions found: 10
# CPU time: 2.723 s
================================= 66 =================================
# Encoding time: 0.2133 s
■ ■ · ■ ■ ■ ■ ■ ■ ■ ■ · ■ ■ ■ ■ ■
■ · ■ 4 · ■ · ■ · ■ · ■ ■ · ■ 4 ■
· ■ ■ ■ ■ ■ ■ ■ ■ ■ ■ ■ · ■ ■ ■ ■
■ · · 9 ■ · ■ 4 ■ 7 ■ 1 ■ · ■ 7 ■
■ ■ ■ ■ · ■ · ■ · ■ · ■ ■ ■ ■ ■ ·
■ · ■ 2 ■ ■ ■ ■ ■ ■ ■ ■ · · ■ 1 ■
■ ■ · ■ · · ■ · · · · ■ ■ ■ · ■ ■
■ ■ · ■ ■ ■ ■ ■ ■ ■ ■ · ■ ■ ■ ■ ■
■ · ■ 4 · ■ · ■ · ■ · ■ ■ · ■ 4 ■
· ■ ■ ■ ■ ■ ■ ■ ■ ■ ■ ■ · ■ ■ ■ ■
■ · · 9 ■ · ■ 4 ■ 7 ■ 1 ■ · ■ 7 ■
■ ■ ■ ■ · ■ · ■ · ■ · ■ ■ ■ ■ ■ ·
■ · ■ 2 ■ ■ ■ ■ ■ ■ ■ ■ · · ■ 1 ■
■ ■ · ■ · · ■ · · · · ■ ■ ■ · ■ ■
■ ■ · ■ ■ ■ ■ ■ ■ ■ ■ · ■ ■ ■ ■ ■
■ · ■ 4 · ■ · ■ · ■ · ■ ■ · ■ 4 ■
· ■ ■ ■ ■ ■ ■ ■ ■ ■ ■ ■ · ■ ■ ■ ■
■ · · 9 ■ · ■ 4 ■ 7 ■ 1 ■ · ■ 7 ■
■ ■ ■ ■ · ■ · ■ · ■ · ■ ■ ■ ■ ■ ·
■ · ■ 2 ■ ■ ■ ■ ■ ■ ■ ■ · · ■ 1 ■
■ ■ · ■ · · ■ · · · · ■ ■ ■ · ■ ■
■ ■ · ■ ■ ■ ■ ■ ■ ■ ■ · ■ ■ ■ ■ ■
■ · ■ 4 · ■ · ■ · ■ · ■ ■ · ■ 4 ■
· ■ ■ ■ ■ ■ ■ ■ ■ ■ ■ ■ · ■ ■ ■ ■
■ · · 9 ■ · ■ 4 ■ 7 ■ 1 ■ · ■ 7 ■
■ ■ ■ ■ · ■ · ■ · ■ · ■ ■ ■ ■ ■ ·
■ · ■ 2 ■ ■ ■ ■ ■ ■ ■ ■ · · ■ 1 ■
■ ■ · ■ · · ■ · · · · ■ ■ ■ · ■ ■
■ ■ · ■ ■ ■ ■ ■ ■ ■ ■ · ■ ■ ■ ■ ■
■ · ■ 4 · ■ · ■ · ■ · ■ ■ · ■ 4 ■
· ■ ■ ■ ■ ■ ■ ■ ■ ■ ■ ■ · ■ ■ ■ ■
■ · · 9 ■ · ■ 4 ■ 7 ■ 1 ■ · ■ 7 ■
■ ■ ■ ■ · ■ · ■ · ■ · ■ ■ ■ ■ ■ ·
■ · ■ 2 ■ ■ ■ ■ ■ ■ ■ ■ · · ■ 1 ■
■ ■ · ■ · · ■ · · · · ■ ■ ■ · ■ ■
■ ■ · ■ ■ ■ ■ ■ ■ ■ ■ · ■ ■ ■ ■ ■
■ · ■ 4 · ■ · ■ · ■ · ■ ■ · ■ 4 ■
· ■ ■ ■ ■ ■ ■ ■ ■ ■ ■ ■ · ■ ■ ■ ■
■ · · 9 ■ · ■ 4 ■ 7 ■ 1 ■ · ■ 7 ■
■ ■ ■ ■ · ■ · ■ · ■ · ■ ■ ■ ■ ■ ·
■ · ■ 2 ■ ■ ■ ■ ■ ■ ■ ■ · · ■ 1 ■
■ ■ · ■ · · ■ · · · · ■ ■ ■ · ■ ■
■ ■ · ■ ■ ■ ■ ■ ■ ■ ■ · ■ ■ ■ ■ ■
■ · ■ 4 · ■ · ■ · ■ · ■ ■ · ■ 4 ■
· ■ ■ ■ ■ ■ ■ ■ ■ ■ ■ ■ · ■ ■ ■ ■
■ · · 9 ■ · ■ 4 ■ 7 ■ 1 ■ · ■ 7 ■
■ ■ ■ ■ · ■ · ■ · ■ · ■ ■ ■ ■ ■ ·
■ · ■ 2 ■ ■ ■ ■ ■ ■ ■ ■ · · ■ 1 ■
■ ■ · ■ · · ■ · · · · ■ ■ ■ · ■ ■
■ ■ · ■ ■ ■ ■ ■ ■ ■ ■ · ■ ■ ■ ■ ■
■ · ■ 4 · ■ · ■ · ■ · ■ ■ · ■ 4 ■
· ■ ■ ■ ■ ■ ■ ■ ■ ■ ■ ■ · ■ ■ ■ ■
■ · · 9 ■ · ■ 4 ■ 7 ■ 1 ■ · ■ 7 ■
■ ■ ■ ■ · ■ · ■ · ■ · ■ ■ ■ ■ ■ ·
■ · ■ 2 ■ ■ ■ ■ ■ ■ ■ ■ · · ■ 1 ■
■ ■ · ■ · · ■ · · · · ■ ■ ■ · ■ ■
■ ■ · ■ ■ ■ ■ ■ ■ ■ ■ · ■ ■ ■ ■ ■
■ · ■ 4 · ■ · ■ · ■ · ■ ■ · ■ 4 ■
· ■ ■ ■ ■ ■ ■ ■ ■ ■ ■ ■ · ■ ■ ■ ■
■ · · 9 ■ · ■ 4 ■ 7 ■ 1 ■ · ■ 7 ■
■ ■ ■ ■ · ■ · ■ · ■ · ■ ■ ■ ■ ■ ·
■ · ■ 2 ■ ■ ■ ■ ■ ■ ■ ■ · · ■ 1 ■
■ ■ · ■ · · ■ · · · · ■ ■ ■ · ■ ■
■ ■ · ■ ■ ■ ■ ■ ■ ■ ■ · ■ ■ ■ ■ ■
■ · ■ 4 · ■ · ■ · ■ · ■ ■ · ■ 4 ■
· ■ ■ ■ ■ ■ ■ ■ ■ ■ ■ ■ · ■ ■ ■ ■
■ · · 9 ■ · ■ 4 ■ 7 ■ 1 ■ · ■ 7 ■
■ ■ ■ ■ · ■ · ■ · ■ · ■ ■ ■ ■ ■ ·
■ · ■ 2 ■ ■ ■ ■ ■ ■ ■ ■ · · ■ 1 ■
■ ■ · ■ · · ■ · · · · ■ ■ ■ · ■ ■
# Number of solutions found: 10
# CPU time: 0.5847 s
================================= 67 =================================
# Encoding time: 0.005779 s
2 ■ ·
■ · ■
■ 3 ·
2 ■ ·
■ · ■
■ 3 ·
2 ■ ·
■ · ■
■ 3 ·
2 ■ ·
■ · ■
■ 3 ·
2 ■ ·
■ · ■
■ 3 ·
2 ■ ·
■ · ■
■ 3 ·
2 ■ ·
■ · ■
■ 3 ·
2 ■ ·
■ · ■
■ 3 ·
2 ■ ·
■ · ■
■ 3 ·
2 ■ ·
■ · ■
■ 3 ·
# Number of solutions found: 10
# CPU time: 0.007557 s
================================= 68 =================================
# Encoding time: 0.005846 s
3 · ·
■ ■ ■
· 3 ·
3 · ·
■ ■ ■
· 3 ·
3 · ·
■ ■ ■
· 3 ·
3 · ·
■ ■ ■
· 3 ·
3 · ·
■ ■ ■
· 3 ·
3 · ·
■ ■ ■
· 3 ·
3 · ·
■ ■ ■
· 3 ·
3 · ·
■ ■ ■
· 3 ·
3 · ·
■ ■ ■
· 3 ·
3 · ·
■ ■ ■
· 3 ·
# Number of solutions found: 10
# CPU time: 0.007656 s
================================= 69 =================================
# Encoding time: 0.005799 s
2 ■ ·
■ ■ ■
2 ■ ·
2 ■ ·
■ ■ ■
2 ■ ·
2 ■ ·
■ ■ ■
2 ■ ·
2 ■ ·
■ ■ ■
2 ■ ·
2 ■ ·
■ ■ ■
2 ■ ·
2 ■ ·
■ ■ ■
2 ■ ·
2 ■ ·
■ ■ ■
2 ■ ·
2 ■ ·
■ ■ ■
2 ■ ·
2 ■ ·
■ ■ ■
2 ■ ·
2 ■ ·
■ ■ ■
2 ■ ·
# Number of solutions found: 10
# CPU time: 0.007491 s
================================= 70 =================================
# Encoding time: 0.01281 s
■ ■ ■ ■ ·
■ 1 ■ · ■
■ ■ ■ ■ ■
· ■ 5 ■ ·
■ ■ ■ ■ ■
■ ■ ■ ■ ·
■ 1 ■ · ■
■ ■ ■ ■ ■
· ■ 5 ■ ·
■ ■ ■ ■ ■
■ ■ ■ ■ ·
■ 1 ■ · ■
■ ■ ■ ■ ■
· ■ 5 ■ ·
■ ■ ■ ■ ■
■ ■ ■ ■ ·
■ 1 ■ · ■
■ ■ ■ ■ ■
· ■ 5 ■ ·
■ ■ ■ ■ ■
■ ■ ■ ■ ·
■ 1 ■ · ■
■ ■ ■ ■ ■
· ■ 5 ■ ·
■ ■ ■ ■ ■
■ ■ ■ ■ ·
■ 1 ■ · ■
■ ■ ■ ■ ■
· ■ 5 ■ ·
■ ■ ■ ■ ■
■ ■ ■ ■ ·
■ 1 ■ · ■
■ ■ ■ ■ ■
· ■ 5 ■ ·
■ ■ ■ ■ ■
■ ■ ■ ■ ·
■ 1 ■ · ■
■ ■ ■ ■ ■
· ■ 5 ■ ·
■ ■ ■ ■ ■
■ ■ ■ ■ ·
■ 1 ■ · ■
■ ■ ■ ■ ■
· ■ 5 ■ ·
■ ■ ■ ■ ■
■ ■ ■ ■ ·
■ 1 ■ · ■
■ ■ ■ ■ ■
· ■ 5 ■ ·
■ ■ ■ ■ ■
# Number of solutions found: 10
# CPU time: 0.018 s
================================= 71 =================================
# Encoding time: 0.01706 s
■ ■ ■ ■ ■
■ 1 ■ 1 ■
■ ■ ■ ■ ■
■ · 3 · ■
■ ■ ■ ■ ■
■ ■ ■ ■ ■
■ 1 ■ 1 ■
■ ■ ■ ■ ■
■ · 3 · ■
■ ■ ■ ■ ■
■ ■ ■ ■ ■
■ 1 ■ 1 ■
■ ■ ■ ■ ■
■ · 3 · ■
■ ■ ■ ■ ■
■ ■ ■ ■ ■
■ 1 ■ 1 ■
■ ■ ■ ■ ■
■ · 3 · ■
■ ■ ■ ■ ■
■ ■ ■ ■ ■
■ 1 ■ 1 ■
■ ■ ■ ■ ■
■ · 3 · ■
■ ■ ■ ■ ■
■ ■ ■ ■ ■
■ 1 ■ 1 ■
■ ■ ■ ■ ■
■ · 3 · ■
■ ■ ■ ■ ■
■ ■ ■ ■ ■
■ 1 ■ 1 ■
■ ■ ■ ■ ■
■ · 3 · ■
■ ■ ■ ■ ■
■ ■ ■ ■ ■
■ 1 ■ 1 ■
■ ■ ■ ■ ■
■ · 3 · ■
■ ■ ■ ■ ■
■ ■ ■ ■ ■
■ 1 ■ 1 ■
■ ■ ■ ■ ■
■ · 3 · ■
■ ■ ■ ■ ■
■ ■ ■ ■ ■
■ 1 ■ 1 ■
■ ■ ■ ■ ■
■ · 3 · ■
■ ■ ■ ■ ■
# Number of solutions found: 10
# CPU time: 0.02232 s
================================= 72 =================================
# Encoding time: 0.1586 s
· · · · · ■ · ■ · ■
■ 17 · · · · ■ · ■ ■
1 ■ · · · ■ · ■ · ·
■ ■ ■ · ■ 3 ■ ■ · ·
· · ■ ■ · ■ · · ■ ■
■ ■ ■ 2 ■ · ■ ■ · ■
· ■ · ■ ■ ■ ■ · ■ ■
■ 1 ■ · ■ · ■ ■ · ■
■ ■ ■ ■ · ■ ■ · ■ ■
■ · ■ 3 ■ ■ 2 ■ ■ A
· · · · · ■ · ■ · ■
■ 17 · · · · ■ · ■ ■
1 ■ · · · ■ · ■ · ·
■ ■ ■ · ■ 3 ■ ■ · ·
· · ■ ■ · ■ · · ■ ■
■ ■ ■ 2 ■ · ■ ■ · ■
· ■ · ■ ■ ■ ■ · ■ ■
■ 1 ■ · ■ · ■ ■ · ■
■ ■ ■ ■ · ■ ■ · ■ ■
■ · ■ 3 ■ ■ 2 ■ ■ A
· · · · · ■ · ■ · ■
■ 17 · · · · ■ · ■ ■
1 ■ · · · ■ · ■ · ·
■ ■ ■ · ■ 3 ■ ■ · ·
· · ■ ■ · ■ · · ■ ■
■ ■ ■ 2 ■ · ■ ■ · ■
· ■ · ■ ■ ■ ■ · ■ ■
■ 1 ■ · ■ · ■ ■ · ■
■ ■ ■ ■ · ■ ■ · ■ ■
■ · ■ 3 ■ ■ 2 ■ ■ A
· · · · · ■ · ■ · ■
■ 17 · · · · ■ · ■ ■
1 ■ · · · ■ · ■ · ·
■ ■ ■ · ■ 3 ■ ■ · ·
· · ■ ■ · ■ · · ■ ■
■ ■ ■ 2 ■ · ■ ■ · ■
· ■ · ■ ■ ■ ■ · ■ ■
■ 1 ■ · ■ · ■ ■ · ■
■ ■ ■ ■ · ■ ■ · ■ ■
■ · ■ 3 ■ ■ 2 ■ ■ A
· · · · · ■ · ■ · ■
■ 17 · · · · ■ · ■ ■
1 ■ · · · ■ · ■ · ·
■ ■ ■ · ■ 3 ■ ■ · ·
· · ■ ■ · ■ · · ■ ■
■ ■ ■ 2 ■ · ■ ■ · ■
· ■ · ■ ■ ■ ■ · ■ ■
■ 1 ■ · ■ · ■ ■ · ■
■ ■ ■ ■ · ■ ■ · ■ ■
■ · ■ 3 ■ ■ 2 ■ ■ A
· · · · · ■ · ■ · ■
■ 17 · · · · ■ · ■ ■
1 ■ · · · ■ · ■ · ·
■ ■ ■ · ■ 3 ■ ■ · ·
· · ■ ■ · ■ · · ■ ■
■ ■ ■ 2 ■ · ■ ■ · ■
· ■ · ■ ■ ■ ■ · ■ ■
■ 1 ■ · ■ · ■ ■ · ■
■ ■ ■ ■ · ■ ■ · ■ ■
■ · ■ 3 ■ ■ 2 ■ ■ A
· · · · · ■ · ■ · ■
■ 17 · · · · ■ · ■ ■
1 ■ · · · ■ · ■ · ·
■ ■ ■ · ■ 3 ■ ■ · ·
· · ■ ■ · ■ · · ■ ■
■ ■ ■ 2 ■ · ■ ■ · ■
· ■ · ■ ■ ■ ■ · ■ ■
■ 1 ■ · ■ · ■ ■ · ■
■ ■ ■ ■ · ■ ■ · ■ ■
■ · ■ 3 ■ ■ 2 ■ ■ A
· · · · · ■ · ■ · ■
■ 17 · · · · ■ · ■ ■
1 ■ · · · ■ · ■ · ·
■ ■ ■ · ■ 3 ■ ■ · ·
· · ■ ■ · ■ · · ■ ■
■ ■ ■ 2 ■ · ■ ■ · ■
· ■ · ■ ■ ■ ■ · ■ ■
■ 1 ■ · ■ · ■ ■ · ■
■ ■ ■ ■ · ■ ■ · ■ ■
■ · ■ 3 ■ ■ 2 ■ ■ A
· · · · · ■ · ■ · ■
■ 17 · · · · ■ · ■ ■
1 ■ · · · ■ · ■ · ·
■ ■ ■ · ■ 3 ■ ■ · ·
· · ■ ■ · ■ · · ■ ■
■ ■ ■ 2 ■ · ■ ■ · ■
· ■ · ■ ■ ■ ■ · ■ ■
■ 1 ■ · ■ · ■ ■ · ■
■ ■ ■ ■ · ■ ■ · ■ ■
■ · ■ 3 ■ ■ 2 ■ ■ A
· · · · · ■ · ■ · ■
■ 17 · · · · ■ · ■ ■
1 ■ · · · ■ · ■ · ·
■ ■ ■ · ■ 3 ■ ■ · ·
· · ■ ■ · ■ · · ■ ■
■ ■ ■ 2 ■ · ■ ■ · ■
· ■ · ■ ■ ■ ■ · ■ ■
■ 1 ■ · ■ · ■ ■ · ■
■ ■ ■ ■ · ■ ■ · ■ ■
■ · ■ 3 ■ ■ 2 ■ ■ A
# Number of solutions found: 10
# CPU time: 0.2538 s
================================= 73 =================================
# Encoding time: 0.6392 s
· ■ ■ ■ · 9 ■ ■ · ■ · 4 ■ · · · ■ 1
■ · · · ■ ■ · · ■ · ■ ■ · · ■ ■ · ■
■ · ■ · ■ 8 ■ ■ · ■ ■ 7 ■ ■ · · ■ 3
· ■ · ■ · ■ · · ■ ■ · ■ ■ · ■ ■ · ■
■ · ■ · ■ 6 ■ ■ · ■ ■ 1 ■ · ■ · ■ 5
2 ■ · ■ · ■ 2 ■ ■ · · ■ 8 ■ · ■ · ■
■ · · · ■ · ■ · ■ ■ ■ · ■ · ■ · ■ ■
3 ■ · ■ · ■ 4 ■ ■ · ■ ■ 5 ■ · ■ · ·
■ · ■ · ■ · ■ · ■ ■ ■ · ■ · ■ · ■ ■
9 ■ · ■ · ■ 2 ■ · · · ■ 8 ■ · ■ · ·
· ■ ■ ■ · 9 ■ ■ · ■ · 4 ■ · · · ■ 1
■ · · · ■ ■ · · ■ · ■ ■ · · ■ ■ · ■
■ · ■ · ■ 8 ■ ■ · ■ ■ 7 ■ ■ · · ■ 3
· ■ · ■ · ■ · · ■ ■ · ■ ■ · ■ ■ · ■
■ · ■ · ■ 6 ■ ■ · ■ ■ 1 ■ · ■ · ■ 5
2 ■ · ■ · ■ 2 ■ ■ · · ■ 8 ■ · ■ · ■
■ · · · ■ · ■ · ■ ■ ■ · ■ · ■ · ■ ■
3 ■ · ■ · ■ 4 ■ ■ · ■ ■ 5 ■ · ■ · ·
■ · ■ · ■ · ■ · ■ ■ ■ · ■ · ■ · ■ ■
9 ■ · ■ · ■ 2 ■ · · · ■ 8 ■ · ■ · ·
· ■ ■ ■ · 9 ■ ■ · ■ · 4 ■ · · · ■ 1
■ · · · ■ ■ · · ■ · ■ ■ · · ■ ■ · ■
■ · ■ · ■ 8 ■ ■ · ■ ■ 7 ■ ■ · · ■ 3
· ■ · ■ · ■ · · ■ ■ · ■ ■ · ■ ■ · ■
■ · ■ · ■ 6 ■ ■ · ■ ■ 1 ■ · ■ · ■ 5
2 ■ · ■ · ■ 2 ■ ■ · · ■ 8 ■ · ■ · ■
■ · · · ■ · ■ · ■ ■ ■ · ■ · ■ · ■ ■
3 ■ · ■ · ■ 4 ■ ■ · ■ ■ 5 ■ · ■ · ·
■ · ■ · ■ · ■ · ■ ■ ■ · ■ · ■ · ■ ■
9 ■ · ■ · ■ 2 ■ · · · ■ 8 ■ · ■ · ·
· ■ ■ ■ · 9 ■ ■ · ■ · 4 ■ · · · ■ 1
■ · · · ■ ■ · · ■ · ■ ■ · · ■ ■ · ■
■ · ■ · ■ 8 ■ ■ · ■ ■ 7 ■ ■ · · ■ 3
· ■ · ■ · ■ · · ■ ■ · ■ ■ · ■ ■ · ■
■ · ■ · ■ 6 ■ ■ · ■ ■ 1 ■ · ■ · ■ 5
2 ■ · ■ · ■ 2 ■ ■ · · ■ 8 ■ · ■ · ■
■ · · · ■ · ■ · ■ ■ ■ · ■ · ■ · ■ ■
3 ■ · ■ · ■ 4 ■ ■ · ■ ■ 5 ■ · ■ · ·
■ · ■ · ■ · ■ · ■ ■ ■ · ■ · ■ · ■ ■
9 ■ · ■ · ■ 2 ■ · · · ■ 8 ■ · ■ · ·
· ■ ■ ■ · 9 ■ ■ · ■ · 4 ■ · · · ■ 1
■ · · · ■ ■ · · ■ · ■ ■ · · ■ ■ · ■
■ · ■ · ■ 8 ■ ■ · ■ ■ 7 ■ ■ · · ■ 3
· ■ · ■ · ■ · · ■ ■ · ■ ■ · ■ ■ · ■
■ · ■ · ■ 6 ■ ■ · ■ ■ 1 ■ · ■ · ■ 5
2 ■ · ■ · ■ 2 ■ ■ · · ■ 8 ■ · ■ · ■
■ · · · ■ · ■ · ■ ■ ■ · ■ · ■ · ■ ■
3 ■ · ■ · ■ 4 ■ ■ · ■ ■ 5 ■ · ■ · ·
■ · ■ · ■ · ■ · ■ ■ ■ · ■ · ■ · ■ ■
9 ■ · ■ · ■ 2 ■ · · · ■ 8 ■ · ■ · ·
· ■ ■ ■ · 9 ■ ■ · ■ · 4 ■ · · · ■ 1
■ · · · ■ ■ · · ■ · ■ ■ · · ■ ■ · ■
■ · ■ · ■ 8 ■ ■ · ■ ■ 7 ■ ■ · · ■ 3
· ■ · ■ · ■ · · ■ ■ · ■ ■ · ■ ■ · ■
■ · ■ · ■ 6 ■ ■ · ■ ■ 1 ■ · ■ · ■ 5
2 ■ · ■ · ■ 2 ■ ■ · · ■ 8 ■ · ■ · ■
■ · · · ■ · ■ · ■ ■ ■ · ■ · ■ · ■ ■
3 ■ · ■ · ■ 4 ■ ■ · ■ ■ 5 ■ · ■ · ·
■ · ■ · ■ · ■ · ■ ■ ■ · ■ · ■ · ■ ■
9 ■ · ■ · ■ 2 ■ · · · ■ 8 ■ · ■ · ·
· ■ ■ ■ · 9 ■ ■ · ■ · 4 ■ · · · ■ 1
■ · · · ■ ■ · · ■ · ■ ■ · · ■ ■ · ■
■ · ■ · ■ 8 ■ ■ · ■ ■ 7 ■ ■ · · ■ 3
· ■ · ■ · ■ · · ■ ■ · ■ ■ · ■ ■ · ■
■ · ■ · ■ 6 ■ ■ · ■ ■ 1 ■ · ■ · ■ 5
2 ■ · ■ · ■ 2 ■ ■ · · ■ 8 ■ · ■ · ■
■ · · · ■ · ■ · ■ ■ ■ · ■ · ■ · ■ ■
3 ■ · ■ · ■ 4 ■ ■ · ■ ■ 5 ■ · ■ · ·
■ · ■ · ■ · ■ · ■ ■ ■ · ■ · ■ · ■ ■
9 ■ · ■ · ■ 2 ■ · · · ■ 8 ■ · ■ · ·
· ■ ■ ■ · 9 ■ ■ · ■ · 4 ■ · · · ■ 1
■ · · · ■ ■ · · ■ · ■ ■ · · ■ ■ · ■
■ · ■ · ■ 8 ■ ■ · ■ ■ 7 ■ ■ · · ■ 3
· ■ · ■ · ■ · · ■ ■ · ■ ■ · ■ ■ · ■
■ · ■ · ■ 6 ■ ■ · ■ ■ 1 ■ · ■ · ■ 5
2 ■ · ■ · ■ 2 ■ ■ · · ■ 8 ■ · ■ · ■
■ · · · ■ · ■ · ■ ■ ■ · ■ · ■ · ■ ■
3 ■ · ■ · ■ 4 ■ ■ · ■ ■ 5 ■ · ■ · ·
■ · ■ · ■ · ■ · ■ ■ ■ · ■ · ■ · ■ ■
9 ■ · ■ · ■ 2 ■ · · · ■ 8 ■ · ■ · ·
· ■ ■ ■ · 9 ■ ■ · ■ · 4 ■ · · · ■ 1
■ · · · ■ ■ · · ■ · ■ ■ · · ■ ■ · ■
■ · ■ · ■ 8 ■ ■ · ■ ■ 7 ■ ■ · · ■ 3
· ■ · ■ · ■ · · ■ ■ · ■ ■ · ■ ■ · ■
■ · ■ · ■ 6 ■ ■ · ■ ■ 1 ■ · ■ · ■ 5
2 ■ · ■ · ■ 2 ■ ■ · · ■ 8 ■ · ■ · ■
■ · · · ■ · ■ · ■ ■ ■ · ■ · ■ · ■ ■
3 ■ · ■ · ■ 4 ■ ■ · ■ ■ 5 ■ · ■ · ·
■ · ■ · ■ · ■ · ■ ■ ■ · ■ · ■ · ■ ■
9 ■ · ■ · ■ 2 ■ · · · ■ 8 ■ · ■ · ·
· ■ ■ ■ · 9 ■ ■ · ■ · 4 ■ · · · ■ 1
■ · · · ■ ■ · · ■ · ■ ■ · · ■ ■ · ■
■ · ■ · ■ 8 ■ ■ · ■ ■ 7 ■ ■ · · ■ 3
· ■ · ■ · ■ · · ■ ■ · ■ ■ · ■ ■ · ■
■ · ■ · ■ 6 ■ ■ · ■ ■ 1 ■ · ■ · ■ 5
2 ■ · ■ · ■ 2 ■ ■ · · ■ 8 ■ · ■ · ■
■ · · · ■ · ■ · ■ ■ ■ · ■ · ■ · ■ ■
3 ■ · ■ · ■ 4 ■ ■ · ■ ■ 5 ■ · ■ · ·
■ · ■ · ■ · ■ · ■ ■ ■ · ■ · ■ · ■ ■
9 ■ · ■ · ■ 2 ■ · · · ■ 8 ■ · ■ · ·
# Number of solutions found: 10
# CPU time: 2.034 s
================================= 74 =================================
# Encoding time: 0.01787 s
12 · · ■ 3
· · · · ■
· · · · ·
· · · · ·
■ ■ · ■ ■
· · ■ · 2
12 · · ■ 3
· · · · ■
· · · · ·
· · · · ·
■ ■ · ■ ■
· · ■ · 2
12 · · ■ 3
· · · · ■
· · · · ·
· · · · ·
■ ■ · ■ ■
· · ■ · 2
12 · · ■ 3
· · · · ■
· · · · ·
· · · · ·
■ ■ · ■ ■
· · ■ · 2
12 · · ■ 3
· · · · ■
· · · · ·
· · · · ·
■ ■ · ■ ■
· · ■ · 2
12 · · ■ 3
· · · · ■
· · · · ·
· · · · ·
■ ■ · ■ ■
· · ■ · 2
12 · · ■ 3
· · · · ■
· · · · ·
· · · · ·
■ ■ · ■ ■
· · ■ · 2
12 · · ■ 3
· · · · ■
· · · · ·
· · · · ·
■ ■ · ■ ■
· · ■ · 2
12 · · ■ 3
· · · · ■
· · · · ·
· · · · ·
■ ■ · ■ ■
· · ■ · 2
12 · · ■ 3
· · · · ■
· · · · ·
· · · · ·
■ ■ · ■ ■
· · ■ · 2
# Number of solutions found: 10
# CPU time: 0.02472 s
================================= 75 =================================
# Encoding time: 0.02024 s
12 ■ ■ · 4
· · · ■ ·
· · · · ■
· · · ■ ·
· · · · ■
· · · ■ 1
12 ■ ■ · 4
· · · ■ ·
· · · · ■
· · · ■ ·
· · · · ■
· · · ■ 1
12 ■ ■ · 4
· · · ■ ·
· · · · ■
· · · ■ ·
· · · · ■
· · · ■ 1
12 ■ ■ · 4
· · · ■ ·
· · · · ■
· · · ■ ·
· · · · ■
· · · ■ 1
12 ■ ■ · 4
· · · ■ ·
· · · · ■
· · · ■ ·
· · · · ■
· · · ■ 1
12 ■ ■ · 4
· · · ■ ·
· · · · ■
· · · ■ ·
· · · · ■
· · · ■ 1
12 ■ ■ · 4
· · · ■ ·
· · · · ■
· · · ■ ·
· · · · ■
· · · ■ 1
12 ■ ■ · 4
· · · ■ ·
· · · · ■
· · · ■ ·
· · · · ■
· · · ■ 1
12 ■ ■ · 4
· · · ■ ·
· · · · ■
· · · ■ ·
· · · · ■
· · · ■ 1
12 ■ ■ · 4
· · · ■ ·
· · · · ■
· · · ■ ·
· · · · ■
· · · ■ 1
# Number of solutions found: 10
# CPU time: 0.02907 s
================================= 76 =================================
# Encoding time: 0.02007 s
12 · · ■ 2
· · ■ · ■
· · · ■ ·
· · · · ■
· · · ■ ·
· · · ■ 3
12 · · ■ 2
· · ■ · ■
· · · ■ ·
· · · · ■
· · · ■ ·
· · · ■ 3
12 · · ■ 2
· · ■ · ■
· · · ■ ·
· · · · ■
· · · ■ ·
· · · ■ 3
12 · · ■ 2
· · ■ · ■
· · · ■ ·
· · · · ■
· · · ■ ·
· · · ■ 3
12 · · ■ 2
· · ■ · ■
· · · ■ ·
· · · · ■
· · · ■ ·
· · · ■ 3
12 · · ■ 2
· · ■ · ■
· · · ■ ·
· · · · ■
· · · ■ ·
· · · ■ 3
12 · · ■ 2
· · ■ · ■
· · · ■ ·
· · · · ■
· · · ■ ·
· · · ■ 3
12 · · ■ 2
· · ■ · ■
· · · ■ ·
· · · · ■
· · · ■ ·
· · · ■ 3
12 · · ■ 2
· · ■ · ■
· · · ■ ·
· · · · ■
· · · ■ ·
· · · ■ 3
12 · · ■ 2
· · ■ · ■
· · · ■ ·
· · · · ■
· · · ■ ·
· · · ■ 3
# Number of solutions found: 10
# CPU time: 0.02672 s
================================= 77 =================================
# Encoding time: 0.06843 s
■ ■ · · ■ · ■
■ · ■ ■ ■ ■ ■
3 ■ ■ 2 ■ 2 ■
■ · ■ ■ ■ ■ ■
3 ■ ■ 2 ■ 2 ■
■ · ■ ■ · ■ ·
■ ■ 1 ■ ■ ■ ■
■ ■ · · ■ · ■
■ · ■ ■ ■ ■ ■
3 ■ ■ 2 ■ 2 ■
■ · ■ ■ ■ ■ ■
3 ■ ■ 2 ■ 2 ■
■ · ■ ■ · ■ ·
■ ■ 1 ■ ■ ■ ■
■ ■ · · ■ · ■
■ · ■ ■ ■ ■ ■
3 ■ ■ 2 ■ 2 ■
■ · ■ ■ ■ ■ ■
3 ■ ■ 2 ■ 2 ■
■ · ■ ■ · ■ ·
■ ■ 1 ■ ■ ■ ■
■ ■ · · ■ · ■
■ · ■ ■ ■ ■ ■
3 ■ ■ 2 ■ 2 ■
■ · ■ ■ ■ ■ ■
3 ■ ■ 2 ■ 2 ■
■ · ■ ■ · ■ ·
■ ■ 1 ■ ■ ■ ■
■ ■ · · ■ · ■
■ · ■ ■ ■ ■ ■
3 ■ ■ 2 ■ 2 ■
■ · ■ ■ ■ ■ ■
3 ■ ■ 2 ■ 2 ■
■ · ■ ■ · ■ ·
■ ■ 1 ■ ■ ■ ■
■ ■ · · ■ · ■
■ · ■ ■ ■ ■ ■
3 ■ ■ 2 ■ 2 ■
■ · ■ ■ ■ ■ ■
3 ■ ■ 2 ■ 2 ■
■ · ■ ■ · ■ ·
■ ■ 1 ■ ■ ■ ■
■ ■ · · ■ · ■
■ · ■ ■ ■ ■ ■
3 ■ ■ 2 ■ 2 ■
■ · ■ ■ ■ ■ ■
3 ■ ■ 2 ■ 2 ■
■ · ■ ■ · ■ ·
■ ■ 1 ■ ■ ■ ■
■ ■ · · ■ · ■
■ · ■ ■ ■ ■ ■
3 ■ ■ 2 ■ 2 ■
■ · ■ ■ ■ ■ ■
3 ■ ■ 2 ■ 2 ■
■ · ■ ■ · ■ ·
■ ■ 1 ■ ■ ■ ■
■ ■ · · ■ · ■
■ · ■ ■ ■ ■ ■
3 ■ ■ 2 ■ 2 ■
■ · ■ ■ ■ ■ ■
3 ■ ■ 2 ■ 2 ■
■ · ■ ■ · ■ ·
■ ■ 1 ■ ■ ■ ■
■ ■ · · ■ · ■
■ · ■ ■ ■ ■ ■
3 ■ ■ 2 ■ 2 ■
■ · ■ ■ ■ ■ ■
3 ■ ■ 2 ■ 2 ■
■ · ■ ■ · ■ ·
■ ■ 1 ■ ■ ■ ■
# Number of solutions found: 10
# CPU time: 0.08798 s
================================= 78 =================================
# Encoding time: 0.1406 s
· · · ■ ■ · · ■ ·
· ■ ■ · · · ■ · ·
· ■ 9 ■ · 8 ■ · ·
■ · ■ · ■ · ■ ■ 7
4 ■ · · 6 ■ · · ■
· · ■ · ■ · ■ ■ ·
■ · ■ ■ · ■ · 6 ·
2 ■ · ■ · 4 ■ · ■
· ■ 2 ■ · ■ · ■ ·
· · · ■ ■ · · ■ ·
· ■ ■ · · · ■ · ·
· ■ 9 ■ · 8 ■ · ·
■ · ■ · ■ · ■ ■ 7
4 ■ · · 6 ■ · · ■
· · ■ · ■ · ■ ■ ·
■ · ■ ■ · ■ · 6 ·
2 ■ · ■ · 4 ■ · ■
· ■ 2 ■ · ■ · ■ ·
· · · ■ ■ · · ■ ·
· ■ ■ · · · ■ · ·
· ■ 9 ■ · 8 ■ · ·
■ · ■ · ■ · ■ ■ 7
4 ■ · · 6 ■ · · ■
· · ■ · ■ · ■ ■ ·
■ · ■ ■ · ■ · 6 ·
2 ■ · ■ · 4 ■ · ■
· ■ 2 ■ · ■ · ■ ·
· · · ■ ■ · · ■ ·
· ■ ■ · · · ■ · ·
· ■ 9 ■ · 8 ■ · ·
■ · ■ · ■ · ■ ■ 7
4 ■ · · 6 ■ · · ■
· · ■ · ■ · ■ ■ ·
■ · ■ ■ · ■ · 6 ·
2 ■ · ■ · 4 ■ · ■
· ■ 2 ■ · ■ · ■ ·
· · · ■ ■ · · ■ ·
· ■ ■ · · · ■ · ·
· ■ 9 ■ · 8 ■ · ·
■ · ■ · ■ · ■ ■ 7
4 ■ · · 6 ■ · · ■
· · ■ · ■ · ■ ■ ·
■ · ■ ■ · ■ · 6 ·
2 ■ · ■ · 4 ■ · ■
· ■ 2 ■ · ■ · ■ ·
· · · ■ ■ · · ■ ·
· ■ ■ · · · ■ · ·
· ■ 9 ■ · 8 ■ · ·
■ · ■ · ■ · ■ ■ 7
4 ■ · · 6 ■ · · ■
· · ■ · ■ · ■ ■ ·
■ · ■ ■ · ■ · 6 ·
2 ■ · ■ · 4 ■ · ■
· ■ 2 ■ · ■ · ■ ·
· · · ■ ■ · · ■ ·
· ■ ■ · · · ■ · ·
· ■ 9 ■ · 8 ■ · ·
■ · ■ · ■ · ■ ■ 7
4 ■ · · 6 ■ · · ■
· · ■ · ■ · ■ ■ ·
■ · ■ ■ · ■ · 6 ·
2 ■ · ■ · 4 ■ · ■
· ■ 2 ■ · ■ · ■ ·
· · · ■ ■ · · ■ ·
· ■ ■ · · · ■ · ·
· ■ 9 ■ · 8 ■ · ·
■ · ■ · ■ · ■ ■ 7
4 ■ · · 6 ■ · · ■
· · ■ · ■ · ■ ■ ·
■ · ■ ■ · ■ · 6 ·
2 ■ · ■ · 4 ■ · ■
· ■ 2 ■ · ■ · ■ ·
· · · ■ ■ · · ■ ·
· ■ ■ · · · ■ · ·
· ■ 9 ■ · 8 ■ · ·
■ · ■ · ■ · ■ ■ 7
4 ■ · · 6 ■ · · ■
· · ■ · ■ · ■ ■ ·
■ · ■ ■ · ■ · 6 ·
2 ■ · ■ · 4 ■ · ■
· ■ 2 ■ · ■ · ■ ·
· · · ■ ■ · · ■ ·
· ■ ■ · · · ■ · ·
· ■ 9 ■ · 8 ■ · ·
■ · ■ · ■ · ■ ■ 7
4 ■ · · 6 ■ · · ■
· · ■ · ■ · ■ ■ ·
■ · ■ ■ · ■ · 6 ·
2 ■ · ■ · 4 ■ · ■
· ■ 2 ■ · ■ · ■ ·
# Number of solutions found: 10
# CPU time: 7.219 s
================================= 79 =================================
# Encoding time: 0.1399 s
· ■ · · ■ · · ■ ·
■ 1 ■ ■ 6 ■ ■ 4 ■
· ■ · ■ ■ · ■ ■ ·
· · ■ · ■ ■ · ■ ·
· 9 · ■ 2 · ■ 3 ■
· · ■ · ■ ■ · ■ ·
· ■ · · · · · ■ ·
■ 5 ■ ■ 8 ■ ■ 7 ■
· ■ · · ■ · · ■ ·
· ■ · · ■ · · ■ ·
■ 1 ■ ■ 6 ■ ■ 4 ■
· ■ · ■ ■ · ■ ■ ·
· · ■ · ■ ■ · ■ ·
· 9 · ■ 2 · ■ 3 ■
· · ■ · ■ ■ · ■ ·
· ■ · · · · · ■ ·
■ 5 ■ ■ 8 ■ ■ 7 ■
· ■ · · ■ · · ■ ·
· ■ · · ■ · · ■ ·
■ 1 ■ ■ 6 ■ ■ 4 ■
· ■ · ■ ■ · ■ ■ ·
· · ■ · ■ ■ · ■ ·
· 9 · ■ 2 · ■ 3 ■
· · ■ · ■ ■ · ■ ·
· ■ · · · · · ■ ·
■ 5 ■ ■ 8 ■ ■ 7 ■
· ■ · · ■ · · ■ ·
· ■ · · ■ · · ■ ·
■ 1 ■ ■ 6 ■ ■ 4 ■
· ■ · ■ ■ · ■ ■ ·
· · ■ · ■ ■ · ■ ·
· 9 · ■ 2 · ■ 3 ■
· · ■ · ■ ■ · ■ ·
· ■ · · · · · ■ ·
■ 5 ■ ■ 8 ■ ■ 7 ■
· ■ · · ■ · · ■ ·
· ■ · · ■ · · ■ ·
■ 1 ■ ■ 6 ■ ■ 4 ■
· ■ · ■ ■ · ■ ■ ·
· · ■ · ■ ■ · ■ ·
· 9 · ■ 2 · ■ 3 ■
· · ■ · ■ ■ · ■ ·
· ■ · · · · · ■ ·
■ 5 ■ ■ 8 ■ ■ 7 ■
· ■ · · ■ · · ■ ·
· ■ · · ■ · · ■ ·
■ 1 ■ ■ 6 ■ ■ 4 ■
· ■ · ■ ■ · ■ ■ ·
· · ■ · ■ ■ · ■ ·
· 9 · ■ 2 · ■ 3 ■
· · ■ · ■ ■ · ■ ·
· ■ · · · · · ■ ·
■ 5 ■ ■ 8 ■ ■ 7 ■
· ■ · · ■ · · ■ ·
· ■ · · ■ · · ■ ·
■ 1 ■ ■ 6 ■ ■ 4 ■
· ■ · ■ ■ · ■ ■ ·
· · ■ · ■ ■ · ■ ·
· 9 · ■ 2 · ■ 3 ■
· · ■ · ■ ■ · ■ ·
· ■ · · · · · ■ ·
■ 5 ■ ■ 8 ■ ■ 7 ■
· ■ · · ■ · · ■ ·
· ■ · · ■ · · ■ ·
■ 1 ■ ■ 6 ■ ■ 4 ■
· ■ · ■ ■ · ■ ■ ·
· · ■ · ■ ■ · ■ ·
· 9 · ■ 2 · ■ 3 ■
· · ■ · ■ ■ · ■ ·
· ■ · · · · · ■ ·
■ 5 ■ ■ 8 ■ ■ 7 ■
· ■ · · ■ · · ■ ·
· ■ · · ■ · · ■ ·
■ 1 ■ ■ 6 ■ ■ 4 ■
· ■ · ■ ■ · ■ ■ ·
· · ■ · ■ ■ · ■ ·
· 9 · ■ 2 · ■ 3 ■
· · ■ · ■ ■ · ■ ·
· ■ · · · · · ■ ·
■ 5 ■ ■ 8 ■ ■ 7 ■
· ■ · · ■ · · ■ ·
· ■ · · ■ · · ■ ·
■ 1 ■ ■ 6 ■ ■ 4 ■
· ■ · ■ ■ · ■ ■ ·
· · ■ · ■ ■ · ■ ·
· 9 · ■ 2 · ■ 3 ■
· · ■ · ■ ■ · ■ ·
· ■ · · · · · ■ ·
■ 5 ■ ■ 8 ■ ■ 7 ■
· ■ · · ■ · · ■ ·
# Number of solutions found: 10
# CPU time: 0.9493 s
================================= 80 =================================
# Encoding time: 0.2061 s
■ · · ■ ■ ■ ■ · ■ ·
· ■ ■ · ■ · ■ ■ · ■
■ ■ · ■ 1 ■ ■ 4 ■ ■
■ · ■ 3 ■ ■ · ■ ■ ·
■ ■ · ■ 2 ■ ■ · · ·
· · ■ 2 ■ · 2 ■ · ·
· · ■ ■ 1 ■ ■ · · ·
· ■ 2 ■ ■ 3 ■ · · ·
· 25 ■ · · ■ · · · ·
· · · · · · · · · ·
■ · · ■ ■ ■ ■ · ■ ·
· ■ ■ · ■ · ■ ■ · ■
■ ■ · ■ 1 ■ ■ 4 ■ ■
■ · ■ 3 ■ ■ · ■ ■ ·
■ ■ · ■ 2 ■ ■ · · ·
· · ■ 2 ■ · 2 ■ · ·
· · ■ ■ 1 ■ ■ · · ·
· ■ 2 ■ ■ 3 ■ · · ·
· 25 ■ · · ■ · · · ·
· · · · · · · · · ·
■ · · ■ ■ ■ ■ · ■ ·
· ■ ■ · ■ · ■ ■ · ■
■ ■ · ■ 1 ■ ■ 4 ■ ■
■ · ■ 3 ■ ■ · ■ ■ ·
■ ■ · ■ 2 ■ ■ · · ·
· · ■ 2 ■ · 2 ■ · ·
· · ■ ■ 1 ■ ■ · · ·
· ■ 2 ■ ■ 3 ■ · · ·
· 25 ■ · · ■ · · · ·
· · · · · · · · · ·
■ · · ■ ■ ■ ■ · ■ ·
· ■ ■ · ■ · ■ ■ · ■
■ ■ · ■ 1 ■ ■ 4 ■ ■
■ · ■ 3 ■ ■ · ■ ■ ·
■ ■ · ■ 2 ■ ■ · · ·
· · ■ 2 ■ · 2 ■ · ·
· · ■ ■ 1 ■ ■ · · ·
· ■ 2 ■ ■ 3 ■ · · ·
· 25 ■ · · ■ · · · ·
· · · · · · · · · ·
■ · · ■ ■ ■ ■ · ■ ·
· ■ ■ · ■ · ■ ■ · ■
■ ■ · ■ 1 ■ ■ 4 ■ ■
■ · ■ 3 ■ ■ · ■ ■ ·
■ ■ · ■ 2 ■ ■ · · ·
· · ■ 2 ■ · 2 ■ · ·
· · ■ ■ 1 ■ ■ · · ·
· ■ 2 ■ ■ 3 ■ · · ·
· 25 ■ · · ■ · · · ·
· · · · · · · · · ·
■ · · ■ ■ ■ ■ · ■ ·
· ■ ■ · ■ · ■ ■ · ■
■ ■ · ■ 1 ■ ■ 4 ■ ■
■ · ■ 3 ■ ■ · ■ ■ ·
■ ■ · ■ 2 ■ ■ · · ·
· · ■ 2 ■ · 2 ■ · ·
· · ■ ■ 1 ■ ■ · · ·
· ■ 2 ■ ■ 3 ■ · · ·
· 25 ■ · · ■ · · · ·
· · · · · · · · · ·
■ · · ■ ■ ■ ■ · ■ ·
· ■ ■ · ■ · ■ ■ · ■
■ ■ · ■ 1 ■ ■ 4 ■ ■
■ · ■ 3 ■ ■ · ■ ■ ·
■ ■ · ■ 2 ■ ■ · · ·
· · ■ 2 ■ · 2 ■ · ·
· · ■ ■ 1 ■ ■ · · ·
· ■ 2 ■ ■ 3 ■ · · ·
· 25 ■ · · ■ · · · ·
· · · · · · · · · ·
■ · · ■ ■ ■ ■ · ■ ·
· ■ ■ · ■ · ■ ■ · ■
■ ■ · ■ 1 ■ ■ 4 ■ ■
■ · ■ 3 ■ ■ · ■ ■ ·
■ ■ · ■ 2 ■ ■ · · ·
· · ■ 2 ■ · 2 ■ · ·
· · ■ ■ 1 ■ ■ · · ·
· ■ 2 ■ ■ 3 ■ · · ·
· 25 ■ · · ■ · · · ·
· · · · · · · · · ·
■ · · ■ ■ ■ ■ · ■ ·
· ■ ■ · ■ · ■ ■ · ■
■ ■ · ■ 1 ■ ■ 4 ■ ■
■ · ■ 3 ■ ■ · ■ ■ ·
■ ■ · ■ 2 ■ ■ · · ·
· · ■ 2 ■ · 2 ■ · ·
· · ■ ■ 1 ■ ■ · · ·
· ■ 2 ■ ■ 3 ■ · · ·
· 25 ■ · · ■ · · · ·
· · · · · · · · · ·
■ · · ■ ■ ■ ■ · ■ ·
· ■ ■ · ■ · ■ ■ · ■
■ ■ · ■ 1 ■ ■ 4 ■ ■
■ · ■ 3 ■ ■ · ■ ■ ·
■ ■ · ■ 2 ■ ■ · · ·
· · ■ 2 ■ · 2 ■ · ·
· · ■ ■ 1 ■ ■ · · ·
· ■ 2 ■ ■ 3 ■ · · ·
· 25 ■ · · ■ · · · ·
· · · · · · · · · ·
# Number of solutions found: 10
# CPU time: 0.3099 s
================================= 81 =================================
# Encoding time: 0.979 s
· · ■ · ■ · · ■ · ■ · ·
· ■ · ■ ■ ■ ■ · ■ ■ · ■
■ · ■ · · · · ■ · · ■ ·
· ■ · ■ ■ ■ · ■ · ■ · ■
■ · ■ · ■ · ■ 7 ■ ■ 7 ■
■ ■ · ■ · ■ 2 ■ ■ 2 ■ 16
· · ■ ■ 7 ■ · ■ · ■ · ■
■ ■ · · ■ 2 ■ · ■ · ■ ·
■ · ■ 7 · ■ · ■ ■ 2 ■ ·
· ■ 2 ■ · ■ · ■ · ■ ■ ·
■ · ■ · ■ 7 ■ · ■ · · ■
· ■ ■ ■ · ■ 2 ■ ■ ■ ■ ·
■ · · ■ ■ · ■ ■ 7 ■ · ■
■ · · ■ · ■ · · ■ 2 ■ ·
■ · ■ 7 ■ · ■ ■ · ■ ■ ■
· ■ ■ ■ 2 ■ ■ · ■ · · ·
■ · · · ■ · · ■ 7 ■ · ·
· ■ · · · · ■ 2 ■ · ■ ·
■ · ■ ■ ■ ■ · ■ · ■ · ■
■ ■ · · ■ · ■ 1B ■ · ■ ·
· ■ · · ■ ■ · ■ · ■ · ■
· · ■ · ■ · · ■ · ■ · ·
· ■ · ■ ■ ■ ■ · ■ ■ · ■
■ · ■ · · · · ■ · · ■ ·
· ■ · ■ ■ ■ · ■ · ■ · ■
■ · ■ · ■ · ■ 7 ■ ■ 7 ■
■ ■ · ■ · ■ 2 ■ ■ 2 ■ 16
· · ■ ■ 7 ■ · ■ · ■ · ■
■ ■ · · ■ 2 ■ · ■ · ■ ·
■ · ■ 7 · ■ · ■ ■ 2 ■ ·
· ■ 2 ■ · ■ · ■ · ■ ■ ·
■ · ■ · ■ 7 ■ · ■ · · ■
· ■ ■ ■ · ■ 2 ■ ■ ■ ■ ·
■ · · ■ ■ · ■ ■ 7 ■ · ■
■ · · ■ · ■ · · ■ 2 ■ ·
■ · ■ 7 ■ · ■ ■ · ■ ■ ■
· ■ ■ ■ 2 ■ ■ · ■ · · ·
■ · · · ■ · · ■ 7 ■ · ·
· ■ · · · · ■ 2 ■ · ■ ·
■ · ■ ■ ■ ■ · ■ · ■ · ■
■ ■ · · ■ · ■ 1B ■ · ■ ·
· ■ · · ■ ■ · ■ · ■ · ■
· · ■ · ■ · · ■ · ■ · ·
· ■ · ■ ■ ■ ■ · ■ ■ · ■
■ · ■ · · · · ■ · · ■ ·
· ■ · ■ ■ ■ · ■ · ■ · ■
■ · ■ · ■ · ■ 7 ■ ■ 7 ■
■ ■ · ■ · ■ 2 ■ ■ 2 ■ 16
· · ■ ■ 7 ■ · ■ · ■ · ■
■ ■ · · ■ 2 ■ · ■ · ■ ·
■ · ■ 7 · ■ · ■ ■ 2 ■ ·
· ■ 2 ■ · ■ · ■ · ■ ■ ·
■ · ■ · ■ 7 ■ · ■ · · ■
· ■ ■ ■ · ■ 2 ■ ■ ■ ■ ·
■ · · ■ ■ · ■ ■ 7 ■ · ■
■ · · ■ · ■ · · ■ 2 ■ ·
■ · ■ 7 ■ · ■ ■ · ■ ■ ■
· ■ ■ ■ 2 ■ ■ · ■ · · ·
■ · · · ■ · · ■ 7 ■ · ·
· ■ · · · · ■ 2 ■ · ■ ·
■ · ■ ■ ■ ■ · ■ · ■ · ■
■ ■ · · ■ · ■ 1B ■ · ■ ·
· ■ · · ■ ■ · ■ · ■ · ■
· · ■ · ■ · · ■ · ■ · ·
· ■ · ■ ■ ■ ■ · ■ ■ · ■
■ · ■ · · · · ■ · · ■ ·
· ■ · ■ ■ ■ · ■ · ■ · ■
■ · ■ · ■ · ■ 7 ■ ■ 7 ■
■ ■ · ■ · ■ 2 ■ ■ 2 ■ 16
· · ■ ■ 7 ■ · ■ · ■ · ■
■ ■ · · ■ 2 ■ · ■ · ■ ·
■ · ■ 7 · ■ · ■ ■ 2 ■ ·
· ■ 2 ■ · ■ · ■ · ■ ■ ·
■ · ■ · ■ 7 ■ · ■ · · ■
· ■ ■ ■ · ■ 2 ■ ■ ■ ■ ·
■ · · ■ ■ · ■ ■ 7 ■ · ■
■ · · ■ · ■ · · ■ 2 ■ ·
■ · ■ 7 ■ · ■ ■ · ■ ■ ■
· ■ ■ ■ 2 ■ ■ · ■ · · ·
■ · · · ■ · · ■ 7 ■ · ·
· ■ · · · · ■ 2 ■ · ■ ·
■ · ■ ■ ■ ■ · ■ · ■ · ■
■ ■ · · ■ · ■ 1B ■ · ■ ·
· ■ · · ■ ■ · ■ · ■ · ■
· · ■ · ■ · · ■ · ■ · ·
· ■ · ■ ■ ■ ■ · ■ ■ · ■
■ · ■ · · · · ■ · · ■ ·
· ■ · ■ ■ ■ · ■ · ■ · ■
■ · ■ · ■ · ■ 7 ■ ■ 7 ■
■ ■ · ■ · ■ 2 ■ ■ 2 ■ 16
· · ■ ■ 7 ■ · ■ · ■ · ■
■ ■ · · ■ 2 ■ · ■ · ■ ·
■ · ■ 7 · ■ · ■ ■ 2 ■ ·
· ■ 2 ■ · ■ · ■ · ■ ■ ·
■ · ■ · ■ 7 ■ · ■ · · ■
· ■ ■ ■ · ■ 2 ■ ■ ■ ■ ·
■ · · ■ ■ · ■ ■ 7 ■ · ■
■ · · ■ · ■ · · ■ 2 ■ ·
■ · ■ 7 ■ · ■ ■ · ■ ■ ■
· ■ ■ ■ 2 ■ ■ · ■ · · ·
■ · · · ■ · · ■ 7 ■ · ·
· ■ · · · · ■ 2 ■ · ■ ·
■ · ■ ■ ■ ■ · ■ · ■ · ■
■ ■ · · ■ · ■ 1B ■ · ■ ·
· ■ · · ■ ■ · ■ · ■ · ■
· · ■ · ■ · · ■ · ■ · ·
· ■ · ■ ■ ■ ■ · ■ ■ · ■
■ · ■ · · · · ■ · · ■ ·
· ■ · ■ ■ ■ · ■ · ■ · ■
■ · ■ · ■ · ■ 7 ■ ■ 7 ■
■ ■ · ■ · ■ 2 ■ ■ 2 ■ 16
· · ■ ■ 7 ■ · ■ · ■ · ■
■ ■ · · ■ 2 ■ · ■ · ■ ·
■ · ■ 7 · ■ · ■ ■ 2 ■ ·
· ■ 2 ■ · ■ · ■ · ■ ■ ·
■ · ■ · ■ 7 ■ · ■ · · ■
· ■ ■ ■ · ■ 2 ■ ■ ■ ■ ·
■ · · ■ ■ · ■ ■ 7 ■ · ■
■ · · ■ · ■ · · ■ 2 ■ ·
■ · ■ 7 ■ · ■ ■ · ■ ■ ■
· ■ ■ ■ 2 ■ ■ · ■ · · ·
■ · · · ■ · · ■ 7 ■ · ·
· ■ · · · · ■ 2 ■ · ■ ·
■ · ■ ■ ■ ■ · ■ · ■ · ■
■ ■ · · ■ · ■ 1B ■ · ■ ·
· ■ · · ■ ■ · ■ · ■ · ■
· · ■ · ■ · · ■ · ■ · ·
· ■ · ■ ■ ■ ■ · ■ ■ · ■
■ · ■ · · · · ■ · · ■ ·
· ■ · ■ ■ ■ · ■ · ■ · ■
■ · ■ · ■ · ■ 7 ■ ■ 7 ■
■ ■ · ■ · ■ 2 ■ ■ 2 ■ 16
· · ■ ■ 7 ■ · ■ · ■ · ■
■ ■ · · ■ 2 ■ · ■ · ■ ·
■ · ■ 7 · ■ · ■ ■ 2 ■ ·
· ■ 2 ■ · ■ · ■ · ■ ■ ·
■ · ■ · ■ 7 ■ · ■ · · ■
· ■ ■ ■ · ■ 2 ■ ■ ■ ■ ·
■ · · ■ ■ · ■ ■ 7 ■ · ■
■ · · ■ · ■ · · ■ 2 ■ ·
■ · ■ 7 ■ · ■ ■ · ■ ■ ■
· ■ ■ ■ 2 ■ ■ · ■ · · ·
■ · · · ■ · · ■ 7 ■ · ·
· ■ · · · · ■ 2 ■ · ■ ·
■ · ■ ■ ■ ■ · ■ · ■ · ■
■ ■ · · ■ · ■ 1B ■ · ■ ·
· ■ · · ■ ■ · ■ · ■ · ■
· · ■ · ■ · · ■ · ■ · ·
· ■ · ■ ■ ■ ■ · ■ ■ · ■
■ · ■ · · · · ■ · · ■ ·
· ■ · ■ ■ ■ · ■ · ■ · ■
■ · ■ · ■ · ■ 7 ■ ■ 7 ■
■ ■ · ■ · ■ 2 ■ ■ 2 ■ 16
· · ■ ■ 7 ■ · ■ · ■ · ■
■ ■ · · ■ 2 ■ · ■ · ■ ·
■ · ■ 7 · ■ · ■ ■ 2 ■ ·
· ■ 2 ■ · ■ · ■ · ■ ■ ·
■ · ■ · ■ 7 ■ · ■ · · ■
· ■ ■ ■ · ■ 2 ■ ■ ■ ■ ·
■ · · ■ ■ · ■ ■ 7 ■ · ■
■ · · ■ · ■ · · ■ 2 ■ ·
■ · ■ 7 ■ · ■ ■ · ■ ■ ■
· ■ ■ ■ 2 ■ ■ · ■ · · ·
■ · · · ■ · · ■ 7 ■ · ·
· ■ · · · · ■ 2 ■ · ■ ·
■ · ■ ■ ■ ■ · ■ · ■ · ■
■ ■ · · ■ · ■ 1B ■ · ■ ·
· ■ · · ■ ■ · ■ · ■ · ■
· · ■ · ■ · · ■ · ■ · ·
· ■ · ■ ■ ■ ■ · ■ ■ · ■
■ · ■ · · · · ■ · · ■ ·
· ■ · ■ ■ ■ · ■ · ■ · ■
■ · ■ · ■ · ■ 7 ■ ■ 7 ■
■ ■ · ■ · ■ 2 ■ ■ 2 ■ 16
· · ■ ■ 7 ■ · ■ · ■ · ■
■ ■ · · ■ 2 ■ · ■ · ■ ·
■ · ■ 7 · ■ · ■ ■ 2 ■ ·
· ■ 2 ■ · ■ · ■ · ■ ■ ·
■ · ■ · ■ 7 ■ · ■ · · ■
· ■ ■ ■ · ■ 2 ■ ■ ■ ■ ·
■ · · ■ ■ · ■ ■ 7 ■ · ■
■ · · ■ · ■ · · ■ 2 ■ ·
■ · ■ 7 ■ · ■ ■ · ■ ■ ■
· ■ ■ ■ 2 ■ ■ · ■ · · ·
■ · · · ■ · · ■ 7 ■ · ·
· ■ · · · · ■ 2 ■ · ■ ·
■ · ■ ■ ■ ■ · ■ · ■ · ■
■ ■ · · ■ · ■ 1B ■ · ■ ·
· ■ · · ■ ■ · ■ · ■ · ■
· · ■ · ■ · · ■ · ■ · ·
· ■ · ■ ■ ■ ■ · ■ ■ · ■
■ · ■ · · · · ■ · · ■ ·
· ■ · ■ ■ ■ · ■ · ■ · ■
■ · ■ · ■ · ■ 7 ■ ■ 7 ■
■ ■ · ■ · ■ 2 ■ ■ 2 ■ 16
· · ■ ■ 7 ■ · ■ · ■ · ■
■ ■ · · ■ 2 ■ · ■ · ■ ·
■ · ■ 7 · ■ · ■ ■ 2 ■ ·
· ■ 2 ■ · ■ · ■ · ■ ■ ·
■ · ■ · ■ 7 ■ · ■ · · ■
· ■ ■ ■ · ■ 2 ■ ■ ■ ■ ·
■ · · ■ ■ · ■ ■ 7 ■ · ■
■ · · ■ · ■ · · ■ 2 ■ ·
■ · ■ 7 ■ · ■ ■ · ■ ■ ■
· ■ ■ ■ 2 ■ ■ · ■ · · ·
■ · · · ■ · · ■ 7 ■ · ·
· ■ · · · · ■ 2 ■ · ■ ·
■ · ■ ■ ■ ■ · ■ · ■ · ■
■ ■ · · ■ · ■ 1B ■ · ■ ·
· ■ · · ■ ■ · ■ · ■ · ■
# Number of solutions found: 10
# CPU time: 3.307 s
================================= 82 =================================
# Encoding time: 0.4692 s
· ■ · · · · ■ · ■ · · ■
■ · ■ · · ■ C ■ · ■ ■ ·
■ · · ■ ■ B ■ 1 ■ ■ · ■
■ · ■ A ■ ■ · ■ ■ 2 ■ ·
· ■ 9 ■ · ■ · ■ · ■ 3 ■
· · ■ · ■ · ■ · ■ · ■ ·
· ■ ■ ■ · ■ · ■ · ■ 4 ■
■ · 8 ■ · ■ · ■ · 5 ■ ·
■ · ■ 7 ■ · ■ · ■ ■ · ·
· ■ · ■ ■ · · ■ · · ■ ·
· · ■ · · ■ ■ · ■ ■ · ■
· · ■ · ■ · 6 ■ · ■ ■ ·
■ · ■ ■ ■ ■ ■ · ■ · ■ ■
· ■ · ■ · · ■ · ■ ■ · ■
■ · ■ D ■ · · ■ · · ■ ·
· ■ · · · · ■ · ■ · · ■
■ · ■ · · ■ C ■ · ■ ■ ·
■ · · ■ ■ B ■ 1 ■ ■ · ■
■ · ■ A ■ ■ · ■ ■ 2 ■ ·
· ■ 9 ■ · ■ · ■ · ■ 3 ■
· · ■ · ■ · ■ · ■ · ■ ·
· ■ ■ ■ · ■ · ■ · ■ 4 ■
■ · 8 ■ · ■ · ■ · 5 ■ ·
■ · ■ 7 ■ · ■ · ■ ■ · ·
· ■ · ■ ■ · · ■ · · ■ ·
· · ■ · · ■ ■ · ■ ■ · ■
· · ■ · ■ · 6 ■ · ■ ■ ·
■ · ■ ■ ■ ■ ■ · ■ · ■ ■
· ■ · ■ · · ■ · ■ ■ · ■
■ · ■ D ■ · · ■ · · ■ ·
· ■ · · · · ■ · ■ · · ■
■ · ■ · · ■ C ■ · ■ ■ ·
■ · · ■ ■ B ■ 1 ■ ■ · ■
■ · ■ A ■ ■ · ■ ■ 2 ■ ·
· ■ 9 ■ · ■ · ■ · ■ 3 ■
· · ■ · ■ · ■ · ■ · ■ ·
· ■ ■ ■ · ■ · ■ · ■ 4 ■
■ · 8 ■ · ■ · ■ · 5 ■ ·
■ · ■ 7 ■ · ■ · ■ ■ · ·
· ■ · ■ ■ · · ■ · · ■ ·
· · ■ · · ■ ■ · ■ ■ · ■
· · ■ · ■ · 6 ■ · ■ ■ ·
■ · ■ ■ ■ ■ ■ · ■ · ■ ■
· ■ · ■ · · ■ · ■ ■ · ■
■ · ■ D ■ · · ■ · · ■ ·
· ■ · · · · ■ · ■ · · ■
■ · ■ · · ■ C ■ · ■ ■ ·
■ · · ■ ■ B ■ 1 ■ ■ · ■
■ · ■ A ■ ■ · ■ ■ 2 ■ ·
· ■ 9 ■ · ■ · ■ · ■ 3 ■
· · ■ · ■ · ■ · ■ · ■ ·
· ■ ■ ■ · ■ · ■ · ■ 4 ■
■ · 8 ■ · ■ · ■ · 5 ■ ·
■ · ■ 7 ■ · ■ · ■ ■ · ·
· ■ · ■ ■ · · ■ · · ■ ·
· · ■ · · ■ ■ · ■ ■ · ■
· · ■ · ■ · 6 ■ · ■ ■ ·
■ · ■ ■ ■ ■ ■ · ■ · ■ ■
· ■ · ■ · · ■ · ■ ■ · ■
■ · ■ D ■ · · ■ · · ■ ·
· ■ · · · · ■ · ■ · · ■
■ · ■ · · ■ C ■ · ■ ■ ·
■ · · ■ ■ B ■ 1 ■ ■ · ■
■ · ■ A ■ ■ · ■ ■ 2 ■ ·
· ■ 9 ■ · ■ · ■ · ■ 3 ■
· · ■ · ■ · ■ · ■ · ■ ·
· ■ ■ ■ · ■ · ■ · ■ 4 ■
■ · 8 ■ · ■ · ■ · 5 ■ ·
■ · ■ 7 ■ · ■ · ■ ■ · ·
· ■ · ■ ■ · · ■ · · ■ ·
· · ■ · · ■ ■ · ■ ■ · ■
· · ■ · ■ · 6 ■ · ■ ■ ·
■ · ■ ■ ■ ■ ■ · ■ · ■ ■
· ■ · ■ · · ■ · ■ ■ · ■
■ · ■ D ■ · · ■ · · ■ ·
· ■ · · · · ■ · ■ · · ■
■ · ■ · · ■ C ■ · ■ ■ ·
■ · · ■ ■ B ■ 1 ■ ■ · ■
■ · ■ A ■ ■ · ■ ■ 2 ■ ·
· ■ 9 ■ · ■ · ■ · ■ 3 ■
· · ■ · ■ · ■ · ■ · ■ ·
· ■ ■ ■ · ■ · ■ · ■ 4 ■
■ · 8 ■ · ■ · ■ · 5 ■ ·
■ · ■ 7 ■ · ■ · ■ ■ · ·
· ■ · ■ ■ · · ■ · · ■ ·
· · ■ · · ■ ■ · ■ ■ · ■
· · ■ · ■ · 6 ■ · ■ ■ ·
■ · ■ ■ ■ ■ ■ · ■ · ■ ■
· ■ · ■ · · ■ · ■ ■ · ■
■ · ■ D ■ · · ■ · · ■ ·
· ■ · · · · ■ · ■ · · ■
■ · ■ · · ■ C ■ · ■ ■ ·
■ · · ■ ■ B ■ 1 ■ ■ · ■
■ · ■ A ■ ■ · ■ ■ 2 ■ ·
· ■ 9 ■ · ■ · ■ · ■ 3 ■
· · ■ · ■ · ■ · ■ · ■ ·
· ■ ■ ■ · ■ · ■ · ■ 4 ■
■ · 8 ■ · ■ · ■ · 5 ■ ·
■ · ■ 7 ■ · ■ · ■ ■ · ·
· ■ · ■ ■ · · ■ · · ■ ·
· · ■ · · ■ ■ · ■ ■ · ■
· · ■ · ■ · 6 ■ · ■ ■ ·
■ · ■ ■ ■ ■ ■ · ■ · ■ ■
· ■ · ■ · · ■ · ■ ■ · ■
■ · ■ D ■ · · ■ · · ■ ·
· ■ · · · · ■ · ■ · · ■
■ · ■ · · ■ C ■ · ■ ■ ·
■ · · ■ ■ B ■ 1 ■ ■ · ■
■ · ■ A ■ ■ · ■ ■ 2 ■ ·
· ■ 9 ■ · ■ · ■ · ■ 3 ■
· · ■ · ■ · ■ · ■ · ■ ·
· ■ ■ ■ · ■ · ■ · ■ 4 ■
■ · 8 ■ · ■ · ■ · 5 ■ ·
■ · ■ 7 ■ · ■ · ■ ■ · ·
· ■ · ■ ■ · · ■ · · ■ ·
· · ■ · · ■ ■ · ■ ■ · ■
· · ■ · ■ · 6 ■ · ■ ■ ·
■ · ■ ■ ■ ■ ■ · ■ · ■ ■
· ■ · ■ · · ■ · ■ ■ · ■
■ · ■ D ■ · · ■ · · ■ ·
· ■ · · · · ■ · ■ · · ■
■ · ■ · · ■ C ■ · ■ ■ ·
■ · · ■ ■ B ■ 1 ■ ■ · ■
■ · ■ A ■ ■ · ■ ■ 2 ■ ·
· ■ 9 ■ · ■ · ■ · ■ 3 ■
· · ■ · ■ · ■ · ■ · ■ ·
· ■ ■ ■ · ■ · ■ · ■ 4 ■
■ · 8 ■ · ■ · ■ · 5 ■ ·
■ · ■ 7 ■ · ■ · ■ ■ · ·
· ■ · ■ ■ · · ■ · · ■ ·
· · ■ · · ■ ■ · ■ ■ · ■
· · ■ · ■ · 6 ■ · ■ ■ ·
■ · ■ ■ ■ ■ ■ · ■ · ■ ■
· ■ · ■ · · ■ · ■ ■ · ■
■ · ■ D ■ · · ■ · · ■ ·
· ■ · · · · ■ · ■ · · ■
■ · ■ · · ■ C ■ · ■ ■ ·
■ · · ■ ■ B ■ 1 ■ ■ · ■
■ · ■ A ■ ■ · ■ ■ 2 ■ ·
· ■ 9 ■ · ■ · ■ · ■ 3 ■
· · ■ · ■ · ■ · ■ · ■ ·
· ■ ■ ■ · ■ · ■ · ■ 4 ■
■ · 8 ■ · ■ · ■ · 5 ■ ·
■ · ■ 7 ■ · ■ · ■ ■ · ·
· ■ · ■ ■ · · ■ · · ■ ·
· · ■ · · ■ ■ · ■ ■ · ■
· · ■ · ■ · 6 ■ · ■ ■ ·
■ · ■ ■ ■ ■ ■ · ■ · ■ ■
· ■ · ■ · · ■ · ■ ■ · ■
■ · ■ D ■ · · ■ · · ■ ·
# Number of solutions found: 10
# CPU time: 7.887 s
================================= 83 =================================
# Encoding time: 0.2493 s
2 ■ ■ · ■ · ■ · ■ 2
■ · ■ ■ · ■ 2 ■ · ■
■ 2 ■ · 7 ■ ■ ■ ■ ·
· ■ · ■ ■ · ■ · ■ ·
■ · ■ · ■ ■ 3 ■ 3 ■
■ ■ 2 ■ · · ■ 3 ■ ■
2 ■ ■ 4 ■ ■ · ■ ■ ·
· ■ · ■ ■ · ■ ■ · ■
■ 1 ■ · · ■ 2 ■ 4 ■
2 ■ ■ · ■ · ■ · ■ 2
■ · ■ ■ · ■ 2 ■ · ■
■ 2 ■ · 7 ■ ■ ■ ■ ·
· ■ · ■ ■ · ■ · ■ ·
■ · ■ · ■ ■ 3 ■ 3 ■
■ ■ 2 ■ · · ■ 3 ■ ■
2 ■ ■ 4 ■ ■ · ■ ■ ·
· ■ · ■ ■ · ■ ■ · ■
■ 1 ■ · · ■ 2 ■ 4 ■
2 ■ ■ · ■ · ■ · ■ 2
■ · ■ ■ · ■ 2 ■ · ■
■ 2 ■ · 7 ■ ■ ■ ■ ·
· ■ · ■ ■ · ■ · ■ ·
■ · ■ · ■ ■ 3 ■ 3 ■
■ ■ 2 ■ · · ■ 3 ■ ■
2 ■ ■ 4 ■ ■ · ■ ■ ·
· ■ · ■ ■ · ■ ■ · ■
■ 1 ■ · · ■ 2 ■ 4 ■
2 ■ ■ · ■ · ■ · ■ 2
■ · ■ ■ · ■ 2 ■ · ■
■ 2 ■ · 7 ■ ■ ■ ■ ·
· ■ · ■ ■ · ■ · ■ ·
■ · ■ · ■ ■ 3 ■ 3 ■
■ ■ 2 ■ · · ■ 3 ■ ■
2 ■ ■ 4 ■ ■ · ■ ■ ·
· ■ · ■ ■ · ■ ■ · ■
■ 1 ■ · · ■ 2 ■ 4 ■
2 ■ ■ · ■ · ■ · ■ 2
■ · ■ ■ · ■ 2 ■ · ■
■ 2 ■ · 7 ■ ■ ■ ■ ·
· ■ · ■ ■ · ■ · ■ ·
■ · ■ · ■ ■ 3 ■ 3 ■
■ ■ 2 ■ · · ■ 3 ■ ■
2 ■ ■ 4 ■ ■ · ■ ■ ·
· ■ · ■ ■ · ■ ■ · ■
■ 1 ■ · · ■ 2 ■ 4 ■
2 ■ ■ · ■ · ■ · ■ 2
■ · ■ ■ · ■ 2 ■ · ■
■ 2 ■ · 7 ■ ■ ■ ■ ·
· ■ · ■ ■ · ■ · ■ ·
■ · ■ · ■ ■ 3 ■ 3 ■
■ ■ 2 ■ · · ■ 3 ■ ■
2 ■ ■ 4 ■ ■ · ■ ■ ·
· ■ · ■ ■ · ■ ■ · ■
■ 1 ■ · · ■ 2 ■ 4 ■
2 ■ ■ · ■ · ■ · ■ 2
■ · ■ ■ · ■ 2 ■ · ■
■ 2 ■ · 7 ■ ■ ■ ■ ·
· ■ · ■ ■ · ■ · ■ ·
■ · ■ · ■ ■ 3 ■ 3 ■
■ ■ 2 ■ · · ■ 3 ■ ■
2 ■ ■ 4 ■ ■ · ■ ■ ·
· ■ · ■ ■ · ■ ■ · ■
■ 1 ■ · · ■ 2 ■ 4 ■
2 ■ ■ · ■ · ■ · ■ 2
■ · ■ ■ · ■ 2 ■ · ■
■ 2 ■ · 7 ■ ■ ■ ■ ·
· ■ · ■ ■ · ■ · ■ ·
■ · ■ · ■ ■ 3 ■ 3 ■
■ ■ 2 ■ · · ■ 3 ■ ■
2 ■ ■ 4 ■ ■ · ■ ■ ·
· ■ · ■ ■ · ■ ■ · ■
■ 1 ■ · · ■ 2 ■ 4 ■
2 ■ ■ · ■ · ■ · ■ 2
■ · ■ ■ · ■ 2 ■ · ■
■ 2 ■ · 7 ■ ■ ■ ■ ·
· ■ · ■ ■ · ■ · ■ ·
■ · ■ · ■ ■ 3 ■ 3 ■
■ ■ 2 ■ · · ■ 3 ■ ■
2 ■ ■ 4 ■ ■ · ■ ■ ·
· ■ · ■ ■ · ■ ■ · ■
■ 1 ■ · · ■ 2 ■ 4 ■
2 ■ ■ · ■ · ■ · ■ 2
■ · ■ ■ · ■ 2 ■ · ■
■ 2 ■ · 7 ■ ■ ■ ■ ·
· ■ · ■ ■ · ■ · ■ ·
■ · ■ · ■ ■ 3 ■ 3 ■
■ ■ 2 ■ · · ■ 3 ■ ■
2 ■ ■ 4 ■ ■ · ■ ■ ·
· ■ · ■ ■ · ■ ■ · ■
■ 1 ■ · · ■ 2 ■ 4 ■
# Number of solutions found: 10
# CPU time: 0.3512 s
================================= 84 =================================
# Encoding time: 1.426 s
■ · ■ · ■ · ■ · ■ · ■ · · ■ 1
· ■ · ■ 1 ■ 1 ■ 3 ■ · ■ ■ ■ ■
■ · ■ · ■ · ■ · ■ ■ ■ · ■ · ■
■ ■ 3 ■ 2 ■ ■ ■ ■ · ■ · ■ ■ ·
4 ■ ■ · ■ · ■ 1 ■ ■ · ■ 1 ■ 8
■ ■ 2 ■ 2 ■ 1 ■ ■ · ■ 1 ■ 1 ■
· ■ ■ ■ ■ ■ ■ ■ · ■ 1 ■ ■ ■ ■
3 ■ · · ■ · ■ · ■ ■ ■ ■ · ■ 1
■ ■ ■ ■ 4 ■ ■ · ■ · ■ · ■ · ■
■ 1 ■ · ■ · ■ ■ 9 ■ 2 ■ 3 ■ ■
4 ■ 3 ■ ■ ■ ■ 5 ■ ■ ■ · ■ · 6
■ · ■ ■ · ■ · ■ · ■ 1 ■ 2 ■ ■
· ■ ■ · ■ · ■ ■ ■ ■ ■ · ■ ■ ·
■ · ■ ■ · ■ 3 ■ 1 ■ 2 ■ ■ · ■
6 ■ ■ · ■ · ■ · ■ · ■ ■ · ■ ·
■ · ■ · ■ · ■ · ■ · ■ · · ■ 1
· ■ · ■ 1 ■ 1 ■ 3 ■ · ■ ■ ■ ■
■ · ■ · ■ · ■ · ■ ■ ■ · ■ · ■
■ ■ 3 ■ 2 ■ ■ ■ ■ · ■ · ■ ■ ·
4 ■ ■ · ■ · ■ 1 ■ ■ · ■ 1 ■ 8
■ ■ 2 ■ 2 ■ 1 ■ ■ · ■ 1 ■ 1 ■
· ■ ■ ■ ■ ■ ■ ■ · ■ 1 ■ ■ ■ ■
3 ■ · · ■ · ■ · ■ ■ ■ ■ · ■ 1
■ ■ ■ ■ 4 ■ ■ · ■ · ■ · ■ · ■
■ 1 ■ · ■ · ■ ■ 9 ■ 2 ■ 3 ■ ■
4 ■ 3 ■ ■ ■ ■ 5 ■ ■ ■ · ■ · 6
■ · ■ ■ · ■ · ■ · ■ 1 ■ 2 ■ ■
· ■ ■ · ■ · ■ ■ ■ ■ ■ · ■ ■ ·
■ · ■ ■ · ■ 3 ■ 1 ■ 2 ■ ■ · ■
6 ■ ■ · ■ · ■ · ■ · ■ ■ · ■ ·
■ · ■ · ■ · ■ · ■ · ■ · · ■ 1
· ■ · ■ 1 ■ 1 ■ 3 ■ · ■ ■ ■ ■
■ · ■ · ■ · ■ · ■ ■ ■ · ■ · ■
■ ■ 3 ■ 2 ■ ■ ■ ■ · ■ · ■ ■ ·
4 ■ ■ · ■ · ■ 1 ■ ■ · ■ 1 ■ 8
■ ■ 2 ■ 2 ■ 1 ■ ■ · ■ 1 ■ 1 ■
· ■ ■ ■ ■ ■ ■ ■ · ■ 1 ■ ■ ■ ■
3 ■ · · ■ · ■ · ■ ■ ■ ■ · ■ 1
■ ■ ■ ■ 4 ■ ■ · ■ · ■ · ■ · ■
■ 1 ■ · ■ · ■ ■ 9 ■ 2 ■ 3 ■ ■
4 ■ 3 ■ ■ ■ ■ 5 ■ ■ ■ · ■ · 6
■ · ■ ■ · ■ · ■ · ■ 1 ■ 2 ■ ■
· ■ ■ · ■ · ■ ■ ■ ■ ■ · ■ ■ ·
■ · ■ ■ · ■ 3 ■ 1 ■ 2 ■ ■ · ■
6 ■ ■ · ■ · ■ · ■ · ■ ■ · ■ ·
■ · ■ · ■ · ■ · ■ · ■ · · ■ 1
· ■ · ■ 1 ■ 1 ■ 3 ■ · ■ ■ ■ ■
■ · ■ · ■ · ■ · ■ ■ ■ · ■ · ■
■ ■ 3 ■ 2 ■ ■ ■ ■ · ■ · ■ ■ ·
4 ■ ■ · ■ · ■ 1 ■ ■ · ■ 1 ■ 8
■ ■ 2 ■ 2 ■ 1 ■ ■ · ■ 1 ■ 1 ■
· ■ ■ ■ ■ ■ ■ ■ · ■ 1 ■ ■ ■ ■
3 ■ · · ■ · ■ · ■ ■ ■ ■ · ■ 1
■ ■ ■ ■ 4 ■ ■ · ■ · ■ · ■ · ■
■ 1 ■ · ■ · ■ ■ 9 ■ 2 ■ 3 ■ ■
4 ■ 3 ■ ■ ■ ■ 5 ■ ■ ■ · ■ · 6
■ · ■ ■ · ■ · ■ · ■ 1 ■ 2 ■ ■
· ■ ■ · ■ · ■ ■ ■ ■ ■ · ■ ■ ·
■ · ■ ■ · ■ 3 ■ 1 ■ 2 ■ ■ · ■
6 ■ ■ · ■ · ■ · ■ · ■ ■ · ■ ·
■ · ■ · ■ · ■ · ■ · ■ · · ■ 1
· ■ · ■ 1 ■ 1 ■ 3 ■ · ■ ■ ■ ■
■ · ■ · ■ · ■ · ■ ■ ■ · ■ · ■
■ ■ 3 ■ 2 ■ ■ ■ ■ · ■ · ■ ■ ·
4 ■ ■ · ■ · ■ 1 ■ ■ · ■ 1 ■ 8
■ ■ 2 ■ 2 ■ 1 ■ ■ · ■ 1 ■ 1 ■
· ■ ■ ■ ■ ■ ■ ■ · ■ 1 ■ ■ ■ ■
3 ■ · · ■ · ■ · ■ ■ ■ ■ · ■ 1
■ ■ ■ ■ 4 ■ ■ · ■ · ■ · ■ · ■
■ 1 ■ · ■ · ■ ■ 9 ■ 2 ■ 3 ■ ■
4 ■ 3 ■ ■ ■ ■ 5 ■ ■ ■ · ■ · 6
■ · ■ ■ · ■ · ■ · ■ 1 ■ 2 ■ ■
· ■ ■ · ■ · ■ ■ ■ ■ ■ · ■ ■ ·
■ · ■ ■ · ■ 3 ■ 1 ■ 2 ■ ■ · ■
6 ■ ■ · ■ · ■ · ■ · ■ ■ · ■ ·
■ · ■ · ■ · ■ · ■ · ■ · · ■ 1
· ■ · ■ 1 ■ 1 ■ 3 ■ · ■ ■ ■ ■
■ · ■ · ■ · ■ · ■ ■ ■ · ■ · ■
■ ■ 3 ■ 2 ■ ■ ■ ■ · ■ · ■ ■ ·
4 ■ ■ · ■ · ■ 1 ■ ■ · ■ 1 ■ 8
■ ■ 2 ■ 2 ■ 1 ■ ■ · ■ 1 ■ 1 ■
· ■ ■ ■ ■ ■ ■ ■ · ■ 1 ■ ■ ■ ■
3 ■ · · ■ · ■ · ■ ■ ■ ■ · ■ 1
■ ■ ■ ■ 4 ■ ■ · ■ · ■ · ■ · ■
■ 1 ■ · ■ · ■ ■ 9 ■ 2 ■ 3 ■ ■
4 ■ 3 ■ ■ ■ ■ 5 ■ ■ ■ · ■ · 6
■ · ■ ■ · ■ · ■ · ■ 1 ■ 2 ■ ■
· ■ ■ · ■ · ■ ■ ■ ■ ■ · ■ ■ ·
■ · ■ ■ · ■ 3 ■ 1 ■ 2 ■ ■ · ■
6 ■ ■ · ■ · ■ · ■ · ■ ■ · ■ ·
■ · ■ · ■ · ■ · ■ · ■ · · ■ 1
· ■ · ■ 1 ■ 1 ■ 3 ■ · ■ ■ ■ ■
■ · ■ · ■ · ■ · ■ ■ ■ · ■ · ■
■ ■ 3 ■ 2 ■ ■ ■ ■ · ■ · ■ ■ ·
4 ■ ■ · ■ · ■ 1 ■ ■ · ■ 1 ■ 8
■ ■ 2 ■ 2 ■ 1 ■ ■ · ■ 1 ■ 1 ■
· ■ ■ ■ ■ ■ ■ ■ · ■ 1 ■ ■ ■ ■
3 ■ · · ■ · ■ · ■ ■ ■ ■ · ■ 1
■ ■ ■ ■ 4 ■ ■ · ■ · ■ · ■ · ■
■ 1 ■ · ■ · ■ ■ 9 ■ 2 ■ 3 ■ ■
4 ■ 3 ■ ■ ■ ■ 5 ■ ■ ■ · ■ · 6
■ · ■ ■ · ■ · ■ · ■ 1 ■ 2 ■ ■
· ■ ■ · ■ · ■ ■ ■ ■ ■ · ■ ■ ·
■ · ■ ■ · ■ 3 ■ 1 ■ 2 ■ ■ · ■
6 ■ ■ · ■ · ■ · ■ · ■ ■ · ■ ·
■ · ■ · ■ · ■ · ■ · ■ · · ■ 1
· ■ · ■ 1 ■ 1 ■ 3 ■ · ■ ■ ■ ■
■ · ■ · ■ · ■ · ■ ■ ■ · ■ · ■
■ ■ 3 ■ 2 ■ ■ ■ ■ · ■ · ■ ■ ·
4 ■ ■ · ■ · ■ 1 ■ ■ · ■ 1 ■ 8
■ ■ 2 ■ 2 ■ 1 ■ ■ · ■ 1 ■ 1 ■
· ■ ■ ■ ■ ■ ■ ■ · ■ 1 ■ ■ ■ ■
3 ■ · · ■ · ■ · ■ ■ ■ ■ · ■ 1
■ ■ ■ ■ 4 ■ ■ · ■ · ■ · ■ · ■
■ 1 ■ · ■ · ■ ■ 9 ■ 2 ■ 3 ■ ■
4 ■ 3 ■ ■ ■ ■ 5 ■ ■ ■ · ■ · 6
■ · ■ ■ · ■ · ■ · ■ 1 ■ 2 ■ ■
· ■ ■ · ■ · ■ ■ ■ ■ ■ · ■ ■ ·
■ · ■ ■ · ■ 3 ■ 1 ■ 2 ■ ■ · ■
6 ■ ■ · ■ · ■ · ■ · ■ ■ · ■ ·
■ · ■ · ■ · ■ · ■ · ■ · · ■ 1
· ■ · ■ 1 ■ 1 ■ 3 ■ · ■ ■ ■ ■
■ · ■ · ■ · ■ · ■ ■ ■ · ■ · ■
■ ■ 3 ■ 2 ■ ■ ■ ■ · ■ · ■ ■ ·
4 ■ ■ · ■ · ■ 1 ■ ■ · ■ 1 ■ 8
■ ■ 2 ■ 2 ■ 1 ■ ■ · ■ 1 ■ 1 ■
· ■ ■ ■ ■ ■ ■ ■ · ■ 1 ■ ■ ■ ■
3 ■ · · ■ · ■ · ■ ■ ■ ■ · ■ 1
■ ■ ■ ■ 4 ■ ■ · ■ · ■ · ■ · ■
■ 1 ■ · ■ · ■ ■ 9 ■ 2 ■ 3 ■ ■
4 ■ 3 ■ ■ ■ ■ 5 ■ ■ ■ · ■ · 6
■ · ■ ■ · ■ · ■ · ■ 1 ■ 2 ■ ■
· ■ ■ · ■ · ■ ■ ■ ■ ■ · ■ ■ ·
■ · ■ ■ · ■ 3 ■ 1 ■ 2 ■ ■ · ■
6 ■ ■ · ■ · ■ · ■ · ■ ■ · ■ ·
■ · ■ · ■ · ■ · ■ · ■ · · ■ 1
· ■ · ■ 1 ■ 1 ■ 3 ■ · ■ ■ ■ ■
■ · ■ · ■ · ■ · ■ ■ ■ · ■ · ■
■ ■ 3 ■ 2 ■ ■ ■ ■ · ■ · ■ ■ ·
4 ■ ■ · ■ · ■ 1 ■ ■ · ■ 1 ■ 8
■ ■ 2 ■ 2 ■ 1 ■ ■ · ■ 1 ■ 1 ■
· ■ ■ ■ ■ ■ ■ ■ · ■ 1 ■ ■ ■ ■
3 ■ · · ■ · ■ · ■ ■ ■ ■ · ■ 1
■ ■ ■ ■ 4 ■ ■ · ■ · ■ · ■ · ■
■ 1 ■ · ■ · ■ ■ 9 ■ 2 ■ 3 ■ ■
4 ■ 3 ■ ■ ■ ■ 5 ■ ■ ■ · ■ · 6
■ · ■ ■ · ■ · ■ · ■ 1 ■ 2 ■ ■
· ■ ■ · ■ · ■ ■ ■ ■ ■ · ■ ■ ·
■ · ■ ■ · ■ 3 ■ 1 ■ 2 ■ ■ · ■
6 ■ ■ · ■ · ■ · ■ · ■ ■ · ■ ·
# Number of solutions found: 10
# CPU time: 3.305 s
================================= 85 =================================
# Encoding time: 0.5493 s
· ■ · · ■ · ■ ■ 1 ■ ■ ·
■ · ■ ■ · ■ ■ 2 ■ · ■ ■
■ · ■ · ■ · ■ ■ · ■ · ■
4 ■ 5 ■ · ■ 3 ■ · ■ · ·
■ 7 ■ · ■ · ■ · ■ · ■ ■
· ■ · 9 · ■ · ■ ■ ■ · ■
■ ■ · ■ ■ · ■ ■ 1 ■ ■ ·
■ · ■ ■ · ■ · ■ ■ ■ 7 ■
■ ■ · ■ ■ 3 ■ · ■ 6 ■ 3
· ■ ■ 3 ■ ■ · ■ ■ ■ ■ ■
■ ■ · ■ 4 ■ ■ · · ■ · ■
■ · ■ 1 ■ · · ■ ■ · ■ ■
· ■ · · ■ · ■ ■ 1 ■ ■ ·
■ · ■ ■ · ■ ■ 2 ■ · ■ ■
■ · ■ · ■ · ■ ■ · ■ · ■
4 ■ 5 ■ · ■ 3 ■ · ■ · ·
■ 7 ■ · ■ · ■ · ■ · ■ ■
· ■ · 9 · ■ · ■ ■ ■ · ■
■ ■ · ■ ■ · ■ ■ 1 ■ ■ ·
■ · ■ ■ · ■ · ■ ■ ■ 7 ■
■ ■ · ■ ■ 3 ■ · ■ 6 ■ 3
· ■ ■ 3 ■ ■ · ■ ■ ■ ■ ■
■ ■ · ■ 4 ■ ■ · · ■ · ■
■ · ■ 1 ■ · · ■ ■ · ■ ■
· ■ · · ■ · ■ ■ 1 ■ ■ ·
■ · ■ ■ · ■ ■ 2 ■ · ■ ■
■ · ■ · ■ · ■ ■ · ■ · ■
4 ■ 5 ■ · ■ 3 ■ · ■ · ·
■ 7 ■ · ■ · ■ · ■ · ■ ■
· ■ · 9 · ■ · ■ ■ ■ · ■
■ ■ · ■ ■ · ■ ■ 1 ■ ■ ·
■ · ■ ■ · ■ · ■ ■ ■ 7 ■
■ ■ · ■ ■ 3 ■ · ■ 6 ■ 3
· ■ ■ 3 ■ ■ · ■ ■ ■ ■ ■
■ ■ · ■ 4 ■ ■ · · ■ · ■
■ · ■ 1 ■ · · ■ ■ · ■ ■
· ■ · · ■ · ■ ■ 1 ■ ■ ·
■ · ■ ■ · ■ ■ 2 ■ · ■ ■
■ · ■ · ■ · ■ ■ · ■ · ■
4 ■ 5 ■ · ■ 3 ■ · ■ · ·
■ 7 ■ · ■ · ■ · ■ · ■ ■
· ■ · 9 · ■ · ■ ■ ■ · ■
■ ■ · ■ ■ · ■ ■ 1 ■ ■ ·
■ · ■ ■ · ■ · ■ ■ ■ 7 ■
■ ■ · ■ ■ 3 ■ · ■ 6 ■ 3
· ■ ■ 3 ■ ■ · ■ ■ ■ ■ ■
■ ■ · ■ 4 ■ ■ · · ■ · ■
■ · ■ 1 ■ · · ■ ■ · ■ ■
· ■ · · ■ · ■ ■ 1 ■ ■ ·
■ · ■ ■ · ■ ■ 2 ■ · ■ ■
■ · ■ · ■ · ■ ■ · ■ · ■
4 ■ 5 ■ · ■ 3 ■ · ■ · ·
■ 7 ■ · ■ · ■ · ■ · ■ ■
· ■ · 9 · ■ · ■ ■ ■ · ■
■ ■ · ■ ■ · ■ ■ 1 ■ ■ ·
■ · ■ ■ · ■ · ■ ■ ■ 7 ■
■ ■ · ■ ■ 3 ■ · ■ 6 ■ 3
· ■ ■ 3 ■ ■ · ■ ■ ■ ■ ■
■ ■ · ■ 4 ■ ■ · · ■ · ■
■ · ■ 1 ■ · · ■ ■ · ■ ■
· ■ · · ■ · ■ ■ 1 ■ ■ ·
■ · ■ ■ · ■ ■ 2 ■ · ■ ■
■ · ■ · ■ · ■ ■ · ■ · ■
4 ■ 5 ■ · ■ 3 ■ · ■ · ·
■ 7 ■ · ■ · ■ · ■ · ■ ■
· ■ · 9 · ■ · ■ ■ ■ · ■
■ ■ · ■ ■ · ■ ■ 1 ■ ■ ·
■ · ■ ■ · ■ · ■ ■ ■ 7 ■
■ ■ · ■ ■ 3 ■ · ■ 6 ■ 3
· ■ ■ 3 ■ ■ · ■ ■ ■ ■ ■
■ ■ · ■ 4 ■ ■ · · ■ · ■
■ · ■ 1 ■ · · ■ ■ · ■ ■
· ■ · · ■ · ■ ■ 1 ■ ■ ·
■ · ■ ■ · ■ ■ 2 ■ · ■ ■
■ · ■ · ■ · ■ ■ · ■ · ■
4 ■ 5 ■ · ■ 3 ■ · ■ · ·
■ 7 ■ · ■ · ■ · ■ · ■ ■
· ■ · 9 · ■ · ■ ■ ■ · ■
■ ■ · ■ ■ · ■ ■ 1 ■ ■ ·
■ · ■ ■ · ■ · ■ ■ ■ 7 ■
■ ■ · ■ ■ 3 ■ · ■ 6 ■ 3
· ■ ■ 3 ■ ■ · ■ ■ ■ ■ ■
■ ■ · ■ 4 ■ ■ · · ■ · ■
■ · ■ 1 ■ · · ■ ■ · ■ ■
· ■ · · ■ · ■ ■ 1 ■ ■ ·
■ · ■ ■ · ■ ■ 2 ■ · ■ ■
■ · ■ · ■ · ■ ■ · ■ · ■
4 ■ 5 ■ · ■ 3 ■ · ■ · ·
■ 7 ■ · ■ · ■ · ■ · ■ ■
· ■ · 9 · ■ · ■ ■ ■ · ■
■ ■ · ■ ■ · ■ ■ 1 ■ ■ ·
■ · ■ ■ · ■ · ■ ■ ■ 7 ■
■ ■ · ■ ■ 3 ■ · ■ 6 ■ 3
· ■ ■ 3 ■ ■ · ■ ■ ■ ■ ■
■ ■ · ■ 4 ■ ■ · · ■ · ■
■ · ■ 1 ■ · · ■ ■ · ■ ■
· ■ · · ■ · ■ ■ 1 ■ ■ ·
■ · ■ ■ · ■ ■ 2 ■ · ■ ■
■ · ■ · ■ · ■ ■ · ■ · ■
4 ■ 5 ■ · ■ 3 ■ · ■ · ·
■ 7 ■ · ■ · ■ · ■ · ■ ■
· ■ · 9 · ■ · ■ ■ ■ · ■
■ ■ · ■ ■ · ■ ■ 1 ■ ■ ·
■ · ■ ■ · ■ · ■ ■ ■ 7 ■
■ ■ · ■ ■ 3 ■ · ■ 6 ■ 3
· ■ ■ 3 ■ ■ · ■ ■ ■ ■ ■
■ ■ · ■ 4 ■ ■ · · ■ · ■
■ · ■ 1 ■ · · ■ ■ · ■ ■
· ■ · · ■ · ■ ■ 1 ■ ■ ·
■ · ■ ■ · ■ ■ 2 ■ · ■ ■
■ · ■ · ■ · ■ ■ · ■ · ■
4 ■ 5 ■ · ■ 3 ■ · ■ · ·
■ 7 ■ · ■ · ■ · ■ · ■ ■
· ■ · 9 · ■ · ■ ■ ■ · ■
■ ■ · ■ ■ · ■ ■ 1 ■ ■ ·
■ · ■ ■ · ■ · ■ ■ ■ 7 ■
■ ■ · ■ ■ 3 ■ · ■ 6 ■ 3
· ■ ■ 3 ■ ■ · ■ ■ ■ ■ ■
■ ■ · ■ 4 ■ ■ · · ■ · ■
■ · ■ 1 ■ · · ■ ■ · ■ ■
# Number of solutions found: 10
# CPU time: 0.9056 s
================================= 86 =================================
# Encoding time: 0.1734 s
? ■ · ■ · ■ · ■ · ■
· ■ ■ ■ ■ ■ ■ ■ ■ ·
■ · ■ · ■ 5 ■ · ■ ■
■ · ■ ■ 6 ■ 4 ■ · ■
· ■ 11 ■ ■ ■ ■ · ■ ■
■ · ■ ■ 1 ■ 3 ■ · ·
■ ■ ■ · ■ 2 ■ · ■ ·
· · · · · ■ · ■ · ·
■ ■ ■ ■ ■ ■ · · ■ ·
■ · ■ · · · ■ · · ■
? ■ · ■ · ■ · ■ · ■
· ■ ■ ■ ■ ■ ■ ■ ■ ·
■ · ■ · ■ 5 ■ · ■ ■
■ · ■ ■ 6 ■ 4 ■ · ■
· ■ 11 ■ ■ ■ ■ · ■ ■
■ · ■ ■ 1 ■ 3 ■ · ·
■ ■ ■ · ■ 2 ■ · ■ ·
· · · · · ■ · ■ · ·
■ ■ ■ ■ ■ ■ · · ■ ·
■ · ■ · · · ■ · · ■
? ■ · ■ · ■ · ■ · ■
· ■ ■ ■ ■ ■ ■ ■ ■ ·
■ · ■ · ■ 5 ■ · ■ ■
■ · ■ ■ 6 ■ 4 ■ · ■
· ■ 11 ■ ■ ■ ■ · ■ ■
■ · ■ ■ 1 ■ 3 ■ · ·
■ ■ ■ · ■ 2 ■ · ■ ·
· · · · · ■ · ■ · ·
■ ■ ■ ■ ■ ■ · · ■ ·
■ · ■ · · · ■ · · ■
? ■ · ■ · ■ · ■ · ■
· ■ ■ ■ ■ ■ ■ ■ ■ ·
■ · ■ · ■ 5 ■ · ■ ■
■ · ■ ■ 6 ■ 4 ■ · ■
· ■ 11 ■ ■ ■ ■ · ■ ■
■ · ■ ■ 1 ■ 3 ■ · ·
■ ■ ■ · ■ 2 ■ · ■ ·
· · · · · ■ · ■ · ·
■ ■ ■ ■ ■ ■ · · ■ ·
■ · ■ · · · ■ · · ■
? ■ · ■ · ■ · ■ · ■
· ■ ■ ■ ■ ■ ■ ■ ■ ·
■ · ■ · ■ 5 ■ · ■ ■
■ · ■ ■ 6 ■ 4 ■ · ■
· ■ 11 ■ ■ ■ ■ · ■ ■
■ · ■ ■ 1 ■ 3 ■ · ·
■ ■ ■ · ■ 2 ■ · ■ ·
· · · · · ■ · ■ · ·
■ ■ ■ ■ ■ ■ · · ■ ·
■ · ■ · · · ■ · · ■
? ■ · ■ · ■ · ■ · ■
· ■ ■ ■ ■ ■ ■ ■ ■ ·
■ · ■ · ■ 5 ■ · ■ ■
■ · ■ ■ 6 ■ 4 ■ · ■
· ■ 11 ■ ■ ■ ■ · ■ ■
■ · ■ ■ 1 ■ 3 ■ · ·
■ ■ ■ · ■ 2 ■ · ■ ·
· · · · · ■ · ■ · ·
■ ■ ■ ■ ■ ■ · · ■ ·
■ · ■ · · · ■ · · ■
? ■ · ■ · ■ · ■ · ■
· ■ ■ ■ ■ ■ ■ ■ ■ ·
■ · ■ · ■ 5 ■ · ■ ■
■ · ■ ■ 6 ■ 4 ■ · ■
· ■ 11 ■ ■ ■ ■ · ■ ■
■ · ■ ■ 1 ■ 3 ■ · ·
■ ■ ■ · ■ 2 ■ · ■ ·
· · · · · ■ · ■ · ·
■ ■ ■ ■ ■ ■ · · ■ ·
■ · ■ · · · ■ · · ■
? ■ · ■ · ■ · ■ · ■
· ■ ■ ■ ■ ■ ■ ■ ■ ·
■ · ■ · ■ 5 ■ · ■ ■
■ · ■ ■ 6 ■ 4 ■ · ■
· ■ 11 ■ ■ ■ ■ · ■ ■
■ · ■ ■ 1 ■ 3 ■ · ·
■ ■ ■ · ■ 2 ■ · ■ ·
· · · · · ■ · ■ · ·
■ ■ ■ ■ ■ ■ · · ■ ·
■ · ■ · · · ■ · · ■
? ■ · ■ · ■ · ■ · ■
· ■ ■ ■ ■ ■ ■ ■ ■ ·
■ · ■ · ■ 5 ■ · ■ ■
■ · ■ ■ 6 ■ 4 ■ · ■
· ■ 11 ■ ■ ■ ■ · ■ ■
■ · ■ ■ 1 ■ 3 ■ · ·
■ ■ ■ · ■ 2 ■ · ■ ·
· · · · · ■ · ■ · ·
■ ■ ■ ■ ■ ■ · · ■ ·
■ · ■ · · · ■ · · ■
? ■ · ■ · ■ · ■ · ■
· ■ ■ ■ ■ ■ ■ ■ ■ ·
■ · ■ · ■ 5 ■ · ■ ■
■ · ■ ■ 6 ■ 4 ■ · ■
· ■ 11 ■ ■ ■ ■ · ■ ■
■ · ■ ■ 1 ■ 3 ■ · ·
■ ■ ■ · ■ 2 ■ · ■ ·
· · · · · ■ · ■ · ·
■ ■ ■ ■ ■ ■ · · ■ ·
■ · ■ · · · ■ · · ■
# Number of solutions found: 10
# CPU time: 0.2703 s
================================= 87 =================================
# Encoding time: 1.965 s
■ 3 ■ · ■ 3 ■ · ■ ■ · ■ · 9 ■ 6 ■
■ ■ ■ ■ ■ ■ · ■ · ■ ■ ■ ■ ■ ■ ■ ·
■ · ■ 1 ■ · ■ 1 ■ · ■ 2 ■ · ■ · ■
■ ■ · ■ ■ ■ ■ ■ · ■ · ■ · ■ ■ ■ ■
■ 1 ■ ■ · 6 ■ · ■ 1 ■ · ■ 4 ■ · ■
■ ■ · ■ ■ ■ · ■ · ■ · ■ ■ ■ · ■ ·
· · ■ 3 ■ · ■ · ■ ■ ■ 9 ■ · ■ 1 ■
■ ■ ■ ■ ■ ■ · ■ · ■ · ■ · ■ · ■ ·
■ 1 ■ · ■ 2 ■ · ■ 1 ■ ■ ■ 4 ■ ■ ■
· ■ · ■ ■ ■ ■ ■ · ■ · ■ · ■ · ■ ·
■ ■ ■ 5 ■ · ■ 1 ■ ■ ■ 9 ■ · ■ 3 ■
· ■ · ■ · ■ · ■ ■ · ■ ■ ■ ■ · ■ ■
■ 3 ■ ■ ■ D ■ · ■ 3 ■ · ■ 1 ■ · ■
■ ■ · ■ · ■ · ■ · ■ ■ ■ · ■ · ■ ·
· · ■ 1 ■ · ■ 1 ■ · ■ 4 ■ · ■ 1 ■
■ ■ · ■ · ■ ■ ■ · ■ · ■ · ■ · ■ ■
■ 1 ■ · ■ 5 ■ · ■ 1 ■ · ■ 3 ■ ■ ·
■ 3 ■ · ■ 3 ■ · ■ ■ · ■ · 9 ■ 6 ■
■ ■ ■ ■ ■ ■ · ■ · ■ ■ ■ ■ ■ ■ ■ ·
■ · ■ 1 ■ · ■ 1 ■ · ■ 2 ■ · ■ · ■
■ ■ · ■ ■ ■ ■ ■ · ■ · ■ · ■ ■ ■ ■
■ 1 ■ ■ · 6 ■ · ■ 1 ■ · ■ 4 ■ · ■
■ ■ · ■ ■ ■ · ■ · ■ · ■ ■ ■ · ■ ·
· · ■ 3 ■ · ■ · ■ ■ ■ 9 ■ · ■ 1 ■
■ ■ ■ ■ ■ ■ · ■ · ■ · ■ · ■ · ■ ·
■ 1 ■ · ■ 2 ■ · ■ 1 ■ ■ ■ 4 ■ ■ ■
· ■ · ■ ■ ■ ■ ■ · ■ · ■ · ■ · ■ ·
■ ■ ■ 5 ■ · ■ 1 ■ ■ ■ 9 ■ · ■ 3 ■
· ■ · ■ · ■ · ■ ■ · ■ ■ ■ ■ · ■ ■
■ 3 ■ ■ ■ D ■ · ■ 3 ■ · ■ 1 ■ · ■
■ ■ · ■ · ■ · ■ · ■ ■ ■ · ■ · ■ ·
· · ■ 1 ■ · ■ 1 ■ · ■ 4 ■ · ■ 1 ■
■ ■ · ■ · ■ ■ ■ · ■ · ■ · ■ · ■ ■
■ 1 ■ · ■ 5 ■ · ■ 1 ■ · ■ 3 ■ ■ ·
■ 3 ■ · ■ 3 ■ · ■ ■ · ■ · 9 ■ 6 ■
■ ■ ■ ■ ■ ■ · ■ · ■ ■ ■ ■ ■ ■ ■ ·
■ · ■ 1 ■ · ■ 1 ■ · ■ 2 ■ · ■ · ■
■ ■ · ■ ■ ■ ■ ■ · ■ · ■ · ■ ■ ■ ■
■ 1 ■ ■ · 6 ■ · ■ 1 ■ · ■ 4 ■ · ■
■ ■ · ■ ■ ■ · ■ · ■ · ■ ■ ■ · ■ ·
· · ■ 3 ■ · ■ · ■ ■ ■ 9 ■ · ■ 1 ■
■ ■ ■ ■ ■ ■ · ■ · ■ · ■ · ■ · ■ ·
■ 1 ■ · ■ 2 ■ · ■ 1 ■ ■ ■ 4 ■ ■ ■
· ■ · ■ ■ ■ ■ ■ · ■ · ■ · ■ · ■ ·
■ ■ ■ 5 ■ · ■ 1 ■ ■ ■ 9 ■ · ■ 3 ■
· ■ · ■ · ■ · ■ ■ · ■ ■ ■ ■ · ■ ■
■ 3 ■ ■ ■ D ■ · ■ 3 ■ · ■ 1 ■ · ■
■ ■ · ■ · ■ · ■ · ■ ■ ■ · ■ · ■ ·
· · ■ 1 ■ · ■ 1 ■ · ■ 4 ■ · ■ 1 ■
■ ■ · ■ · ■ ■ ■ · ■ · ■ · ■ · ■ ■
■ 1 ■ · ■ 5 ■ · ■ 1 ■ · ■ 3 ■ ■ ·
■ 3 ■ · ■ 3 ■ · ■ ■ · ■ · 9 ■ 6 ■
■ ■ ■ ■ ■ ■ · ■ · ■ ■ ■ ■ ■ ■ ■ ·
■ · ■ 1 ■ · ■ 1 ■ · ■ 2 ■ · ■ · ■
■ ■ · ■ ■ ■ ■ ■ · ■ · ■ · ■ ■ ■ ■
■ 1 ■ ■ · 6 ■ · ■ 1 ■ · ■ 4 ■ · ■
■ ■ · ■ ■ ■ · ■ · ■ · ■ ■ ■ · ■ ·
· · ■ 3 ■ · ■ · ■ ■ ■ 9 ■ · ■ 1 ■
■ ■ ■ ■ ■ ■ · ■ · ■ · ■ · ■ · ■ ·
■ 1 ■ · ■ 2 ■ · ■ 1 ■ ■ ■ 4 ■ ■ ■
· ■ · ■ ■ ■ ■ ■ · ■ · ■ · ■ · ■ ·
■ ■ ■ 5 ■ · ■ 1 ■ ■ ■ 9 ■ · ■ 3 ■
· ■ · ■ · ■ · ■ ■ · ■ ■ ■ ■ · ■ ■
■ 3 ■ ■ ■ D ■ · ■ 3 ■ · ■ 1 ■ · ■
■ ■ · ■ · ■ · ■ · ■ ■ ■ · ■ · ■ ·
· · ■ 1 ■ · ■ 1 ■ · ■ 4 ■ · ■ 1 ■
■ ■ · ■ · ■ ■ ■ · ■ · ■ · ■ · ■ ■
■ 1 ■ · ■ 5 ■ · ■ 1 ■ · ■ 3 ■ ■ ·
■ 3 ■ · ■ 3 ■ · ■ ■ · ■ · 9 ■ 6 ■
■ ■ ■ ■ ■ ■ · ■ · ■ ■ ■ ■ ■ ■ ■ ·
■ · ■ 1 ■ · ■ 1 ■ · ■ 2 ■ · ■ · ■
■ ■ · ■ ■ ■ ■ ■ · ■ · ■ · ■ ■ ■ ■
■ 1 ■ ■ · 6 ■ · ■ 1 ■ · ■ 4 ■ · ■
■ ■ · ■ ■ ■ · ■ · ■ · ■ ■ ■ · ■ ·
· · ■ 3 ■ · ■ · ■ ■ ■ 9 ■ · ■ 1 ■
■ ■ ■ ■ ■ ■ · ■ · ■ · ■ · ■ · ■ ·
■ 1 ■ · ■ 2 ■ · ■ 1 ■ ■ ■ 4 ■ ■ ■
· ■ · ■ ■ ■ ■ ■ · ■ · ■ · ■ · ■ ·
■ ■ ■ 5 ■ · ■ 1 ■ ■ ■ 9 ■ · ■ 3 ■
· ■ · ■ · ■ · ■ ■ · ■ ■ ■ ■ · ■ ■
■ 3 ■ ■ ■ D ■ · ■ 3 ■ · ■ 1 ■ · ■
■ ■ · ■ · ■ · ■ · ■ ■ ■ · ■ · ■ ·
· · ■ 1 ■ · ■ 1 ■ · ■ 4 ■ · ■ 1 ■
■ ■ · ■ · ■ ■ ■ · ■ · ■ · ■ · ■ ■
■ 1 ■ · ■ 5 ■ · ■ 1 ■ · ■ 3 ■ ■ ·
■ 3 ■ · ■ 3 ■ · ■ ■ · ■ · 9 ■ 6 ■
■ ■ ■ ■ ■ ■ · ■ · ■ ■ ■ ■ ■ ■ ■ ·
■ · ■ 1 ■ · ■ 1 ■ · ■ 2 ■ · ■ · ■
■ ■ · ■ ■ ■ ■ ■ · ■ · ■ · ■ ■ ■ ■
■ 1 ■ ■ · 6 ■ · ■ 1 ■ · ■ 4 ■ · ■
■ ■ · ■ ■ ■ · ■ · ■ · ■ ■ ■ · ■ ·
· · ■ 3 ■ · ■ · ■ ■ ■ 9 ■ · ■ 1 ■
■ ■ ■ ■ ■ ■ · ■ · ■ · ■ · ■ · ■ ·
■ 1 ■ · ■ 2 ■ · ■ 1 ■ ■ ■ 4 ■ ■ ■
· ■ · ■ ■ ■ ■ ■ · ■ · ■ · ■ · ■ ·
■ ■ ■ 5 ■ · ■ 1 ■ ■ ■ 9 ■ · ■ 3 ■
· ■ · ■ · ■ · ■ ■ · ■ ■ ■ ■ · ■ ■
■ 3 ■ ■ ■ D ■ · ■ 3 ■ · ■ 1 ■ · ■
■ ■ · ■ · ■ · ■ · ■ ■ ■ · ■ · ■ ·
· · ■ 1 ■ · ■ 1 ■ · ■ 4 ■ · ■ 1 ■
■ ■ · ■ · ■ ■ ■ · ■ · ■ · ■ · ■ ■
■ 1 ■ · ■ 5 ■ · ■ 1 ■ · ■ 3 ■ ■ ·
■ 3 ■ · ■ 3 ■ · ■ ■ · ■ · 9 ■ 6 ■
■ ■ ■ ■ ■ ■ · ■ · ■ ■ ■ ■ ■ ■ ■ ·
■ · ■ 1 ■ · ■ 1 ■ · ■ 2 ■ · ■ · ■
■ ■ · ■ ■ ■ ■ ■ · ■ · ■ · ■ ■ ■ ■
■ 1 ■ ■ · 6 ■ · ■ 1 ■ · ■ 4 ■ · ■
■ ■ · ■ ■ ■ · ■ · ■ · ■ ■ ■ · ■ ·
· · ■ 3 ■ · ■ · ■ ■ ■ 9 ■ · ■ 1 ■
■ ■ ■ ■ ■ ■ · ■ · ■ · ■ · ■ · ■ ·
■ 1 ■ · ■ 2 ■ · ■ 1 ■ ■ ■ 4 ■ ■ ■
· ■ · ■ ■ ■ ■ ■ · ■ · ■ · ■ · ■ ·
■ ■ ■ 5 ■ · ■ 1 ■ ■ ■ 9 ■ · ■ 3 ■
· ■ · ■ · ■ · ■ ■ · ■ ■ ■ ■ · ■ ■
■ 3 ■ ■ ■ D ■ · ■ 3 ■ · ■ 1 ■ · ■
■ ■ · ■ · ■ · ■ · ■ ■ ■ · ■ · ■ ·
· · ■ 1 ■ · ■ 1 ■ · ■ 4 ■ · ■ 1 ■
■ ■ · ■ · ■ ■ ■ · ■ · ■ · ■ · ■ ■
■ 1 ■ · ■ 5 ■ · ■ 1 ■ · ■ 3 ■ ■ ·
■ 3 ■ · ■ 3 ■ · ■ ■ · ■ · 9 ■ 6 ■
■ ■ ■ ■ ■ ■ · ■ · ■ ■ ■ ■ ■ ■ ■ ·
■ · ■ 1 ■ · ■ 1 ■ · ■ 2 ■ · ■ · ■
■ ■ · ■ ■ ■ ■ ■ · ■ · ■ · ■ ■ ■ ■
■ 1 ■ ■ · 6 ■ · ■ 1 ■ · ■ 4 ■ · ■
■ ■ · ■ ■ ■ · ■ · ■ · ■ ■ ■ · ■ ·
· · ■ 3 ■ · ■ · ■ ■ ■ 9 ■ · ■ 1 ■
■ ■ ■ ■ ■ ■ · ■ · ■ · ■ · ■ · ■ ·
■ 1 ■ · ■ 2 ■ · ■ 1 ■ ■ ■ 4 ■ ■ ■
· ■ · ■ ■ ■ ■ ■ · ■ · ■ · ■ · ■ ·
■ ■ ■ 5 ■ · ■ 1 ■ ■ ■ 9 ■ · ■ 3 ■
· ■ · ■ · ■ · ■ ■ · ■ ■ ■ ■ · ■ ■
■ 3 ■ ■ ■ D ■ · ■ 3 ■ · ■ 1 ■ · ■
■ ■ · ■ · ■ · ■ · ■ ■ ■ · ■ · ■ ·
· · ■ 1 ■ · ■ 1 ■ · ■ 4 ■ · ■ 1 ■
■ ■ · ■ · ■ ■ ■ · ■ · ■ · ■ · ■ ■
■ 1 ■ · ■ 5 ■ · ■ 1 ■ · ■ 3 ■ ■ ·
■ 3 ■ · ■ 3 ■ · ■ ■ · ■ · 9 ■ 6 ■
■ ■ ■ ■ ■ ■ · ■ · ■ ■ ■ ■ ■ ■ ■ ·
■ · ■ 1 ■ · ■ 1 ■ · ■ 2 ■ · ■ · ■
■ ■ · ■ ■ ■ ■ ■ · ■ · ■ · ■ ■ ■ ■
■ 1 ■ ■ · 6 ■ · ■ 1 ■ · ■ 4 ■ · ■
■ ■ · ■ ■ ■ · ■ · ■ · ■ ■ ■ · ■ ·
· · ■ 3 ■ · ■ · ■ ■ ■ 9 ■ · ■ 1 ■
■ ■ ■ ■ ■ ■ · ■ · ■ · ■ · ■ · ■ ·
■ 1 ■ · ■ 2 ■ · ■ 1 ■ ■ ■ 4 ■ ■ ■
· ■ · ■ ■ ■ ■ ■ · ■ · ■ · ■ · ■ ·
■ ■ ■ 5 ■ · ■ 1 ■ ■ ■ 9 ■ · ■ 3 ■
· ■ · ■ · ■ · ■ ■ · ■ ■ ■ ■ · ■ ■
■ 3 ■ ■ ■ D ■ · ■ 3 ■ · ■ 1 ■ · ■
■ ■ · ■ · ■ · ■ · ■ ■ ■ · ■ · ■ ·
· · ■ 1 ■ · ■ 1 ■ · ■ 4 ■ · ■ 1 ■
■ ■ · ■ · ■ ■ ■ · ■ · ■ · ■ · ■ ■
■ 1 ■ · ■ 5 ■ · ■ 1 ■ · ■ 3 ■ ■ ·
■ 3 ■ · ■ 3 ■ · ■ ■ · ■ · 9 ■ 6 ■
■ ■ ■ ■ ■ ■ · ■ · ■ ■ ■ ■ ■ ■ ■ ·
■ · ■ 1 ■ · ■ 1 ■ · ■ 2 ■ · ■ · ■
■ ■ · ■ ■ ■ ■ ■ · ■ · ■ · ■ ■ ■ ■
■ 1 ■ ■ · 6 ■ · ■ 1 ■ · ■ 4 ■ · ■
■ ■ · ■ ■ ■ · ■ · ■ · ■ ■ ■ · ■ ·
· · ■ 3 ■ · ■ · ■ ■ ■ 9 ■ · ■ 1 ■
■ ■ ■ ■ ■ ■ · ■ · ■ · ■ · ■ · ■ ·
■ 1 ■ · ■ 2 ■ · ■ 1 ■ ■ ■ 4 ■ ■ ■
· ■ · ■ ■ ■ ■ ■ · ■ · ■ · ■ · ■ ·
■ ■ ■ 5 ■ · ■ 1 ■ ■ ■ 9 ■ · ■ 3 ■
· ■ · ■ · ■ · ■ ■ · ■ ■ ■ ■ · ■ ■
■ 3 ■ ■ ■ D ■ · ■ 3 ■ · ■ 1 ■ · ■
■ ■ · ■ · ■ · ■ · ■ ■ ■ · ■ · ■ ·
· · ■ 1 ■ · ■ 1 ■ · ■ 4 ■ · ■ 1 ■
■ ■ · ■ · ■ ■ ■ · ■ · ■ · ■ · ■ ■
■ 1 ■ · ■ 5 ■ · ■ 1 ■ · ■ 3 ■ ■ ·
# Number of solutions found: 10
# CPU time: 4.157 s
================================= 88 =================================
# Encoding time: 0.2137 s
· · ■ · ■ ■ ■ ■ · ■
· ■ 6 ■ ■ · · · ■ ■
■ 5 ■ ■ · ■ ■ ■ ■ ·
· ■ ■ · ■ ■ · · ■ ■
· ■ 6 ■ · · ■ ■ 4 ■
■ 3 ■ · ■ ■ · ■ ■ ·
· ■ · ■ 1 ■ ■ · ■ ·
· ■ 2 ■ ■ 1 ■ ■ 6 ■
■ 1 ■ · ■ ■ ■ 8 ■ ·
· ■ · ■ · ■ · ■ · ■
· · ■ · ■ ■ ■ ■ · ■
· ■ 6 ■ ■ · · · ■ ■
■ 5 ■ ■ · ■ ■ ■ ■ ·
· ■ ■ · ■ ■ · · ■ ■
· ■ 6 ■ · · ■ ■ 4 ■
■ 3 ■ · ■ ■ · ■ ■ ·
· ■ · ■ 1 ■ ■ · ■ ·
· ■ 2 ■ ■ 1 ■ ■ 6 ■
■ 1 ■ · ■ ■ ■ 8 ■ ·
· ■ · ■ · ■ · ■ · ■
· · ■ · ■ ■ ■ ■ · ■
· ■ 6 ■ ■ · · · ■ ■
■ 5 ■ ■ · ■ ■ ■ ■ ·
· ■ ■ · ■ ■ · · ■ ■
· ■ 6 ■ · · ■ ■ 4 ■
■ 3 ■ · ■ ■ · ■ ■ ·
· ■ · ■ 1 ■ ■ · ■ ·
· ■ 2 ■ ■ 1 ■ ■ 6 ■
■ 1 ■ · ■ ■ ■ 8 ■ ·
· ■ · ■ · ■ · ■ · ■
· · ■ · ■ ■ ■ ■ · ■
· ■ 6 ■ ■ · · · ■ ■
■ 5 ■ ■ · ■ ■ ■ ■ ·
· ■ ■ · ■ ■ · · ■ ■
· ■ 6 ■ · · ■ ■ 4 ■
■ 3 ■ · ■ ■ · ■ ■ ·
· ■ · ■ 1 ■ ■ · ■ ·
· ■ 2 ■ ■ 1 ■ ■ 6 ■
■ 1 ■ · ■ ■ ■ 8 ■ ·
· ■ · ■ · ■ · ■ · ■
· · ■ · ■ ■ ■ ■ · ■
· ■ 6 ■ ■ · · · ■ ■
■ 5 ■ ■ · ■ ■ ■ ■ ·
· ■ ■ · ■ ■ · · ■ ■
· ■ 6 ■ · · ■ ■ 4 ■
■ 3 ■ · ■ ■ · ■ ■ ·
· ■ · ■ 1 ■ ■ · ■ ·
· ■ 2 ■ ■ 1 ■ ■ 6 ■
■ 1 ■ · ■ ■ ■ 8 ■ ·
· ■ · ■ · ■ · ■ · ■
· · ■ · ■ ■ ■ ■ · ■
· ■ 6 ■ ■ · · · ■ ■
■ 5 ■ ■ · ■ ■ ■ ■ ·
· ■ ■ · ■ ■ · · ■ ■
· ■ 6 ■ · · ■ ■ 4 ■
■ 3 ■ · ■ ■ · ■ ■ ·
· ■ · ■ 1 ■ ■ · ■ ·
· ■ 2 ■ ■ 1 ■ ■ 6 ■
■ 1 ■ · ■ ■ ■ 8 ■ ·
· ■ · ■ · ■ · ■ · ■
· · ■ · ■ ■ ■ ■ · ■
· ■ 6 ■ ■ · · · ■ ■
■ 5 ■ ■ · ■ ■ ■ ■ ·
· ■ ■ · ■ ■ · · ■ ■
· ■ 6 ■ · · ■ ■ 4 ■
■ 3 ■ · ■ ■ · ■ ■ ·
· ■ · ■ 1 ■ ■ · ■ ·
· ■ 2 ■ ■ 1 ■ ■ 6 ■
■ 1 ■ · ■ ■ ■ 8 ■ ·
· ■ · ■ · ■ · ■ · ■
· · ■ · ■ ■ ■ ■ · ■
· ■ 6 ■ ■ · · · ■ ■
■ 5 ■ ■ · ■ ■ ■ ■ ·
· ■ ■ · ■ ■ · · ■ ■
· ■ 6 ■ · · ■ ■ 4 ■
■ 3 ■ · ■ ■ · ■ ■ ·
· ■ · ■ 1 ■ ■ · ■ ·
· ■ 2 ■ ■ 1 ■ ■ 6 ■
■ 1 ■ · ■ ■ ■ 8 ■ ·
· ■ · ■ · ■ · ■ · ■
· · ■ · ■ ■ ■ ■ · ■
· ■ 6 ■ ■ · · · ■ ■
■ 5 ■ ■ · ■ ■ ■ ■ ·
· ■ ■ · ■ ■ · · ■ ■
· ■ 6 ■ · · ■ ■ 4 ■
■ 3 ■ · ■ ■ · ■ ■ ·
· ■ · ■ 1 ■ ■ · ■ ·
· ■ 2 ■ ■ 1 ■ ■ 6 ■
■ 1 ■ · ■ ■ ■ 8 ■ ·
· ■ · ■ · ■ · ■ · ■
· · ■ · ■ ■ ■ ■ · ■
· ■ 6 ■ ■ · · · ■ ■
■ 5 ■ ■ · ■ ■ ■ ■ ·
· ■ ■ · ■ ■ · · ■ ■
· ■ 6 ■ · · ■ ■ 4 ■
■ 3 ■ · ■ ■ · ■ ■ ·
· ■ · ■ 1 ■ ■ · ■ ·
· ■ 2 ■ ■ 1 ■ ■ 6 ■
■ 1 ■ · ■ ■ ■ 8 ■ ·
· ■ · ■ · ■ · ■ · ■
# Number of solutions found: 10
# CPU time: 0.3295 s
================================= 89 =================================
# Encoding time: 1.383 s
■ · ■ · ■ ■ · ■ · ■ · ■ · 2 ■ ■ ·
· ■ ■ ■ · · ■ · ■ · ■ · ■ ■ · ■ ■
■ · ■ · ■ ■ 3 ■ 5 ■ ■ ■ ■ · ■ ■ ·
· ■ ■ · ■ 3 ■ · ■ · ■ · 2 ■ · ■ ■
■ · ■ ■ · ■ 5 ■ 7 ■ ■ ■ ■ ■ ■ · ·
· · ■ · ■ · ■ · ■ ■ · · ■ · ■ ■ ■
■ ■ · ■ · ■ · ■ 1 ■ ■ ■ ■ · ■ · ■
· · · ■ · ■ 2 ■ ■ ■ · ■ 1 ■ · ■ ·
· ■ ■ 2 ■ · ■ 18 ■ 18 ■ · ■ 1 ■ · ■
■ · ■ ■ 1 ■ · ■ ■ ■ 3 ■ · ■ · ■ ■
· ■ · ■ ■ ■ ■ ■ 2 ■ ■ · ■ · ■ ■ ·
■ · ■ · ■ · ■ · ■ · ■ · ■ ■ · · ■
· ■ · ■ ■ · ■ ■ A ■ 4 ■ · ■ ■ ■ ■
■ ■ ■ ■ 4 ■ ■ · ■ · ■ 3 ■ · · · ·
· · ■ · ■ · ■ ■ 2 ■ 8 ■ · ■ ■ ■ ■
■ ■ · ■ · ■ · ■ ■ · ■ · ■ · · ■ ·
· · ■ 6 ■ ■ · · · ■ · ■ · ■ · · ■
■ · ■ · ■ ■ · ■ · ■ · ■ · 2 ■ ■ ·
· ■ ■ ■ · · ■ · ■ · ■ · ■ ■ · ■ ■
■ · ■ · ■ ■ 3 ■ 5 ■ ■ ■ ■ · ■ ■ ·
· ■ ■ · ■ 3 ■ · ■ · ■ · 2 ■ · ■ ■
■ · ■ ■ · ■ 5 ■ 7 ■ ■ ■ ■ ■ ■ · ·
· · ■ · ■ · ■ · ■ ■ · · ■ · ■ ■ ■
■ ■ · ■ · ■ · ■ 1 ■ ■ ■ ■ · ■ · ■
· · · ■ · ■ 2 ■ ■ ■ · ■ 1 ■ · ■ ·
· ■ ■ 2 ■ · ■ 18 ■ 18 ■ · ■ 1 ■ · ■
■ · ■ ■ 1 ■ · ■ ■ ■ 3 ■ · ■ · ■ ■
· ■ · ■ ■ ■ ■ ■ 2 ■ ■ · ■ · ■ ■ ·
■ · ■ · ■ · ■ · ■ · ■ · ■ ■ · · ■
· ■ · ■ ■ · ■ ■ A ■ 4 ■ · ■ ■ ■ ■
■ ■ ■ ■ 4 ■ ■ · ■ · ■ 3 ■ · · · ·
· · ■ · ■ · ■ ■ 2 ■ 8 ■ · ■ ■ ■ ■
■ ■ · ■ · ■ · ■ ■ · ■ · ■ · · ■ ·
· · ■ 6 ■ ■ · · · ■ · ■ · ■ · · ■
■ · ■ · ■ ■ · ■ · ■ · ■ · 2 ■ ■ ·
· ■ ■ ■ · · ■ · ■ · ■ · ■ ■ · ■ ■
■ · ■ · ■ ■ 3 ■ 5 ■ ■ ■ ■ · ■ ■ ·
· ■ ■ · ■ 3 ■ · ■ · ■ · 2 ■ · ■ ■
■ · ■ ■ · ■ 5 ■ 7 ■ ■ ■ ■ ■ ■ · ·
· · ■ · ■ · ■ · ■ ■ · · ■ · ■ ■ ■
■ ■ · ■ · ■ · ■ 1 ■ ■ ■ ■ · ■ · ■
· · · ■ · ■ 2 ■ ■ ■ · ■ 1 ■ · ■ ·
· ■ ■ 2 ■ · ■ 18 ■ 18 ■ · ■ 1 ■ · ■
■ · ■ ■ 1 ■ · ■ ■ ■ 3 ■ · ■ · ■ ■
· ■ · ■ ■ ■ ■ ■ 2 ■ ■ · ■ · ■ ■ ·
■ · ■ · ■ · ■ · ■ · ■ · ■ ■ · · ■
· ■ · ■ ■ · ■ ■ A ■ 4 ■ · ■ ■ ■ ■
■ ■ ■ ■ 4 ■ ■ · ■ · ■ 3 ■ · · · ·
· · ■ · ■ · ■ ■ 2 ■ 8 ■ · ■ ■ ■ ■
■ ■ · ■ · ■ · ■ ■ · ■ · ■ · · ■ ·
· · ■ 6 ■ ■ · · · ■ · ■ · ■ · · ■
■ · ■ · ■ ■ · ■ · ■ · ■ · 2 ■ ■ ·
· ■ ■ ■ · · ■ · ■ · ■ · ■ ■ · ■ ■
■ · ■ · ■ ■ 3 ■ 5 ■ ■ ■ ■ · ■ ■ ·
· ■ ■ · ■ 3 ■ · ■ · ■ · 2 ■ · ■ ■
■ · ■ ■ · ■ 5 ■ 7 ■ ■ ■ ■ ■ ■ · ·
· · ■ · ■ · ■ · ■ ■ · · ■ · ■ ■ ■
■ ■ · ■ · ■ · ■ 1 ■ ■ ■ ■ · ■ · ■
· · · ■ · ■ 2 ■ ■ ■ · ■ 1 ■ · ■ ·
· ■ ■ 2 ■ · ■ 18 ■ 18 ■ · ■ 1 ■ · ■
■ · ■ ■ 1 ■ · ■ ■ ■ 3 ■ · ■ · ■ ■
· ■ · ■ ■ ■ ■ ■ 2 ■ ■ · ■ · ■ ■ ·
■ · ■ · ■ · ■ · ■ · ■ · ■ ■ · · ■
· ■ · ■ ■ · ■ ■ A ■ 4 ■ · ■ ■ ■ ■
■ ■ ■ ■ 4 ■ ■ · ■ · ■ 3 ■ · · · ·
· · ■ · ■ · ■ ■ 2 ■ 8 ■ · ■ ■ ■ ■
■ ■ · ■ · ■ · ■ ■ · ■ · ■ · · ■ ·
· · ■ 6 ■ ■ · · · ■ · ■ · ■ · · ■
■ · ■ · ■ ■ · ■ · ■ · ■ · 2 ■ ■ ·
· ■ ■ ■ · · ■ · ■ · ■ · ■ ■ · ■ ■
■ · ■ · ■ ■ 3 ■ 5 ■ ■ ■ ■ · ■ ■ ·
· ■ ■ · ■ 3 ■ · ■ · ■ · 2 ■ · ■ ■
■ · ■ ■ · ■ 5 ■ 7 ■ ■ ■ ■ ■ ■ · ·
· · ■ · ■ · ■ · ■ ■ · · ■ · ■ ■ ■
■ ■ · ■ · ■ · ■ 1 ■ ■ ■ ■ · ■ · ■
· · · ■ · ■ 2 ■ ■ ■ · ■ 1 ■ · ■ ·
· ■ ■ 2 ■ · ■ 18 ■ 18 ■ · ■ 1 ■ · ■
■ · ■ ■ 1 ■ · ■ ■ ■ 3 ■ · ■ · ■ ■
· ■ · ■ ■ ■ ■ ■ 2 ■ ■ · ■ · ■ ■ ·
■ · ■ · ■ · ■ · ■ · ■ · ■ ■ · · ■
· ■ · ■ ■ · ■ ■ A ■ 4 ■ · ■ ■ ■ ■
■ ■ ■ ■ 4 ■ ■ · ■ · ■ 3 ■ · · · ·
· · ■ · ■ · ■ ■ 2 ■ 8 ■ · ■ ■ ■ ■
■ ■ · ■ · ■ · ■ ■ · ■ · ■ · · ■ ·
· · ■ 6 ■ ■ · · · ■ · ■ · ■ · · ■
■ · ■ · ■ ■ · ■ · ■ · ■ · 2 ■ ■ ·
· ■ ■ ■ · · ■ · ■ · ■ · ■ ■ · ■ ■
■ · ■ · ■ ■ 3 ■ 5 ■ ■ ■ ■ · ■ ■ ·
· ■ ■ · ■ 3 ■ · ■ · ■ · 2 ■ · ■ ■
■ · ■ ■ · ■ 5 ■ 7 ■ ■ ■ ■ ■ ■ · ·
· · ■ · ■ · ■ · ■ ■ · · ■ · ■ ■ ■
■ ■ · ■ · ■ · ■ 1 ■ ■ ■ ■ · ■ · ■
· · · ■ · ■ 2 ■ ■ ■ · ■ 1 ■ · ■ ·
· ■ ■ 2 ■ · ■ 18 ■ 18 ■ · ■ 1 ■ · ■
■ · ■ ■ 1 ■ · ■ ■ ■ 3 ■ · ■ · ■ ■
· ■ · ■ ■ ■ ■ ■ 2 ■ ■ · ■ · ■ ■ ·
■ · ■ · ■ · ■ · ■ · ■ · ■ ■ · · ■
· ■ · ■ ■ · ■ ■ A ■ 4 ■ · ■ ■ ■ ■
■ ■ ■ ■ 4 ■ ■ · ■ · ■ 3 ■ · · · ·
· · ■ · ■ · ■ ■ 2 ■ 8 ■ · ■ ■ ■ ■
■ ■ · ■ · ■ · ■ ■ · ■ · ■ · · ■ ·
· · ■ 6 ■ ■ · · · ■ · ■ · ■ · · ■
■ · ■ · ■ ■ · ■ · ■ · ■ · 2 ■ ■ ·
· ■ ■ ■ · · ■ · ■ · ■ · ■ ■ · ■ ■
■ · ■ · ■ ■ 3 ■ 5 ■ ■ ■ ■ · ■ ■ ·
· ■ ■ · ■ 3 ■ · ■ · ■ · 2 ■ · ■ ■
■ · ■ ■ · ■ 5 ■ 7 ■ ■ ■ ■ ■ ■ · ·
· · ■ · ■ · ■ · ■ ■ · · ■ · ■ ■ ■
■ ■ · ■ · ■ · ■ 1 ■ ■ ■ ■ · ■ · ■
· · · ■ · ■ 2 ■ ■ ■ · ■ 1 ■ · ■ ·
· ■ ■ 2 ■ · ■ 18 ■ 18 ■ · ■ 1 ■ · ■
■ · ■ ■ 1 ■ · ■ ■ ■ 3 ■ · ■ · ■ ■
· ■ · ■ ■ ■ ■ ■ 2 ■ ■ · ■ · ■ ■ ·
■ · ■ · ■ · ■ · ■ · ■ · ■ ■ · · ■
· ■ · ■ ■ · ■ ■ A ■ 4 ■ · ■ ■ ■ ■
■ ■ ■ ■ 4 ■ ■ · ■ · ■ 3 ■ · · · ·
· · ■ · ■ · ■ ■ 2 ■ 8 ■ · ■ ■ ■ ■
■ ■ · ■ · ■ · ■ ■ · ■ · ■ · · ■ ·
· · ■ 6 ■ ■ · · · ■ · ■ · ■ · · ■
■ · ■ · ■ ■ · ■ · ■ · ■ · 2 ■ ■ ·
· ■ ■ ■ · · ■ · ■ · ■ · ■ ■ · ■ ■
■ · ■ · ■ ■ 3 ■ 5 ■ ■ ■ ■ · ■ ■ ·
· ■ ■ · ■ 3 ■ · ■ · ■ · 2 ■ · ■ ■
■ · ■ ■ · ■ 5 ■ 7 ■ ■ ■ ■ ■ ■ · ·
· · ■ · ■ · ■ · ■ ■ · · ■ · ■ ■ ■
■ ■ · ■ · ■ · ■ 1 ■ ■ ■ ■ · ■ · ■
· · · ■ · ■ 2 ■ ■ ■ · ■ 1 ■ · ■ ·
· ■ ■ 2 ■ · ■ 18 ■ 18 ■ · ■ 1 ■ · ■
■ · ■ ■ 1 ■ · ■ ■ ■ 3 ■ · ■ · ■ ■
· ■ · ■ ■ ■ ■ ■ 2 ■ ■ · ■ · ■ ■ ·
■ · ■ · ■ · ■ · ■ · ■ · ■ ■ · · ■
· ■ · ■ ■ · ■ ■ A ■ 4 ■ · ■ ■ ■ ■
■ ■ ■ ■ 4 ■ ■ · ■ · ■ 3 ■ · · · ·
· · ■ · ■ · ■ ■ 2 ■ 8 ■ · ■ ■ ■ ■
■ ■ · ■ · ■ · ■ ■ · ■ · ■ · · ■ ·
· · ■ 6 ■ ■ · · · ■ · ■ · ■ · · ■
■ · ■ · ■ ■ · ■ · ■ · ■ · 2 ■ ■ ·
· ■ ■ ■ · · ■ · ■ · ■ · ■ ■ · ■ ■
■ · ■ · ■ ■ 3 ■ 5 ■ ■ ■ ■ · ■ ■ ·
· ■ ■ · ■ 3 ■ · ■ · ■ · 2 ■ · ■ ■
■ · ■ ■ · ■ 5 ■ 7 ■ ■ ■ ■ ■ ■ · ·
· · ■ · ■ · ■ · ■ ■ · · ■ · ■ ■ ■
■ ■ · ■ · ■ · ■ 1 ■ ■ ■ ■ · ■ · ■
· · · ■ · ■ 2 ■ ■ ■ · ■ 1 ■ · ■ ·
· ■ ■ 2 ■ · ■ 18 ■ 18 ■ · ■ 1 ■ · ■
■ · ■ ■ 1 ■ · ■ ■ ■ 3 ■ · ■ · ■ ■
· ■ · ■ ■ ■ ■ ■ 2 ■ ■ · ■ · ■ ■ ·
■ · ■ · ■ · ■ · ■ · ■ · ■ ■ · · ■
· ■ · ■ ■ · ■ ■ A ■ 4 ■ · ■ ■ ■ ■
■ ■ ■ ■ 4 ■ ■ · ■ · ■ 3 ■ · · · ·
· · ■ · ■ · ■ ■ 2 ■ 8 ■ · ■ ■ ■ ■
■ ■ · ■ · ■ · ■ ■ · ■ · ■ · · ■ ·
· · ■ 6 ■ ■ · · · ■ · ■ · ■ · · ■
■ · ■ · ■ ■ · ■ · ■ · ■ · 2 ■ ■ ·
· ■ ■ ■ · · ■ · ■ · ■ · ■ ■ · ■ ■
■ · ■ · ■ ■ 3 ■ 5 ■ ■ ■ ■ · ■ ■ ·
· ■ ■ · ■ 3 ■ · ■ · ■ · 2 ■ · ■ ■
■ · ■ ■ · ■ 5 ■ 7 ■ ■ ■ ■ ■ ■ · ·
· · ■ · ■ · ■ · ■ ■ · · ■ · ■ ■ ■
■ ■ · ■ · ■ · ■ 1 ■ ■ ■ ■ · ■ · ■
· · · ■ · ■ 2 ■ ■ ■ · ■ 1 ■ · ■ ·
· ■ ■ 2 ■ · ■ 18 ■ 18 ■ · ■ 1 ■ · ■
■ · ■ ■ 1 ■ · ■ ■ ■ 3 ■ · ■ · ■ ■
· ■ · ■ ■ ■ ■ ■ 2 ■ ■ · ■ · ■ ■ ·
■ · ■ · ■ · ■ · ■ · ■ · ■ ■ · · ■
· ■ · ■ ■ · ■ ■ A ■ 4 ■ · ■ ■ ■ ■
■ ■ ■ ■ 4 ■ ■ · ■ · ■ 3 ■ · · · ·
· · ■ · ■ · ■ ■ 2 ■ 8 ■ · ■ ■ ■ ■
■ ■ · ■ · ■ · ■ ■ · ■ · ■ · · ■ ·
· · ■ 6 ■ ■ · · · ■ · ■ · ■ · · ■
# Number of solutions found: 10
# CPU time: 19.48 s
================================= 90 =================================
# Encoding time: 6.965 s
· ■ · ■ 3 ■ ■ · ■ 3 ■ · ■ · ■ 6 ■ · · ■
■ · ■ · ■ 4 · ■ · ■ · ■ ■ ■ · ■ · ■ ■ ·
· ■ 3 ■ ■ ■ ■ 5 ■ ■ · ■ · · ■ · ■ 2 ■ ·
■ · ■ · · ■ · ■ ■ · ■ 5 ■ ■ ■ ■ · ■ 2 ■
· ■ · · ■ 4 ■ · 5 ■ · ■ · ■ · 4 ■ · ■ ■
■ 2 ■ ■ · ■ · ■ ■ · ■ · ■ 5 ■ ■ · ■ ■ ·
· ■ · ■ · · ■ ■ · ■ · ■ · ■ · · ■ · · ■
· · ■ 3 ■ ■ · ■ · ■ ■ A ■ · ■ · ■ ■ ■ 6
■ ■ ■ ■ ■ 3 ■ · ■ ■ · ■ ■ · · ■ 5 ■ · ■
· ■ · ■ · ■ · · ■ 4 ■ ■ 4 ■ ■ · ■ · ■ ·
■ · ■ ■ ■ 3 ■ ■ · ■ · · ■ · ■ ■ ■ ■ 5 ■
· ■ ■ B ■ ■ · ■ A ■ · ■ · ■ ■ · · · ■ ·
■ 4 ■ ■ ■ · ■ ■ · ■ · ■ ■ ■ · ■ ■ ■ · ■
· ■ · ■ · ■ · · ■ · · ■ · · ■ · · ■ ■ ·
■ 1 ■ · ■ · ■ ■ · ■ ■ · ■ ■ · ■ ■ · · ■
· ■ · ■ · ■ ■ 2 ■ ■ 13 ■ ■ · ■ 4 ■ ■ ■ ·
■ · ■ · ■ ■ · ■ · ■ ■ · ■ ■ · ■ · · ■ ·
· ■ · ■ · ■ ■ · ■ · · ■ 3 · ■ · ■ · ■ ■
■ · ■ 2 ■ ■ · ■ ■ ■ ■ · ■ ■ ■ · ■ ■ 1B ■
· ■ · ■ ■ · ■ · · ■ · ■ ■ · · · ■ · ■ ·
· ■ · ■ 3 ■ ■ · ■ 3 ■ · ■ · ■ 6 ■ · · ■
■ · ■ · ■ 4 · ■ · ■ · ■ ■ ■ · ■ · ■ ■ ·
· ■ 3 ■ ■ ■ ■ 5 ■ ■ · ■ · · ■ · ■ 2 ■ ·
■ · ■ · · ■ · ■ ■ · ■ 5 ■ ■ ■ ■ · ■ 2 ■
· ■ · · ■ 4 ■ · 5 ■ · ■ · ■ · 4 ■ · ■ ■
■ 2 ■ ■ · ■ · ■ ■ · ■ · ■ 5 ■ ■ · ■ ■ ·
· ■ · ■ · · ■ ■ · ■ · ■ · ■ · · ■ · · ■
· · ■ 3 ■ ■ · ■ · ■ ■ A ■ · ■ · ■ ■ ■ 6
■ ■ ■ ■ ■ 3 ■ · ■ ■ · ■ ■ · · ■ 5 ■ · ■
· ■ · ■ · ■ · · ■ 4 ■ ■ 4 ■ ■ · ■ · ■ ·
■ · ■ ■ ■ 3 ■ ■ · ■ · · ■ · ■ ■ ■ ■ 5 ■
· ■ ■ B ■ ■ · ■ A ■ · ■ · ■ ■ · · · ■ ·
■ 4 ■ ■ ■ · ■ ■ · ■ · ■ ■ ■ · ■ ■ ■ · ■
· ■ · ■ · ■ · · ■ · · ■ · · ■ · · ■ ■ ·
■ 1 ■ · ■ · ■ ■ · ■ ■ · ■ ■ · ■ ■ · · ■
· ■ · ■ · ■ ■ 2 ■ ■ 13 ■ ■ · ■ 4 ■ ■ ■ ·
■ · ■ · ■ ■ · ■ · ■ ■ · ■ ■ · ■ · · ■ ·
· ■ · ■ · ■ ■ · ■ · · ■ 3 · ■ · ■ · ■ ■
■ · ■ 2 ■ ■ · ■ ■ ■ ■ · ■ ■ ■ · ■ ■ 1B ■
· ■ · ■ ■ · ■ · · ■ · ■ ■ · · · ■ · ■ ·
· ■ · ■ 3 ■ ■ · ■ 3 ■ · ■ · ■ 6 ■ · · ■
■ · ■ · ■ 4 · ■ · ■ · ■ ■ ■ · ■ · ■ ■ ·
· ■ 3 ■ ■ ■ ■ 5 ■ ■ · ■ · · ■ · ■ 2 ■ ·
■ · ■ · · ■ · ■ ■ · ■ 5 ■ ■ ■ ■ · ■ 2 ■
· ■ · · ■ 4 ■ · 5 ■ · ■ · ■ · 4 ■ · ■ ■
■ 2 ■ ■ · ■ · ■ ■ · ■ · ■ 5 ■ ■ · ■ ■ ·
· ■ · ■ · · ■ ■ · ■ · ■ · ■ · · ■ · · ■
· · ■ 3 ■ ■ · ■ · ■ ■ A ■ · ■ · ■ ■ ■ 6
■ ■ ■ ■ ■ 3 ■ · ■ ■ · ■ ■ · · ■ 5 ■ · ■
· ■ · ■ · ■ · · ■ 4 ■ ■ 4 ■ ■ · ■ · ■ ·
■ · ■ ■ ■ 3 ■ ■ · ■ · · ■ · ■ ■ ■ ■ 5 ■
· ■ ■ B ■ ■ · ■ A ■ · ■ · ■ ■ · · · ■ ·
■ 4 ■ ■ ■ · ■ ■ · ■ · ■ ■ ■ · ■ ■ ■ · ■
· ■ · ■ · ■ · · ■ · · ■ · · ■ · · ■ ■ ·
■ 1 ■ · ■ · ■ ■ · ■ ■ · ■ ■ · ■ ■ · · ■
· ■ · ■ · ■ ■ 2 ■ ■ 13 ■ ■ · ■ 4 ■ ■ ■ ·
■ · ■ · ■ ■ · ■ · ■ ■ · ■ ■ · ■ · · ■ ·
· ■ · ■ · ■ ■ · ■ · · ■ 3 · ■ · ■ · ■ ■
■ · ■ 2 ■ ■ · ■ ■ ■ ■ · ■ ■ ■ · ■ ■ 1B ■
· ■ · ■ ■ · ■ · · ■ · ■ ■ · · · ■ · ■ ·
· ■ · ■ 3 ■ ■ · ■ 3 ■ · ■ · ■ 6 ■ · · ■
■ · ■ · ■ 4 · ■ · ■ · ■ ■ ■ · ■ · ■ ■ ·
· ■ 3 ■ ■ ■ ■ 5 ■ ■ · ■ · · ■ · ■ 2 ■ ·
■ · ■ · · ■ · ■ ■ · ■ 5 ■ ■ ■ ■ · ■ 2 ■
· ■ · · ■ 4 ■ · 5 ■ · ■ · ■ · 4 ■ · ■ ■
■ 2 ■ ■ · ■ · ■ ■ · ■ · ■ 5 ■ ■ · ■ ■ ·
· ■ · ■ · · ■ ■ · ■ · ■ · ■ · · ■ · · ■
· · ■ 3 ■ ■ · ■ · ■ ■ A ■ · ■ · ■ ■ ■ 6
■ ■ ■ ■ ■ 3 ■ · ■ ■ · ■ ■ · · ■ 5 ■ · ■
· ■ · ■ · ■ · · ■ 4 ■ ■ 4 ■ ■ · ■ · ■ ·
■ · ■ ■ ■ 3 ■ ■ · ■ · · ■ · ■ ■ ■ ■ 5 ■
· ■ ■ B ■ ■ · ■ A ■ · ■ · ■ ■ · · · ■ ·
■ 4 ■ ■ ■ · ■ ■ · ■ · ■ ■ ■ · ■ ■ ■ · ■
· ■ · ■ · ■ · · ■ · · ■ · · ■ · · ■ ■ ·
■ 1 ■ · ■ · ■ ■ · ■ ■ · ■ ■ · ■ ■ · · ■
· ■ · ■ · ■ ■ 2 ■ ■ 13 ■ ■ · ■ 4 ■ ■ ■ ·
■ · ■ · ■ ■ · ■ · ■ ■ · ■ ■ · ■ · · ■ ·
· ■ · ■ · ■ ■ · ■ · · ■ 3 · ■ · ■ · ■ ■
■ · ■ 2 ■ ■ · ■ ■ ■ ■ · ■ ■ ■ · ■ ■ 1B ■
· ■ · ■ ■ · ■ · · ■ · ■ ■ · · · ■ · ■ ·
· ■ · ■ 3 ■ ■ · ■ 3 ■ · ■ · ■ 6 ■ · · ■
■ · ■ · ■ 4 · ■ · ■ · ■ ■ ■ · ■ · ■ ■ ·
· ■ 3 ■ ■ ■ ■ 5 ■ ■ · ■ · · ■ · ■ 2 ■ ·
■ · ■ · · ■ · ■ ■ · ■ 5 ■ ■ ■ ■ · ■ 2 ■
· ■ · · ■ 4 ■ · 5 ■ · ■ · ■ · 4 ■ · ■ ■
■ 2 ■ ■ · ■ · ■ ■ · ■ · ■ 5 ■ ■ · ■ ■ ·
· ■ · ■ · · ■ ■ · ■ · ■ · ■ · · ■ · · ■
· · ■ 3 ■ ■ · ■ · ■ ■ A ■ · ■ · ■ ■ ■ 6
■ ■ ■ ■ ■ 3 ■ · ■ ■ · ■ ■ · · ■ 5 ■ · ■
· ■ · ■ · ■ · · ■ 4 ■ ■ 4 ■ ■ · ■ · ■ ·
■ · ■ ■ ■ 3 ■ ■ · ■ · · ■ · ■ ■ ■ ■ 5 ■
· ■ ■ B ■ ■ · ■ A ■ · ■ · ■ ■ · · · ■ ·
■ 4 ■ ■ ■ · ■ ■ · ■ · ■ ■ ■ · ■ ■ ■ · ■
· ■ · ■ · ■ · · ■ · · ■ · · ■ · · ■ ■ ·
■ 1 ■ · ■ · ■ ■ · ■ ■ · ■ ■ · ■ ■ · · ■
· ■ · ■ · ■ ■ 2 ■ ■ 13 ■ ■ · ■ 4 ■ ■ ■ ·
■ · ■ · ■ ■ · ■ · ■ ■ · ■ ■ · ■ · · ■ ·
· ■ · ■ · ■ ■ · ■ · · ■ 3 · ■ · ■ · ■ ■
■ · ■ 2 ■ ■ · ■ ■ ■ ■ · ■ ■ ■ · ■ ■ 1B ■
· ■ · ■ ■ · ■ · · ■ · ■ ■ · · · ■ · ■ ·
· ■ · ■ 3 ■ ■ · ■ 3 ■ · ■ · ■ 6 ■ · · ■
■ · ■ · ■ 4 · ■ · ■ · ■ ■ ■ · ■ · ■ ■ ·
· ■ 3 ■ ■ ■ ■ 5 ■ ■ · ■ · · ■ · ■ 2 ■ ·
■ · ■ · · ■ · ■ ■ · ■ 5 ■ ■ ■ ■ · ■ 2 ■
· ■ · · ■ 4 ■ · 5 ■ · ■ · ■ · 4 ■ · ■ ■
■ 2 ■ ■ · ■ · ■ ■ · ■ · ■ 5 ■ ■ · ■ ■ ·
· ■ · ■ · · ■ ■ · ■ · ■ · ■ · · ■ · · ■
· · ■ 3 ■ ■ · ■ · ■ ■ A ■ · ■ · ■ ■ ■ 6
■ ■ ■ ■ ■ 3 ■ · ■ ■ · ■ ■ · · ■ 5 ■ · ■
· ■ · ■ · ■ · · ■ 4 ■ ■ 4 ■ ■ · ■ · ■ ·
■ · ■ ■ ■ 3 ■ ■ · ■ · · ■ · ■ ■ ■ ■ 5 ■
· ■ ■ B ■ ■ · ■ A ■ · ■ · ■ ■ · · · ■ ·
■ 4 ■ ■ ■ · ■ ■ · ■ · ■ ■ ■ · ■ ■ ■ · ■
· ■ · ■ · ■ · · ■ · · ■ · · ■ · · ■ ■ ·
■ 1 ■ · ■ · ■ ■ · ■ ■ · ■ ■ · ■ ■ · · ■
· ■ · ■ · ■ ■ 2 ■ ■ 13 ■ ■ · ■ 4 ■ ■ ■ ·
■ · ■ · ■ ■ · ■ · ■ ■ · ■ ■ · ■ · · ■ ·
· ■ · ■ · ■ ■ · ■ · · ■ 3 · ■ · ■ · ■ ■
■ · ■ 2 ■ ■ · ■ ■ ■ ■ · ■ ■ ■ · ■ ■ 1B ■
· ■ · ■ ■ · ■ · · ■ · ■ ■ · · · ■ · ■ ·
· ■ · ■ 3 ■ ■ · ■ 3 ■ · ■ · ■ 6 ■ · · ■
■ · ■ · ■ 4 · ■ · ■ · ■ ■ ■ · ■ · ■ ■ ·
· ■ 3 ■ ■ ■ ■ 5 ■ ■ · ■ · · ■ · ■ 2 ■ ·
■ · ■ · · ■ · ■ ■ · ■ 5 ■ ■ ■ ■ · ■ 2 ■
· ■ · · ■ 4 ■ · 5 ■ · ■ · ■ · 4 ■ · ■ ■
■ 2 ■ ■ · ■ · ■ ■ · ■ · ■ 5 ■ ■ · ■ ■ ·
· ■ · ■ · · ■ ■ · ■ · ■ · ■ · · ■ · · ■
· · ■ 3 ■ ■ · ■ · ■ ■ A ■ · ■ · ■ ■ ■ 6
■ ■ ■ ■ ■ 3 ■ · ■ ■ · ■ ■ · · ■ 5 ■ · ■
· ■ · ■ · ■ · · ■ 4 ■ ■ 4 ■ ■ · ■ · ■ ·
■ · ■ ■ ■ 3 ■ ■ · ■ · · ■ · ■ ■ ■ ■ 5 ■
· ■ ■ B ■ ■ · ■ A ■ · ■ · ■ ■ · · · ■ ·
■ 4 ■ ■ ■ · ■ ■ · ■ · ■ ■ ■ · ■ ■ ■ · ■
· ■ · ■ · ■ · · ■ · · ■ · · ■ · · ■ ■ ·
■ 1 ■ · ■ · ■ ■ · ■ ■ · ■ ■ · ■ ■ · · ■
· ■ · ■ · ■ ■ 2 ■ ■ 13 ■ ■ · ■ 4 ■ ■ ■ ·
■ · ■ · ■ ■ · ■ · ■ ■ · ■ ■ · ■ · · ■ ·
· ■ · ■ · ■ ■ · ■ · · ■ 3 · ■ · ■ · ■ ■
■ · ■ 2 ■ ■ · ■ ■ ■ ■ · ■ ■ ■ · ■ ■ 1B ■
· ■ · ■ ■ · ■ · · ■ · ■ ■ · · · ■ · ■ ·
· ■ · ■ 3 ■ ■ · ■ 3 ■ · ■ · ■ 6 ■ · · ■
■ · ■ · ■ 4 · ■ · ■ · ■ ■ ■ · ■ · ■ ■ ·
· ■ 3 ■ ■ ■ ■ 5 ■ ■ · ■ · · ■ · ■ 2 ■ ·
■ · ■ · · ■ · ■ ■ · ■ 5 ■ ■ ■ ■ · ■ 2 ■
· ■ · · ■ 4 ■ · 5 ■ · ■ · ■ · 4 ■ · ■ ■
■ 2 ■ ■ · ■ · ■ ■ · ■ · ■ 5 ■ ■ · ■ ■ ·
· ■ · ■ · · ■ ■ · ■ · ■ · ■ · · ■ · · ■
· · ■ 3 ■ ■ · ■ · ■ ■ A ■ · ■ · ■ ■ ■ 6
■ ■ ■ ■ ■ 3 ■ · ■ ■ · ■ ■ · · ■ 5 ■ · ■
· ■ · ■ · ■ · · ■ 4 ■ ■ 4 ■ ■ · ■ · ■ ·
■ · ■ ■ ■ 3 ■ ■ · ■ · · ■ · ■ ■ ■ ■ 5 ■
· ■ ■ B ■ ■ · ■ A ■ · ■ · ■ ■ · · · ■ ·
■ 4 ■ ■ ■ · ■ ■ · ■ · ■ ■ ■ · ■ ■ ■ · ■
· ■ · ■ · ■ · · ■ · · ■ · · ■ · · ■ ■ ·
■ 1 ■ · ■ · ■ ■ · ■ ■ · ■ ■ · ■ ■ · · ■
· ■ · ■ · ■ ■ 2 ■ ■ 13 ■ ■ · ■ 4 ■ ■ ■ ·
■ · ■ · ■ ■ · ■ · ■ ■ · ■ ■ · ■ · · ■ ·
· ■ · ■ · ■ ■ · ■ · · ■ 3 · ■ · ■ · ■ ■
■ · ■ 2 ■ ■ · ■ ■ ■ ■ · ■ ■ ■ · ■ ■ 1B ■
· ■ · ■ ■ · ■ · · ■ · ■ ■ · · · ■ · ■ ·
· ■ · ■ 3 ■ ■ · ■ 3 ■ · ■ · ■ 6 ■ · · ■
■ · ■ · ■ 4 · ■ · ■ · ■ ■ ■ · ■ · ■ ■ ·
· ■ 3 ■ ■ ■ ■ 5 ■ ■ · ■ · · ■ · ■ 2 ■ ·
■ · ■ · · ■ · ■ ■ · ■ 5 ■ ■ ■ ■ · ■ 2 ■
· ■ · · ■ 4 ■ · 5 ■ · ■ · ■ · 4 ■ · ■ ■
■ 2 ■ ■ · ■ · ■ ■ · ■ · ■ 5 ■ ■ · ■ ■ ·
· ■ · ■ · · ■ ■ · ■ · ■ · ■ · · ■ · · ■
· · ■ 3 ■ ■ · ■ · ■ ■ A ■ · ■ · ■ ■ ■ 6
■ ■ ■ ■ ■ 3 ■ · ■ ■ · ■ ■ · · ■ 5 ■ · ■
· ■ · ■ · ■ · · ■ 4 ■ ■ 4 ■ ■ · ■ · ■ ·
■ · ■ ■ ■ 3 ■ ■ · ■ · · ■ · ■ ■ ■ ■ 5 ■
· ■ ■ B ■ ■ · ■ A ■ · ■ · ■ ■ · · · ■ ·
■ 4 ■ ■ ■ · ■ ■ · ■ · ■ ■ ■ · ■ ■ ■ · ■
· ■ · ■ · ■ · · ■ · · ■ · · ■ · · ■ ■ ·
■ 1 ■ · ■ · ■ ■ · ■ ■ · ■ ■ · ■ ■ · · ■
· ■ · ■ · ■ ■ 2 ■ ■ 13 ■ ■ · ■ 4 ■ ■ ■ ·
■ · ■ · ■ ■ · ■ · ■ ■ · ■ ■ · ■ · · ■ ·
· ■ · ■ · ■ ■ · ■ · · ■ 3 · ■ · ■ · ■ ■
■ · ■ 2 ■ ■ · ■ ■ ■ ■ · ■ ■ ■ · ■ ■ 1B ■
· ■ · ■ ■ · ■ · · ■ · ■ ■ · · · ■ · ■ ·
· ■ · ■ 3 ■ ■ · ■ 3 ■ · ■ · ■ 6 ■ · · ■
■ · ■ · ■ 4 · ■ · ■ · ■ ■ ■ · ■ · ■ ■ ·
· ■ 3 ■ ■ ■ ■ 5 ■ ■ · ■ · · ■ · ■ 2 ■ ·
■ · ■ · · ■ · ■ ■ · ■ 5 ■ ■ ■ ■ · ■ 2 ■
· ■ · · ■ 4 ■ · 5 ■ · ■ · ■ · 4 ■ · ■ ■
■ 2 ■ ■ · ■ · ■ ■ · ■ · ■ 5 ■ ■ · ■ ■ ·
· ■ · ■ · · ■ ■ · ■ · ■ · ■ · · ■ · · ■
· · ■ 3 ■ ■ · ■ · ■ ■ A ■ · ■ · ■ ■ ■ 6
■ ■ ■ ■ ■ 3 ■ · ■ ■ · ■ ■ · · ■ 5 ■ · ■
· ■ · ■ · ■ · · ■ 4 ■ ■ 4 ■ ■ · ■ · ■ ·
■ · ■ ■ ■ 3 ■ ■ · ■ · · ■ · ■ ■ ■ ■ 5 ■
· ■ ■ B ■ ■ · ■ A ■ · ■ · ■ ■ · · · ■ ·
■ 4 ■ ■ ■ · ■ ■ · ■ · ■ ■ ■ · ■ ■ ■ · ■
· ■ · ■ · ■ · · ■ · · ■ · · ■ · · ■ ■ ·
■ 1 ■ · ■ · ■ ■ · ■ ■ · ■ ■ · ■ ■ · · ■
· ■ · ■ · ■ ■ 2 ■ ■ 13 ■ ■ · ■ 4 ■ ■ ■ ·
■ · ■ · ■ ■ · ■ · ■ ■ · ■ ■ · ■ · · ■ ·
· ■ · ■ · ■ ■ · ■ · · ■ 3 · ■ · ■ · ■ ■
■ · ■ 2 ■ ■ · ■ ■ ■ ■ · ■ ■ ■ · ■ ■ 1B ■
· ■ · ■ ■ · ■ · · ■ · ■ ■ · · · ■ · ■ ·
# Number of solutions found: 10
# CPU time: 20.42 s
================================= 91 =================================
Caught Command '['python3', 'nurikabe.py', '-s10', '-p', '91']' timed out after 60 seconds
================================= 92 =================================
# Encoding time: 2.244 s
■ · ■ · · · ■ 8 ■ · ■ ·
· ■ · ■ · ■ ■ ■ 1 ■ ■ ■
· ■ 6 ■ ■ · · ■ ■ · · ·
■ · ■ 4 ■ ■ ■ 4 ■ ■ ■ ■
■ · ■ ■ ■ · ■ ■ · ■ 6 ■
· ■ · ■ · ■ · ■ ■ · ■ 4
■ 2 ■ · ■ · ■ · ■ ■ · ■
■ ■ 1 ■ · ■ 2 ■ · ■ · ■
4 · ■ 1 ■ · ■ 5 ■ · ■ ·
■ ■ ■ ■ 6 ■ · ■ · ■ ■ ■
■ · · ■ ■ · ■ · ■ 2 ■ ·
· ■ ■ · ■ ■ ■ ■ · ■ 5 ■
■ · ■ · · · ■ 8 ■ · ■ ·
· ■ · ■ · ■ ■ ■ 1 ■ ■ ■
· ■ 6 ■ ■ · · ■ ■ · · ·
■ · ■ 4 ■ ■ ■ 4 ■ ■ ■ ■
■ · ■ ■ ■ · ■ ■ · ■ 6 ■
· ■ · ■ · ■ · ■ ■ · ■ 4
■ 2 ■ · ■ · ■ · ■ ■ · ■
■ ■ 1 ■ · ■ 2 ■ · ■ · ■
4 · ■ 1 ■ · ■ 5 ■ · ■ ·
■ ■ ■ ■ 6 ■ · ■ · ■ ■ ■
■ · · ■ ■ · ■ · ■ 2 ■ ·
· ■ ■ · ■ ■ ■ ■ · ■ 5 ■
■ · ■ · · · ■ 8 ■ · ■ ·
· ■ · ■ · ■ ■ ■ 1 ■ ■ ■
· ■ 6 ■ ■ · · ■ ■ · · ·
■ · ■ 4 ■ ■ ■ 4 ■ ■ ■ ■
■ · ■ ■ ■ · ■ ■ · ■ 6 ■
· ■ · ■ · ■ · ■ ■ · ■ 4
■ 2 ■ · ■ · ■ · ■ ■ · ■
■ ■ 1 ■ · ■ 2 ■ · ■ · ■
4 · ■ 1 ■ · ■ 5 ■ · ■ ·
■ ■ ■ ■ 6 ■ · ■ · ■ ■ ■
■ · · ■ ■ · ■ · ■ 2 ■ ·
· ■ ■ · ■ ■ ■ ■ · ■ 5 ■
■ · ■ · · · ■ 8 ■ · ■ ·
· ■ · ■ · ■ ■ ■ 1 ■ ■ ■
· ■ 6 ■ ■ · · ■ ■ · · ·
■ · ■ 4 ■ ■ ■ 4 ■ ■ ■ ■
■ · ■ ■ ■ · ■ ■ · ■ 6 ■
· ■ · ■ · ■ · ■ ■ · ■ 4
■ 2 ■ · ■ · ■ · ■ ■ · ■
■ ■ 1 ■ · ■ 2 ■ · ■ · ■
4 · ■ 1 ■ · ■ 5 ■ · ■ ·
■ ■ ■ ■ 6 ■ · ■ · ■ ■ ■
■ · · ■ ■ · ■ · ■ 2 ■ ·
· ■ ■ · ■ ■ ■ ■ · ■ 5 ■
■ · ■ · · · ■ 8 ■ · ■ ·
· ■ · ■ · ■ ■ ■ 1 ■ ■ ■
· ■ 6 ■ ■ · · ■ ■ · · ·
■ · ■ 4 ■ ■ ■ 4 ■ ■ ■ ■
■ · ■ ■ ■ · ■ ■ · ■ 6 ■
· ■ · ■ · ■ · ■ ■ · ■ 4
■ 2 ■ · ■ · ■ · ■ ■ · ■
■ ■ 1 ■ · ■ 2 ■ · ■ · ■
4 · ■ 1 ■ · ■ 5 ■ · ■ ·
■ ■ ■ ■ 6 ■ · ■ · ■ ■ ■
■ · · ■ ■ · ■ · ■ 2 ■ ·
· ■ ■ · ■ ■ ■ ■ · ■ 5 ■
■ · ■ · · · ■ 8 ■ · ■ ·
· ■ · ■ · ■ ■ ■ 1 ■ ■ ■
· ■ 6 ■ ■ · · ■ ■ · · ·
■ · ■ 4 ■ ■ ■ 4 ■ ■ ■ ■
■ · ■ ■ ■ · ■ ■ · ■ 6 ■
· ■ · ■ · ■ · ■ ■ · ■ 4
■ 2 ■ · ■ · ■ · ■ ■ · ■
■ ■ 1 ■ · ■ 2 ■ · ■ · ■
4 · ■ 1 ■ · ■ 5 ■ · ■ ·
■ ■ ■ ■ 6 ■ · ■ · ■ ■ ■
■ · · ■ ■ · ■ · ■ 2 ■ ·
· ■ ■ · ■ ■ ■ ■ · ■ 5 ■
■ · ■ · · · ■ 8 ■ · ■ ·
· ■ · ■ · ■ ■ ■ 1 ■ ■ ■
· ■ 6 ■ ■ · · ■ ■ · · ·
■ · ■ 4 ■ ■ ■ 4 ■ ■ ■ ■
■ · ■ ■ ■ · ■ ■ · ■ 6 ■
· ■ · ■ · ■ · ■ ■ · ■ 4
■ 2 ■ · ■ · ■ · ■ ■ · ■
■ ■ 1 ■ · ■ 2 ■ · ■ · ■
4 · ■ 1 ■ · ■ 5 ■ · ■ ·
■ ■ ■ ■ 6 ■ · ■ · ■ ■ ■
■ · · ■ ■ · ■ · ■ 2 ■ ·
· ■ ■ · ■ ■ ■ ■ · ■ 5 ■
■ · ■ · · · ■ 8 ■ · ■ ·
· ■ · ■ · ■ ■ ■ 1 ■ ■ ■
· ■ 6 ■ ■ · · ■ ■ · · ·
■ · ■ 4 ■ ■ ■ 4 ■ ■ ■ ■
■ · ■ ■ ■ · ■ ■ · ■ 6 ■
· ■ · ■ · ■ · ■ ■ · ■ 4
■ 2 ■ · ■ · ■ · ■ ■ · ■
■ ■ 1 ■ · ■ 2 ■ · ■ · ■
4 · ■ 1 ■ · ■ 5 ■ · ■ ·
■ ■ ■ ■ 6 ■ · ■ · ■ ■ ■
■ · · ■ ■ · ■ · ■ 2 ■ ·
· ■ ■ · ■ ■ ■ ■ · ■ 5 ■
■ · ■ · · · ■ 8 ■ · ■ ·
· ■ · ■ · ■ ■ ■ 1 ■ ■ ■
· ■ 6 ■ ■ · · ■ ■ · · ·
■ · ■ 4 ■ ■ ■ 4 ■ ■ ■ ■
■ · ■ ■ ■ · ■ ■ · ■ 6 ■
· ■ · ■ · ■ · ■ ■ · ■ 4
■ 2 ■ · ■ · ■ · ■ ■ · ■
■ ■ 1 ■ · ■ 2 ■ · ■ · ■
4 · ■ 1 ■ · ■ 5 ■ · ■ ·
■ ■ ■ ■ 6 ■ · ■ · ■ ■ ■
■ · · ■ ■ · ■ · ■ 2 ■ ·
· ■ ■ · ■ ■ ■ ■ · ■ 5 ■
■ · ■ · · · ■ 8 ■ · ■ ·
· ■ · ■ · ■ ■ ■ 1 ■ ■ ■
· ■ 6 ■ ■ · · ■ ■ · · ·
■ · ■ 4 ■ ■ ■ 4 ■ ■ ■ ■
■ · ■ ■ ■ · ■ ■ · ■ 6 ■
· ■ · ■ · ■ · ■ ■ · ■ 4
■ 2 ■ · ■ · ■ · ■ ■ · ■
■ ■ 1 ■ · ■ 2 ■ · ■ · ■
4 · ■ 1 ■ · ■ 5 ■ · ■ ·
■ ■ ■ ■ 6 ■ · ■ · ■ ■ ■
■ · · ■ ■ · ■ · ■ 2 ■ ·
· ■ ■ · ■ ■ ■ ■ · ■ 5 ■
# Number of solutions found: 10
# CPU time: 3.876 s
================================= 93 =================================
# Encoding time: 0.9705 s
■ · ■ 7 ■ · ■ · ■ ·
· ■ 6 ■ · ■ · ■ ■ ·
■ · ■ · ■ 1 ■ ■ · ■
3 ■ · ■ 5 ■ ■ · ■ ·
■ ■ ■ · ■ · · ■ ■ ■
■ · · ■ · ■ ■ ■ · ■
· ■ ■ · ■ 3 ■ · ■ 6
· · ■ ■ 7 ■ · ■ · ■
■ · ■ · ■ · ■ 2 ■ ■
· ■ · · ■ ■ 5 ■ ■ ·
■ · ■ 7 ■ · ■ · ■ ·
· ■ 6 ■ · ■ · ■ ■ ·
■ · ■ · ■ 1 ■ ■ · ■
3 ■ · ■ 5 ■ ■ · ■ ·
■ ■ ■ · ■ · · ■ ■ ■
■ · · ■ · ■ ■ ■ · ■
· ■ ■ · ■ 3 ■ · ■ 6
· · ■ ■ 7 ■ · ■ · ■
■ · ■ · ■ · ■ 2 ■ ■
· ■ · · ■ ■ 5 ■ ■ ·
■ · ■ 7 ■ · ■ · ■ ·
· ■ 6 ■ · ■ · ■ ■ ·
■ · ■ · ■ 1 ■ ■ · ■
3 ■ · ■ 5 ■ ■ · ■ ·
■ ■ ■ · ■ · · ■ ■ ■
■ · · ■ · ■ ■ ■ · ■
· ■ ■ · ■ 3 ■ · ■ 6
· · ■ ■ 7 ■ · ■ · ■
■ · ■ · ■ · ■ 2 ■ ■
· ■ · · ■ ■ 5 ■ ■ ·
■ · ■ 7 ■ · ■ · ■ ·
· ■ 6 ■ · ■ · ■ ■ ·
■ · ■ · ■ 1 ■ ■ · ■
3 ■ · ■ 5 ■ ■ · ■ ·
■ ■ ■ · ■ · · ■ ■ ■
■ · · ■ · ■ ■ ■ · ■
· ■ ■ · ■ 3 ■ · ■ 6
· · ■ ■ 7 ■ · ■ · ■
■ · ■ · ■ · ■ 2 ■ ■
· ■ · · ■ ■ 5 ■ ■ ·
■ · ■ 7 ■ · ■ · ■ ·
· ■ 6 ■ · ■ · ■ ■ ·
■ · ■ · ■ 1 ■ ■ · ■
3 ■ · ■ 5 ■ ■ · ■ ·
■ ■ ■ · ■ · · ■ ■ ■
■ · · ■ · ■ ■ ■ · ■
· ■ ■ · ■ 3 ■ · ■ 6
· · ■ ■ 7 ■ · ■ · ■
■ · ■ · ■ · ■ 2 ■ ■
· ■ · · ■ ■ 5 ■ ■ ·
■ · ■ 7 ■ · ■ · ■ ·
· ■ 6 ■ · ■ · ■ ■ ·
■ · ■ · ■ 1 ■ ■ · ■
3 ■ · ■ 5 ■ ■ · ■ ·
■ ■ ■ · ■ · · ■ ■ ■
■ · · ■ · ■ ■ ■ · ■
· ■ ■ · ■ 3 ■ · ■ 6
· · ■ ■ 7 ■ · ■ · ■
■ · ■ · ■ · ■ 2 ■ ■
· ■ · · ■ ■ 5 ■ ■ ·
■ · ■ 7 ■ · ■ · ■ ·
· ■ 6 ■ · ■ · ■ ■ ·
■ · ■ · ■ 1 ■ ■ · ■
3 ■ · ■ 5 ■ ■ · ■ ·
■ ■ ■ · ■ · · ■ ■ ■
■ · · ■ · ■ ■ ■ · ■
· ■ ■ · ■ 3 ■ · ■ 6
· · ■ ■ 7 ■ · ■ · ■
■ · ■ · ■ · ■ 2 ■ ■
· ■ · · ■ ■ 5 ■ ■ ·
■ · ■ 7 ■ · ■ · ■ ·
· ■ 6 ■ · ■ · ■ ■ ·
■ · ■ · ■ 1 ■ ■ · ■
3 ■ · ■ 5 ■ ■ · ■ ·
■ ■ ■ · ■ · · ■ ■ ■
■ · · ■ · ■ ■ ■ · ■
· ■ ■ · ■ 3 ■ · ■ 6
· · ■ ■ 7 ■ · ■ · ■
■ · ■ · ■ · ■ 2 ■ ■
· ■ · · ■ ■ 5 ■ ■ ·
■ · ■ 7 ■ · ■ · ■ ·
· ■ 6 ■ · ■ · ■ ■ ·
■ · ■ · ■ 1 ■ ■ · ■
3 ■ · ■ 5 ■ ■ · ■ ·
■ ■ ■ · ■ · · ■ ■ ■
■ · · ■ · ■ ■ ■ · ■
· ■ ■ · ■ 3 ■ · ■ 6
· · ■ ■ 7 ■ · ■ · ■
■ · ■ · ■ · ■ 2 ■ ■
· ■ · · ■ ■ 5 ■ ■ ·
■ · ■ 7 ■ · ■ · ■ ·
· ■ 6 ■ · ■ · ■ ■ ·
■ · ■ · ■ 1 ■ ■ · ■
3 ■ · ■ 5 ■ ■ · ■ ·
■ ■ ■ · ■ · · ■ ■ ■
■ · · ■ · ■ ■ ■ · ■
· ■ ■ · ■ 3 ■ · ■ 6
· · ■ ■ 7 ■ · ■ · ■
■ · ■ · ■ · ■ 2 ■ ■
· ■ · · ■ ■ 5 ■ ■ ·
# Number of solutions found: 10
# CPU time: 1.643 s
================================= 94 =================================
# Encoding time: 1.161 s
· 4 · · ■ 4 ■ ■ 3 ■
■ ■ ■ ■ · ■ · ■ ■ ·
■ · · ■ · ■ ■ ■ 7 ■
1 ■ ■ 1 ■ ■ 1 ■ ■ ■
■ ■ · ■ · ■ ■ · · ·
· ■ · ■ ■ · · ■ ■ ■
■ 3 ■ ■ 4 ■ ■ ■ · ■
■ · ■ · ■ · · · ■ ■
3 ■ ■ ■ ■ ■ 5 ■ ■ ·
■ ■ · · ■ · ■ ■ 4 ■
· 4 · · ■ 4 ■ ■ 3 ■
■ ■ ■ ■ · ■ · ■ ■ ·
■ · · ■ · ■ ■ ■ 7 ■
1 ■ ■ 1 ■ ■ 1 ■ ■ ■
■ ■ · ■ · ■ ■ · · ·
· ■ · ■ ■ · · ■ ■ ■
■ 3 ■ ■ 4 ■ ■ ■ · ■
■ · ■ · ■ · · · ■ ■
3 ■ ■ ■ ■ ■ 5 ■ ■ ·
■ ■ · · ■ · ■ ■ 4 ■
· 4 · · ■ 4 ■ ■ 3 ■
■ ■ ■ ■ · ■ · ■ ■ ·
■ · · ■ · ■ ■ ■ 7 ■
1 ■ ■ 1 ■ ■ 1 ■ ■ ■
■ ■ · ■ · ■ ■ · · ·
· ■ · ■ ■ · · ■ ■ ■
■ 3 ■ ■ 4 ■ ■ ■ · ■
■ · ■ · ■ · · · ■ ■
3 ■ ■ ■ ■ ■ 5 ■ ■ ·
■ ■ · · ■ · ■ ■ 4 ■
· 4 · · ■ 4 ■ ■ 3 ■
■ ■ ■ ■ · ■ · ■ ■ ·
■ · · ■ · ■ ■ ■ 7 ■
1 ■ ■ 1 ■ ■ 1 ■ ■ ■
■ ■ · ■ · ■ ■ · · ·
· ■ · ■ ■ · · ■ ■ ■
■ 3 ■ ■ 4 ■ ■ ■ · ■
■ · ■ · ■ · · · ■ ■
3 ■ ■ ■ ■ ■ 5 ■ ■ ·
■ ■ · · ■ · ■ ■ 4 ■
· 4 · · ■ 4 ■ ■ 3 ■
■ ■ ■ ■ · ■ · ■ ■ ·
■ · · ■ · ■ ■ ■ 7 ■
1 ■ ■ 1 ■ ■ 1 ■ ■ ■
■ ■ · ■ · ■ ■ · · ·
· ■ · ■ ■ · · ■ ■ ■
■ 3 ■ ■ 4 ■ ■ ■ · ■
■ · ■ · ■ · · · ■ ■
3 ■ ■ ■ ■ ■ 5 ■ ■ ·
■ ■ · · ■ · ■ ■ 4 ■
· 4 · · ■ 4 ■ ■ 3 ■
■ ■ ■ ■ · ■ · ■ ■ ·
■ · · ■ · ■ ■ ■ 7 ■
1 ■ ■ 1 ■ ■ 1 ■ ■ ■
■ ■ · ■ · ■ ■ · · ·
· ■ · ■ ■ · · ■ ■ ■
■ 3 ■ ■ 4 ■ ■ ■ · ■
■ · ■ · ■ · · · ■ ■
3 ■ ■ ■ ■ ■ 5 ■ ■ ·
■ ■ · · ■ · ■ ■ 4 ■
· 4 · · ■ 4 ■ ■ 3 ■
■ ■ ■ ■ · ■ · ■ ■ ·
■ · · ■ · ■ ■ ■ 7 ■
1 ■ ■ 1 ■ ■ 1 ■ ■ ■
■ ■ · ■ · ■ ■ · · ·
· ■ · ■ ■ · · ■ ■ ■
■ 3 ■ ■ 4 ■ ■ ■ · ■
■ · ■ · ■ · · · ■ ■
3 ■ ■ ■ ■ ■ 5 ■ ■ ·
■ ■ · · ■ · ■ ■ 4 ■
· 4 · · ■ 4 ■ ■ 3 ■
■ ■ ■ ■ · ■ · ■ ■ ·
■ · · ■ · ■ ■ ■ 7 ■
1 ■ ■ 1 ■ ■ 1 ■ ■ ■
■ ■ · ■ · ■ ■ · · ·
· ■ · ■ ■ · · ■ ■ ■
■ 3 ■ ■ 4 ■ ■ ■ · ■
■ · ■ · ■ · · · ■ ■
3 ■ ■ ■ ■ ■ 5 ■ ■ ·
■ ■ · · ■ · ■ ■ 4 ■
· 4 · · ■ 4 ■ ■ 3 ■
■ ■ ■ ■ · ■ · ■ ■ ·
■ · · ■ · ■ ■ ■ 7 ■
1 ■ ■ 1 ■ ■ 1 ■ ■ ■
■ ■ · ■ · ■ ■ · · ·
· ■ · ■ ■ · · ■ ■ ■
■ 3 ■ ■ 4 ■ ■ ■ · ■
■ · ■ · ■ · · · ■ ■
3 ■ ■ ■ ■ ■ 5 ■ ■ ·
■ ■ · · ■ · ■ ■ 4 ■
· 4 · · ■ 4 ■ ■ 3 ■
■ ■ ■ ■ · ■ · ■ ■ ·
■ · · ■ · ■ ■ ■ 7 ■
1 ■ ■ 1 ■ ■ 1 ■ ■ ■
■ ■ · ■ · ■ ■ · · ·
· ■ · ■ ■ · · ■ ■ ■
■ 3 ■ ■ 4 ■ ■ ■ · ■
■ · ■ · ■ · · · ■ ■
3 ■ ■ ■ ■ ■ 5 ■ ■ ·
■ ■ · · ■ · ■ ■ 4 ■
# Number of solutions found: 10
# CPU time: 1.723 s
================================= 95 =================================
# Encoding time: 1.178 s
· ■ · · · ■ ■ · ■ ·
■ 6 ■ · ■ · · ■ 6 ·
· ■ 1 ■ · ■ ■ 1 ■ ·
■ · ■ 1 ■ · 5 ■ · ·
· ■ · ■ ■ ■ ■ · ■ ■
■ · ■ ■ · · ■ ■ ■ ·
· · ■ 5 ■ ■ 4 ■ · ■
■ ■ 1 ■ · · ■ 1 ■ ·
■ A ■ ■ · ■ · ■ A ·
· ■ · · ■ ■ · ■ · ·
· ■ · · · ■ ■ · ■ ·
■ 6 ■ · ■ · · ■ 6 ·
· ■ 1 ■ · ■ ■ 1 ■ ·
■ · ■ 1 ■ · 5 ■ · ·
· ■ · ■ ■ ■ ■ · ■ ■
■ · ■ ■ · · ■ ■ ■ ·
· · ■ 5 ■ ■ 4 ■ · ■
■ ■ 1 ■ · · ■ 1 ■ ·
■ A ■ ■ · ■ · ■ A ·
· ■ · · ■ ■ · ■ · ·
· ■ · · · ■ ■ · ■ ·
■ 6 ■ · ■ · · ■ 6 ·
· ■ 1 ■ · ■ ■ 1 ■ ·
■ · ■ 1 ■ · 5 ■ · ·
· ■ · ■ ■ ■ ■ · ■ ■
■ · ■ ■ · · ■ ■ ■ ·
· · ■ 5 ■ ■ 4 ■ · ■
■ ■ 1 ■ · · ■ 1 ■ ·
■ A ■ ■ · ■ · ■ A ·
· ■ · · ■ ■ · ■ · ·
· ■ · · · ■ ■ · ■ ·
■ 6 ■ · ■ · · ■ 6 ·
· ■ 1 ■ · ■ ■ 1 ■ ·
■ · ■ 1 ■ · 5 ■ · ·
· ■ · ■ ■ ■ ■ · ■ ■
■ · ■ ■ · · ■ ■ ■ ·
· · ■ 5 ■ ■ 4 ■ · ■
■ ■ 1 ■ · · ■ 1 ■ ·
■ A ■ ■ · ■ · ■ A ·
· ■ · · ■ ■ · ■ · ·
· ■ · · · ■ ■ · ■ ·
■ 6 ■ · ■ · · ■ 6 ·
· ■ 1 ■ · ■ ■ 1 ■ ·
■ · ■ 1 ■ · 5 ■ · ·
· ■ · ■ ■ ■ ■ · ■ ■
■ · ■ ■ · · ■ ■ ■ ·
· · ■ 5 ■ ■ 4 ■ · ■
■ ■ 1 ■ · · ■ 1 ■ ·
■ A ■ ■ · ■ · ■ A ·
· ■ · · ■ ■ · ■ · ·
· ■ · · · ■ ■ · ■ ·
■ 6 ■ · ■ · · ■ 6 ·
· ■ 1 ■ · ■ ■ 1 ■ ·
■ · ■ 1 ■ · 5 ■ · ·
· ■ · ■ ■ ■ ■ · ■ ■
■ · ■ ■ · · ■ ■ ■ ·
· · ■ 5 ■ ■ 4 ■ · ■
■ ■ 1 ■ · · ■ 1 ■ ·
■ A ■ ■ · ■ · ■ A ·
· ■ · · ■ ■ · ■ · ·
· ■ · · · ■ ■ · ■ ·
■ 6 ■ · ■ · · ■ 6 ·
· ■ 1 ■ · ■ ■ 1 ■ ·
■ · ■ 1 ■ · 5 ■ · ·
· ■ · ■ ■ ■ ■ · ■ ■
■ · ■ ■ · · ■ ■ ■ ·
· · ■ 5 ■ ■ 4 ■ · ■
■ ■ 1 ■ · · ■ 1 ■ ·
■ A ■ ■ · ■ · ■ A ·
· ■ · · ■ ■ · ■ · ·
· ■ · · · ■ ■ · ■ ·
■ 6 ■ · ■ · · ■ 6 ·
· ■ 1 ■ · ■ ■ 1 ■ ·
■ · ■ 1 ■ · 5 ■ · ·
· ■ · ■ ■ ■ ■ · ■ ■
■ · ■ ■ · · ■ ■ ■ ·
· · ■ 5 ■ ■ 4 ■ · ■
■ ■ 1 ■ · · ■ 1 ■ ·
■ A ■ ■ · ■ · ■ A ·
· ■ · · ■ ■ · ■ · ·
· ■ · · · ■ ■ · ■ ·
■ 6 ■ · ■ · · ■ 6 ·
· ■ 1 ■ · ■ ■ 1 ■ ·
■ · ■ 1 ■ · 5 ■ · ·
· ■ · ■ ■ ■ ■ · ■ ■
■ · ■ ■ · · ■ ■ ■ ·
· · ■ 5 ■ ■ 4 ■ · ■
■ ■ 1 ■ · · ■ 1 ■ ·
■ A ■ ■ · ■ · ■ A ·
· ■ · · ■ ■ · ■ · ·
· ■ · · · ■ ■ · ■ ·
■ 6 ■ · ■ · · ■ 6 ·
· ■ 1 ■ · ■ ■ 1 ■ ·
■ · ■ 1 ■ · 5 ■ · ·
· ■ · ■ ■ ■ ■ · ■ ■
■ · ■ ■ · · ■ ■ ■ ·
· · ■ 5 ■ ■ 4 ■ · ■
■ ■ 1 ■ · · ■ 1 ■ ·
■ A ■ ■ · ■ · ■ A ·
· ■ · · ■ ■ · ■ · ·
# Number of solutions found: 10
# CPU time: 2.431 s
================================= 96 =================================
# Encoding time: 0.6225 s
■ ■ ■ 1 ■ ■ ■
■ 1 ■ ■ ■ 1 ■
■ ■ 1 ■ 1 ■ 1
1 ■ ■ ■ ■ ■ ■
■ ■ 1 ■ 1 ■ 1
■ 1 ■ ■ ■ 1 ■
■ ■ ■ 1 ■ ■ ■
■ ■ ■ 1 ■ ■ ■
■ 1 ■ ■ ■ 1 ■
■ ■ 1 ■ 1 ■ 1
1 ■ ■ ■ ■ ■ ■
■ ■ 1 ■ 1 ■ 1
■ 1 ■ ■ ■ 1 ■
■ ■ ■ 1 ■ ■ ■
■ ■ ■ 1 ■ ■ ■
■ 1 ■ ■ ■ 1 ■
■ ■ 1 ■ 1 ■ 1
1 ■ ■ ■ ■ ■ ■
■ ■ 1 ■ 1 ■ 1
■ 1 ■ ■ ■ 1 ■
■ ■ ■ 1 ■ ■ ■
■ ■ ■ 1 ■ ■ ■
■ 1 ■ ■ ■ 1 ■
■ ■ 1 ■ 1 ■ 1
1 ■ ■ ■ ■ ■ ■
■ ■ 1 ■ 1 ■ 1
■ 1 ■ ■ ■ 1 ■
■ ■ ■ 1 ■ ■ ■
■ ■ ■ 1 ■ ■ ■
■ 1 ■ ■ ■ 1 ■
■ ■ 1 ■ 1 ■ 1
1 ■ ■ ■ ■ ■ ■
■ ■ 1 ■ 1 ■ 1
■ 1 ■ ■ ■ 1 ■
■ ■ ■ 1 ■ ■ ■
■ ■ ■ 1 ■ ■ ■
■ 1 ■ ■ ■ 1 ■
■ ■ 1 ■ 1 ■ 1
1 ■ ■ ■ ■ ■ ■
■ ■ 1 ■ 1 ■ 1
■ 1 ■ ■ ■ 1 ■
■ ■ ■ 1 ■ ■ ■
■ ■ ■ 1 ■ ■ ■
■ 1 ■ ■ ■ 1 ■
■ ■ 1 ■ 1 ■ 1
1 ■ ■ ■ ■ ■ ■
■ ■ 1 ■ 1 ■ 1
■ 1 ■ ■ ■ 1 ■
■ ■ ■ 1 ■ ■ ■
■ ■ ■ 1 ■ ■ ■
■ 1 ■ ■ ■ 1 ■
■ ■ 1 ■ 1 ■ 1
1 ■ ■ ■ ■ ■ ■
■ ■ 1 ■ 1 ■ 1
■ 1 ■ ■ ■ 1 ■
■ ■ ■ 1 ■ ■ ■
■ ■ ■ 1 ■ ■ ■
■ 1 ■ ■ ■ 1 ■
■ ■ 1 ■ 1 ■ 1
1 ■ ■ ■ ■ ■ ■
■ ■ 1 ■ 1 ■ 1
■ 1 ■ ■ ■ 1 ■
■ ■ ■ 1 ■ ■ ■
■ ■ ■ 1 ■ ■ ■
■ 1 ■ ■ ■ 1 ■
■ ■ 1 ■ 1 ■ 1
1 ■ ■ ■ ■ ■ ■
■ ■ 1 ■ 1 ■ 1
■ 1 ■ ■ ■ 1 ■
■ ■ ■ 1 ■ ■ ■
# Number of solutions found: 10
# CPU time: 0.6914 s
================================= 97 =================================
# Encoding time: 0.9935 s
14 ■ ■ 1 ■ ■ · ■ · ·
■ · · ■ ■ 2 ■ 6 ■ ·
· ■ · ■ 6 ■ · ■ · ·
■ · ■ · ■ · ■ · · ·
6 ■ · ■ ■ · ■ ■ · ■
■ · ■ · · ■ 3 · ■ ·
· ■ ■ ■ · ■ ■ · ■ ■
■ ■ 1 ■ ■ · · ■ · ■
· · ■ · · ■ · ■ ■ ·
■ ■ 3 ■ ■ 1 ■ · · ■
14 ■ ■ 1 ■ ■ · ■ · ·
■ · · ■ ■ 2 ■ 6 ■ ·
· ■ · ■ 6 ■ · ■ · ·
■ · ■ · ■ · ■ · · ·
6 ■ · ■ ■ · ■ ■ · ■
■ · ■ · · ■ 3 · ■ ·
· ■ ■ ■ · ■ ■ · ■ ■
■ ■ 1 ■ ■ · · ■ · ■
· · ■ · · ■ · ■ ■ ·
■ ■ 3 ■ ■ 1 ■ · · ■
14 ■ ■ 1 ■ ■ · ■ · ·
■ · · ■ ■ 2 ■ 6 ■ ·
· ■ · ■ 6 ■ · ■ · ·
■ · ■ · ■ · ■ · · ·
6 ■ · ■ ■ · ■ ■ · ■
■ · ■ · · ■ 3 · ■ ·
· ■ ■ ■ · ■ ■ · ■ ■
■ ■ 1 ■ ■ · · ■ · ■
· · ■ · · ■ · ■ ■ ·
■ ■ 3 ■ ■ 1 ■ · · ■
14 ■ ■ 1 ■ ■ · ■ · ·
■ · · ■ ■ 2 ■ 6 ■ ·
· ■ · ■ 6 ■ · ■ · ·
■ · ■ · ■ · ■ · · ·
6 ■ · ■ ■ · ■ ■ · ■
■ · ■ · · ■ 3 · ■ ·
· ■ ■ ■ · ■ ■ · ■ ■
■ ■ 1 ■ ■ · · ■ · ■
· · ■ · · ■ · ■ ■ ·
■ ■ 3 ■ ■ 1 ■ · · ■
14 ■ ■ 1 ■ ■ · ■ · ·
■ · · ■ ■ 2 ■ 6 ■ ·
· ■ · ■ 6 ■ · ■ · ·
■ · ■ · ■ · ■ · · ·
6 ■ · ■ ■ · ■ ■ · ■
■ · ■ · · ■ 3 · ■ ·
· ■ ■ ■ · ■ ■ · ■ ■
■ ■ 1 ■ ■ · · ■ · ■
· · ■ · · ■ · ■ ■ ·
■ ■ 3 ■ ■ 1 ■ · · ■
14 ■ ■ 1 ■ ■ · ■ · ·
■ · · ■ ■ 2 ■ 6 ■ ·
· ■ · ■ 6 ■ · ■ · ·
■ · ■ · ■ · ■ · · ·
6 ■ · ■ ■ · ■ ■ · ■
■ · ■ · · ■ 3 · ■ ·
· ■ ■ ■ · ■ ■ · ■ ■
■ ■ 1 ■ ■ · · ■ · ■
· · ■ · · ■ · ■ ■ ·
■ ■ 3 ■ ■ 1 ■ · · ■
14 ■ ■ 1 ■ ■ · ■ · ·
■ · · ■ ■ 2 ■ 6 ■ ·
· ■ · ■ 6 ■ · ■ · ·
■ · ■ · ■ · ■ · · ·
6 ■ · ■ ■ · ■ ■ · ■
■ · ■ · · ■ 3 · ■ ·
· ■ ■ ■ · ■ ■ · ■ ■
■ ■ 1 ■ ■ · · ■ · ■
· · ■ · · ■ · ■ ■ ·
■ ■ 3 ■ ■ 1 ■ · · ■
14 ■ ■ 1 ■ ■ · ■ · ·
■ · · ■ ■ 2 ■ 6 ■ ·
· ■ · ■ 6 ■ · ■ · ·
■ · ■ · ■ · ■ · · ·
6 ■ · ■ ■ · ■ ■ · ■
■ · ■ · · ■ 3 · ■ ·
· ■ ■ ■ · ■ ■ · ■ ■
■ ■ 1 ■ ■ · · ■ · ■
· · ■ · · ■ · ■ ■ ·
■ ■ 3 ■ ■ 1 ■ · · ■
14 ■ ■ 1 ■ ■ · ■ · ·
■ · · ■ ■ 2 ■ 6 ■ ·
· ■ · ■ 6 ■ · ■ · ·
■ · ■ · ■ · ■ · · ·
6 ■ · ■ ■ · ■ ■ · ■
■ · ■ · · ■ 3 · ■ ·
· ■ ■ ■ · ■ ■ · ■ ■
■ ■ 1 ■ ■ · · ■ · ■
· · ■ · · ■ · ■ ■ ·
■ ■ 3 ■ ■ 1 ■ · · ■
14 ■ ■ 1 ■ ■ · ■ · ·
■ · · ■ ■ 2 ■ 6 ■ ·
· ■ · ■ 6 ■ · ■ · ·
■ · ■ · ■ · ■ · · ·
6 ■ · ■ ■ · ■ ■ · ■
■ · ■ · · ■ 3 · ■ ·
· ■ ■ ■ · ■ ■ · ■ ■
■ ■ 1 ■ ■ · · ■ · ■
· · ■ · · ■ · ■ ■ ·
■ ■ 3 ■ ■ 1 ■ · · ■
# Number of solutions found: 10
# CPU time: 2.036 s
================================= 98 =================================
# Encoding time: 0.1225 s
· · 7 · ■ ·
· · ■ · ■ ·
■ ■ 8 ■ · ·
· · ■ · · ■
· ■ ■ · ■ ·
· · · ■ 9 ·
· · 7 · ■ ·
· · ■ · ■ ·
■ ■ 8 ■ · ·
· · ■ · · ■
· ■ ■ · ■ ·
· · · ■ 9 ·
· · 7 · ■ ·
· · ■ · ■ ·
■ ■ 8 ■ · ·
· · ■ · · ■
· ■ ■ · ■ ·
· · · ■ 9 ·
· · 7 · ■ ·
· · ■ · ■ ·
■ ■ 8 ■ · ·
· · ■ · · ■
· ■ ■ · ■ ·
· · · ■ 9 ·
· · 7 · ■ ·
· · ■ · ■ ·
■ ■ 8 ■ · ·
· · ■ · · ■
· ■ ■ · ■ ·
· · · ■ 9 ·
· · 7 · ■ ·
· · ■ · ■ ·
■ ■ 8 ■ · ·
· · ■ · · ■
· ■ ■ · ■ ·
· · · ■ 9 ·
· · 7 · ■ ·
· · ■ · ■ ·
■ ■ 8 ■ · ·
· · ■ · · ■
· ■ ■ · ■ ·
· · · ■ 9 ·
· · 7 · ■ ·
· · ■ · ■ ·
■ ■ 8 ■ · ·
· · ■ · · ■
· ■ ■ · ■ ·
· · · ■ 9 ·
· · 7 · ■ ·
· · ■ · ■ ·
■ ■ 8 ■ · ·
· · ■ · · ■
· ■ ■ · ■ ·
· · · ■ 9 ·
· · 7 · ■ ·
· · ■ · ■ ·
■ ■ 8 ■ · ·
· · ■ · · ■
· ■ ■ · ■ ·
· · · ■ 9 ·
# Number of solutions found: 10
# CPU time: 0.1943 s
================================= 99 =================================
Caught Command '['python3', 'nurikabe.py', '-s10', '-p', '99']' timed out after 60 seconds
================================= 100 =================================
# Encoding time: 0.4401 s
64 · · · · · · · · · ■ · ■ ·
· · · · · · · · · · · ■ · ·
· · · · · · · · · · ■ · ■ ·
· · · · · · ■ · · ■ 2 ■ · ·
· · · · ■ ■ 4 ■ ■ · ■ · · ·
· · · ■ 5 ■ · ■ 5 ■ · · · ·
· · ■ 2 ■ · ■ · ■ · · · · ·
· · · ■ · ■ · ■ · ■ · · · ·
· · · · ■ 8 ■ · ■ 3 ■ · · ·
· · · ■ 4 ■ · ■ · ■ ■ · · ·
· ■ · · ■ · ■ 3 ■ ■ 1 ■ · ·
■ · ■ · · · ■ · ■ · ■ · ■ ·
· ■ · ■ ■ · · ■ · ■ · ■ ■ ·
· · ■ · · ■ ■ · ■ · ■ · · ■
64 · · · · · · · · · ■ · ■ ·
· · · · · · · · · · · ■ · ·
· · · · · · · · · · ■ · ■ ·
· · · · · · ■ · · ■ 2 ■ · ·
· · · · ■ ■ 4 ■ ■ · ■ · · ·
· · · ■ 5 ■ · ■ 5 ■ · · · ·
· · ■ 2 ■ · ■ · ■ · · · · ·
· · · ■ · ■ · ■ · ■ · · · ·
· · · · ■ 8 ■ · ■ 3 ■ · · ·
· · · ■ 4 ■ · ■ · ■ ■ · · ·
· ■ · · ■ · ■ 3 ■ ■ 1 ■ · ·
■ · ■ · · · ■ · ■ · ■ · ■ ·
· ■ · ■ ■ · · ■ · ■ · ■ ■ ·
· · ■ · · ■ ■ · ■ · ■ · · ■
64 · · · · · · · · · ■ · ■ ·
· · · · · · · · · · · ■ · ·
· · · · · · · · · · ■ · ■ ·
· · · · · · ■ · · ■ 2 ■ · ·
· · · · ■ ■ 4 ■ ■ · ■ · · ·
· · · ■ 5 ■ · ■ 5 ■ · · · ·
· · ■ 2 ■ · ■ · ■ · · · · ·
· · · ■ · ■ · ■ · ■ · · · ·
· · · · ■ 8 ■ · ■ 3 ■ · · ·
· · · ■ 4 ■ · ■ · ■ ■ · · ·
· ■ · · ■ · ■ 3 ■ ■ 1 ■ · ·
■ · ■ · · · ■ · ■ · ■ · ■ ·
· ■ · ■ ■ · · ■ · ■ · ■ ■ ·
· · ■ · · ■ ■ · ■ · ■ · · ■
64 · · · · · · · · · ■ · ■ ·
· · · · · · · · · · · ■ · ·
· · · · · · · · · · ■ · ■ ·
· · · · · · ■ · · ■ 2 ■ · ·
· · · · ■ ■ 4 ■ ■ · ■ · · ·
· · · ■ 5 ■ · ■ 5 ■ · · · ·
· · ■ 2 ■ · ■ · ■ · · · · ·
· · · ■ · ■ · ■ · ■ · · · ·
· · · · ■ 8 ■ · ■ 3 ■ · · ·
· · · ■ 4 ■ · ■ · ■ ■ · · ·
· ■ · · ■ · ■ 3 ■ ■ 1 ■ · ·
■ · ■ · · · ■ · ■ · ■ · ■ ·
· ■ · ■ ■ · · ■ · ■ · ■ ■ ·
· · ■ · · ■ ■ · ■ · ■ · · ■
64 · · · · · · · · · ■ · ■ ·
· · · · · · · · · · · ■ · ·
· · · · · · · · · · ■ · ■ ·
· · · · · · ■ · · ■ 2 ■ · ·
· · · · ■ ■ 4 ■ ■ · ■ · · ·
· · · ■ 5 ■ · ■ 5 ■ · · · ·
· · ■ 2 ■ · ■ · ■ · · · · ·
· · · ■ · ■ · ■ · ■ · · · ·
· · · · ■ 8 ■ · ■ 3 ■ · · ·
· · · ■ 4 ■ · ■ · ■ ■ · · ·
· ■ · · ■ · ■ 3 ■ ■ 1 ■ · ·
■ · ■ · · · ■ · ■ · ■ · ■ ·
· ■ · ■ ■ · · ■ · ■ · ■ ■ ·
· · ■ · · ■ ■ · ■ · ■ · · ■
64 · · · · · · · · · ■ · ■ ·
· · · · · · · · · · · ■ · ·
· · · · · · · · · · ■ · ■ ·
· · · · · · ■ · · ■ 2 ■ · ·
· · · · ■ ■ 4 ■ ■ · ■ · · ·
· · · ■ 5 ■ · ■ 5 ■ · · · ·
· · ■ 2 ■ · ■ · ■ · · · · ·
· · · ■ · ■ · ■ · ■ · · · ·
· · · · ■ 8 ■ · ■ 3 ■ · · ·
· · · ■ 4 ■ · ■ · ■ ■ · · ·
· ■ · · ■ · ■ 3 ■ ■ 1 ■ · ·
■ · ■ · · · ■ · ■ · ■ · ■ ·
· ■ · ■ ■ · · ■ · ■ · ■ ■ ·
· · ■ · · ■ ■ · ■ · ■ · · ■
64 · · · · · · · · · ■ · ■ ·
· · · · · · · · · · · ■ · ·
· · · · · · · · · · ■ · ■ ·
· · · · · · ■ · · ■ 2 ■ · ·
· · · · ■ ■ 4 ■ ■ · ■ · · ·
· · · ■ 5 ■ · ■ 5 ■ · · · ·
· · ■ 2 ■ · ■ · ■ · · · · ·
· · · ■ · ■ · ■ · ■ · · · ·
· · · · ■ 8 ■ · ■ 3 ■ · · ·
· · · ■ 4 ■ · ■ · ■ ■ · · ·
· ■ · · ■ · ■ 3 ■ ■ 1 ■ · ·
■ · ■ · · · ■ · ■ · ■ · ■ ·
· ■ · ■ ■ · · ■ · ■ · ■ ■ ·
· · ■ · · ■ ■ · ■ · ■ · · ■
64 · · · · · · · · · ■ · ■ ·
· · · · · · · · · · · ■ · ·
· · · · · · · · · · ■ · ■ ·
· · · · · · ■ · · ■ 2 ■ · ·
· · · · ■ ■ 4 ■ ■ · ■ · · ·
· · · ■ 5 ■ · ■ 5 ■ · · · ·
· · ■ 2 ■ · ■ · ■ · · · · ·
· · · ■ · ■ · ■ · ■ · · · ·
· · · · ■ 8 ■ · ■ 3 ■ · · ·
· · · ■ 4 ■ · ■ · ■ ■ · · ·
· ■ · · ■ · ■ 3 ■ ■ 1 ■ · ·
■ · ■ · · · ■ · ■ · ■ · ■ ·
· ■ · ■ ■ · · ■ · ■ · ■ ■ ·
· · ■ · · ■ ■ · ■ · ■ · · ■
64 · · · · · · · · · ■ · ■ ·
· · · · · · · · · · · ■ · ·
· · · · · · · · · · ■ · ■ ·
· · · · · · ■ · · ■ 2 ■ · ·
· · · · ■ ■ 4 ■ ■ · ■ · · ·
· · · ■ 5 ■ · ■ 5 ■ · · · ·
· · ■ 2 ■ · ■ · ■ · · · · ·
· · · ■ · ■ · ■ · ■ · · · ·
· · · · ■ 8 ■ · ■ 3 ■ · · ·
· · · ■ 4 ■ · ■ · ■ ■ · · ·
· ■ · · ■ · ■ 3 ■ ■ 1 ■ · ·
■ · ■ · · · ■ · ■ · ■ · ■ ·
· ■ · ■ ■ · · ■ · ■ · ■ ■ ·
· · ■ · · ■ ■ · ■ · ■ · · ■
64 · · · · · · · · · ■ · ■ ·
· · · · · · · · · · · ■ · ·
· · · · · · · · · · ■ · ■ ·
· · · · · · ■ · · ■ 2 ■ · ·
· · · · ■ ■ 4 ■ ■ · ■ · · ·
· · · ■ 5 ■ · ■ 5 ■ · · · ·
· · ■ 2 ■ · ■ · ■ · · · · ·
· · · ■ · ■ · ■ · ■ · · · ·
· · · · ■ 8 ■ · ■ 3 ■ · · ·
· · · ■ 4 ■ · ■ · ■ ■ · · ·
· ■ · · ■ · ■ 3 ■ ■ 1 ■ · ·
■ · ■ · · · ■ · ■ · ■ · ■ ·
· ■ · ■ ■ · · ■ · ■ · ■ ■ ·
· · ■ · · ■ ■ · ■ · ■ · · ■
# Number of solutions found: 10
# CPU time: 3.226 s
================================= 101 =================================
# Encoding time: 0.5026 s
· · · · · · · ■ ■ · · ■ · ■ ■ ■ · · ■
· 39 · · · ■ · ■ 2 ■ ■ · ■ · ■ · · · ·
■ ■ · ■ · · ■ · ■ · · · ■ · ■ ■ ■ ■ ■
■ 1 ■ 2 ■ · ■ · ■ · ■ ■ 4 ■ · · ■ · ■
■ ■ ■ ■ ■ ■ ■ ■ ■ ■ · ■ · ■ ■ ■ ■ ■ ·
· ■ · ■ · ■ · ■ 2 ■ · ■ ■ ■ · ■ · ■ ■
■ ■ ■ ■ ■ ■ ■ · ■ ■ ■ ■ 3 ■ ■ ■ ■ ■ ·
■ · ■ 1 ■ 1 ■ ■ ■ · ■ · ■ ■ · ■ 2 ■ ■
■ ■ ■ ■ ■ ■ · ■ · ■ ■ ■ · ■ ■ · ■ · ·
■ · ■ · ■ · ■ ■ ■ 1 ■ 2 ■ · ■ ■ ■ ■ ■
■ ■ ■ ■ ■ ■ ■ · ■ ■ ■ ■ ■ ■ ■ · ■ · ■
· · · · · · · ■ ■ · · ■ · ■ ■ ■ · · ■
· 39 · · · ■ · ■ 2 ■ ■ · ■ · ■ · · · ·
■ ■ · ■ · · ■ · ■ · · · ■ · ■ ■ ■ ■ ■
■ 1 ■ 2 ■ · ■ · ■ · ■ ■ 4 ■ · · ■ · ■
■ ■ ■ ■ ■ ■ ■ ■ ■ ■ · ■ · ■ ■ ■ ■ ■ ·
· ■ · ■ · ■ · ■ 2 ■ · ■ ■ ■ · ■ · ■ ■
■ ■ ■ ■ ■ ■ ■ · ■ ■ ■ ■ 3 ■ ■ ■ ■ ■ ·
■ · ■ 1 ■ 1 ■ ■ ■ · ■ · ■ ■ · ■ 2 ■ ■
■ ■ ■ ■ ■ ■ · ■ · ■ ■ ■ · ■ ■ · ■ · ·
■ · ■ · ■ · ■ ■ ■ 1 ■ 2 ■ · ■ ■ ■ ■ ■
■ ■ ■ ■ ■ ■ ■ · ■ ■ ■ ■ ■ ■ ■ · ■ · ■
· · · · · · · ■ ■ · · ■ · ■ ■ ■ · · ■
· 39 · · · ■ · ■ 2 ■ ■ · ■ · ■ · · · ·
■ ■ · ■ · · ■ · ■ · · · ■ · ■ ■ ■ ■ ■
■ 1 ■ 2 ■ · ■ · ■ · ■ ■ 4 ■ · · ■ · ■
■ ■ ■ ■ ■ ■ ■ ■ ■ ■ · ■ · ■ ■ ■ ■ ■ ·
· ■ · ■ · ■ · ■ 2 ■ · ■ ■ ■ · ■ · ■ ■
■ ■ ■ ■ ■ ■ ■ · ■ ■ ■ ■ 3 ■ ■ ■ ■ ■ ·
■ · ■ 1 ■ 1 ■ ■ ■ · ■ · ■ ■ · ■ 2 ■ ■
■ ■ ■ ■ ■ ■ · ■ · ■ ■ ■ · ■ ■ · ■ · ·
■ · ■ · ■ · ■ ■ ■ 1 ■ 2 ■ · ■ ■ ■ ■ ■
■ ■ ■ ■ ■ ■ ■ · ■ ■ ■ ■ ■ ■ ■ · ■ · ■
· · · · · · · ■ ■ · · ■ · ■ ■ ■ · · ■
· 39 · · · ■ · ■ 2 ■ ■ · ■ · ■ · · · ·
■ ■ · ■ · · ■ · ■ · · · ■ · ■ ■ ■ ■ ■
■ 1 ■ 2 ■ · ■ · ■ · ■ ■ 4 ■ · · ■ · ■
■ ■ ■ ■ ■ ■ ■ ■ ■ ■ · ■ · ■ ■ ■ ■ ■ ·
· ■ · ■ · ■ · ■ 2 ■ · ■ ■ ■ · ■ · ■ ■
■ ■ ■ ■ ■ ■ ■ · ■ ■ ■ ■ 3 ■ ■ ■ ■ ■ ·
■ · ■ 1 ■ 1 ■ ■ ■ · ■ · ■ ■ · ■ 2 ■ ■
■ ■ ■ ■ ■ ■ · ■ · ■ ■ ■ · ■ ■ · ■ · ·
■ · ■ · ■ · ■ ■ ■ 1 ■ 2 ■ · ■ ■ ■ ■ ■
■ ■ ■ ■ ■ ■ ■ · ■ ■ ■ ■ ■ ■ ■ · ■ · ■
· · · · · · · ■ ■ · · ■ · ■ ■ ■ · · ■
· 39 · · · ■ · ■ 2 ■ ■ · ■ · ■ · · · ·
■ ■ · ■ · · ■ · ■ · · · ■ · ■ ■ ■ ■ ■
■ 1 ■ 2 ■ · ■ · ■ · ■ ■ 4 ■ · · ■ · ■
■ ■ ■ ■ ■ ■ ■ ■ ■ ■ · ■ · ■ ■ ■ ■ ■ ·
· ■ · ■ · ■ · ■ 2 ■ · ■ ■ ■ · ■ · ■ ■
■ ■ ■ ■ ■ ■ ■ · ■ ■ ■ ■ 3 ■ ■ ■ ■ ■ ·
■ · ■ 1 ■ 1 ■ ■ ■ · ■ · ■ ■ · ■ 2 ■ ■
■ ■ ■ ■ ■ ■ · ■ · ■ ■ ■ · ■ ■ · ■ · ·
■ · ■ · ■ · ■ ■ ■ 1 ■ 2 ■ · ■ ■ ■ ■ ■
■ ■ ■ ■ ■ ■ ■ · ■ ■ ■ ■ ■ ■ ■ · ■ · ■
· · · · · · · ■ ■ · · ■ · ■ ■ ■ · · ■
· 39 · · · ■ · ■ 2 ■ ■ · ■ · ■ · · · ·
■ ■ · ■ · · ■ · ■ · · · ■ · ■ ■ ■ ■ ■
■ 1 ■ 2 ■ · ■ · ■ · ■ ■ 4 ■ · · ■ · ■
■ ■ ■ ■ ■ ■ ■ ■ ■ ■ · ■ · ■ ■ ■ ■ ■ ·
· ■ · ■ · ■ · ■ 2 ■ · ■ ■ ■ · ■ · ■ ■
■ ■ ■ ■ ■ ■ ■ · ■ ■ ■ ■ 3 ■ ■ ■ ■ ■ ·
■ · ■ 1 ■ 1 ■ ■ ■ · ■ · ■ ■ · ■ 2 ■ ■
■ ■ ■ ■ ■ ■ · ■ · ■ ■ ■ · ■ ■ · ■ · ·
■ · ■ · ■ · ■ ■ ■ 1 ■ 2 ■ · ■ ■ ■ ■ ■
■ ■ ■ ■ ■ ■ ■ · ■ ■ ■ ■ ■ ■ ■ · ■ · ■
· · · · · · · ■ ■ · · ■ · ■ ■ ■ · · ■
· 39 · · · ■ · ■ 2 ■ ■ · ■ · ■ · · · ·
■ ■ · ■ · · ■ · ■ · · · ■ · ■ ■ ■ ■ ■
■ 1 ■ 2 ■ · ■ · ■ · ■ ■ 4 ■ · · ■ · ■
■ ■ ■ ■ ■ ■ ■ ■ ■ ■ · ■ · ■ ■ ■ ■ ■ ·
· ■ · ■ · ■ · ■ 2 ■ · ■ ■ ■ · ■ · ■ ■
■ ■ ■ ■ ■ ■ ■ · ■ ■ ■ ■ 3 ■ ■ ■ ■ ■ ·
■ · ■ 1 ■ 1 ■ ■ ■ · ■ · ■ ■ · ■ 2 ■ ■
■ ■ ■ ■ ■ ■ · ■ · ■ ■ ■ · ■ ■ · ■ · ·
■ · ■ · ■ · ■ ■ ■ 1 ■ 2 ■ · ■ ■ ■ ■ ■
■ ■ ■ ■ ■ ■ ■ · ■ ■ ■ ■ ■ ■ ■ · ■ · ■
· · · · · · · ■ ■ · · ■ · ■ ■ ■ · · ■
· 39 · · · ■ · ■ 2 ■ ■ · ■ · ■ · · · ·
■ ■ · ■ · · ■ · ■ · · · ■ · ■ ■ ■ ■ ■
■ 1 ■ 2 ■ · ■ · ■ · ■ ■ 4 ■ · · ■ · ■
■ ■ ■ ■ ■ ■ ■ ■ ■ ■ · ■ · ■ ■ ■ ■ ■ ·
· ■ · ■ · ■ · ■ 2 ■ · ■ ■ ■ · ■ · ■ ■
■ ■ ■ ■ ■ ■ ■ · ■ ■ ■ ■ 3 ■ ■ ■ ■ ■ ·
■ · ■ 1 ■ 1 ■ ■ ■ · ■ · ■ ■ · ■ 2 ■ ■
■ ■ ■ ■ ■ ■ · ■ · ■ ■ ■ · ■ ■ · ■ · ·
■ · ■ · ■ · ■ ■ ■ 1 ■ 2 ■ · ■ ■ ■ ■ ■
■ ■ ■ ■ ■ ■ ■ · ■ ■ ■ ■ ■ ■ ■ · ■ · ■
· · · · · · · ■ ■ · · ■ · ■ ■ ■ · · ■
· 39 · · · ■ · ■ 2 ■ ■ · ■ · ■ · · · ·
■ ■ · ■ · · ■ · ■ · · · ■ · ■ ■ ■ ■ ■
■ 1 ■ 2 ■ · ■ · ■ · ■ ■ 4 ■ · · ■ · ■
■ ■ ■ ■ ■ ■ ■ ■ ■ ■ · ■ · ■ ■ ■ ■ ■ ·
· ■ · ■ · ■ · ■ 2 ■ · ■ ■ ■ · ■ · ■ ■
■ ■ ■ ■ ■ ■ ■ · ■ ■ ■ ■ 3 ■ ■ ■ ■ ■ ·
■ · ■ 1 ■ 1 ■ ■ ■ · ■ · ■ ■ · ■ 2 ■ ■
■ ■ ■ ■ ■ ■ · ■ · ■ ■ ■ · ■ ■ · ■ · ·
■ · ■ · ■ · ■ ■ ■ 1 ■ 2 ■ · ■ ■ ■ ■ ■
■ ■ ■ ■ ■ ■ ■ · ■ ■ ■ ■ ■ ■ ■ · ■ · ■
· · · · · · · ■ ■ · · ■ · ■ ■ ■ · · ■
· 39 · · · ■ · ■ 2 ■ ■ · ■ · ■ · · · ·
■ ■ · ■ · · ■ · ■ · · · ■ · ■ ■ ■ ■ ■
■ 1 ■ 2 ■ · ■ · ■ · ■ ■ 4 ■ · · ■ · ■
■ ■ ■ ■ ■ ■ ■ ■ ■ ■ · ■ · ■ ■ ■ ■ ■ ·
· ■ · ■ · ■ · ■ 2 ■ · ■ ■ ■ · ■ · ■ ■
■ ■ ■ ■ ■ ■ ■ · ■ ■ ■ ■ 3 ■ ■ ■ ■ ■ ·
■ · ■ 1 ■ 1 ■ ■ ■ · ■ · ■ ■ · ■ 2 ■ ■
■ ■ ■ ■ ■ ■ · ■ · ■ ■ ■ · ■ ■ · ■ · ·
■ · ■ · ■ · ■ ■ ■ 1 ■ 2 ■ · ■ ■ ■ ■ ■
■ ■ ■ ■ ■ ■ ■ · ■ ■ ■ ■ ■ ■ ■ · ■ · ■
# Number of solutions found: 10
# CPU time: 33.45 s
================================= 102 =================================
# Encoding time: 1.764 s
3 ■ · ■ · ■ ■ 3 · ■ 7 · ■ 3 ■ ■ 3 ■
■ · ■ 2 ■ · · ■ ■ · ■ ■ · ■ · · ■ ·
■ · · ■ · ■ 4 ■ · ■ · · ■ 1 ■ ■ 3 ■
2 ■ ■ 3 ■ · ■ ■ · ■ · ■ · ■ · ■ ■ ·
■ · · ■ · ■ ■ · ■ 3 ■ 2 ■ · ■ 3 ■ ·
· ■ ■ 2 ■ · · ■ · ■ · ■ · ■ · ■ ■ 3
■ · · ■ ■ · ■ 4 ■ · ■ 3 ■ ■ · ■ · ■
2 ■ · ■ 5 ■ · ■ ■ · ■ ■ · 8 ■ · ■ ·
■ · ■ · ■ · ■ ■ · ■ 1 ■ · ■ · ■ 5 ■
· · ■ 5 · ■ · · ■ · ■ · ■ · ■ · ■ ■
· ■ · ■ ■ 5 ■ ■ · 3 ■ ■ 5 ■ · ■ · ·
■ 5 ■ ■ · ■ ■ · ■ ■ · ■ ■ · ■ 5 ■ ■
· ■ ■ 2 ■ · 2 ■ 3 · ■ · ■ ■ · ■ · 3
■ · ■ ■ · ■ ■ · ■ ■ 3 ■ · ■ ■ · ■ ■
2 ■ · 3 ■ · ■ 3 ■ · ■ · ■ 3 · ■ 3 ·
3 ■ · ■ · ■ ■ 3 · ■ 7 · ■ 3 ■ ■ 3 ■
■ · ■ 2 ■ · · ■ ■ · ■ ■ · ■ · · ■ ·
■ · · ■ · ■ 4 ■ · ■ · · ■ 1 ■ ■ 3 ■
2 ■ ■ 3 ■ · ■ ■ · ■ · ■ · ■ · ■ ■ ·
■ · · ■ · ■ ■ · ■ 3 ■ 2 ■ · ■ 3 ■ ·
· ■ ■ 2 ■ · · ■ · ■ · ■ · ■ · ■ ■ 3
■ · · ■ ■ · ■ 4 ■ · ■ 3 ■ ■ · ■ · ■
2 ■ · ■ 5 ■ · ■ ■ · ■ ■ · 8 ■ · ■ ·
■ · ■ · ■ · ■ ■ · ■ 1 ■ · ■ · ■ 5 ■
· · ■ 5 · ■ · · ■ · ■ · ■ · ■ · ■ ■
· ■ · ■ ■ 5 ■ ■ · 3 ■ ■ 5 ■ · ■ · ·
■ 5 ■ ■ · ■ ■ · ■ ■ · ■ ■ · ■ 5 ■ ■
· ■ ■ 2 ■ · 2 ■ 3 · ■ · ■ ■ · ■ · 3
■ · ■ ■ · ■ ■ · ■ ■ 3 ■ · ■ ■ · ■ ■
2 ■ · 3 ■ · ■ 3 ■ · ■ · ■ 3 · ■ 3 ·
3 ■ · ■ · ■ ■ 3 · ■ 7 · ■ 3 ■ ■ 3 ■
■ · ■ 2 ■ · · ■ ■ · ■ ■ · ■ · · ■ ·
■ · · ■ · ■ 4 ■ · ■ · · ■ 1 ■ ■ 3 ■
2 ■ ■ 3 ■ · ■ ■ · ■ · ■ · ■ · ■ ■ ·
■ · · ■ · ■ ■ · ■ 3 ■ 2 ■ · ■ 3 ■ ·
· ■ ■ 2 ■ · · ■ · ■ · ■ · ■ · ■ ■ 3
■ · · ■ ■ · ■ 4 ■ · ■ 3 ■ ■ · ■ · ■
2 ■ · ■ 5 ■ · ■ ■ · ■ ■ · 8 ■ · ■ ·
■ · ■ · ■ · ■ ■ · ■ 1 ■ · ■ · ■ 5 ■
· · ■ 5 · ■ · · ■ · ■ · ■ · ■ · ■ ■
· ■ · ■ ■ 5 ■ ■ · 3 ■ ■ 5 ■ · ■ · ·
■ 5 ■ ■ · ■ ■ · ■ ■ · ■ ■ · ■ 5 ■ ■
· ■ ■ 2 ■ · 2 ■ 3 · ■ · ■ ■ · ■ · 3
■ · ■ ■ · ■ ■ · ■ ■ 3 ■ · ■ ■ · ■ ■
2 ■ · 3 ■ · ■ 3 ■ · ■ · ■ 3 · ■ 3 ·
3 ■ · ■ · ■ ■ 3 · ■ 7 · ■ 3 ■ ■ 3 ■
■ · ■ 2 ■ · · ■ ■ · ■ ■ · ■ · · ■ ·
■ · · ■ · ■ 4 ■ · ■ · · ■ 1 ■ ■ 3 ■
2 ■ ■ 3 ■ · ■ ■ · ■ · ■ · ■ · ■ ■ ·
■ · · ■ · ■ ■ · ■ 3 ■ 2 ■ · ■ 3 ■ ·
· ■ ■ 2 ■ · · ■ · ■ · ■ · ■ · ■ ■ 3
■ · · ■ ■ · ■ 4 ■ · ■ 3 ■ ■ · ■ · ■
2 ■ · ■ 5 ■ · ■ ■ · ■ ■ · 8 ■ · ■ ·
■ · ■ · ■ · ■ ■ · ■ 1 ■ · ■ · ■ 5 ■
· · ■ 5 · ■ · · ■ · ■ · ■ · ■ · ■ ■
· ■ · ■ ■ 5 ■ ■ · 3 ■ ■ 5 ■ · ■ · ·
■ 5 ■ ■ · ■ ■ · ■ ■ · ■ ■ · ■ 5 ■ ■
· ■ ■ 2 ■ · 2 ■ 3 · ■ · ■ ■ · ■ · 3
■ · ■ ■ · ■ ■ · ■ ■ 3 ■ · ■ ■ · ■ ■
2 ■ · 3 ■ · ■ 3 ■ · ■ · ■ 3 · ■ 3 ·
3 ■ · ■ · ■ ■ 3 · ■ 7 · ■ 3 ■ ■ 3 ■
■ · ■ 2 ■ · · ■ ■ · ■ ■ · ■ · · ■ ·
■ · · ■ · ■ 4 ■ · ■ · · ■ 1 ■ ■ 3 ■
2 ■ ■ 3 ■ · ■ ■ · ■ · ■ · ■ · ■ ■ ·
■ · · ■ · ■ ■ · ■ 3 ■ 2 ■ · ■ 3 ■ ·
· ■ ■ 2 ■ · · ■ · ■ · ■ · ■ · ■ ■ 3
■ · · ■ ■ · ■ 4 ■ · ■ 3 ■ ■ · ■ · ■
2 ■ · ■ 5 ■ · ■ ■ · ■ ■ · 8 ■ · ■ ·
■ · ■ · ■ · ■ ■ · ■ 1 ■ · ■ · ■ 5 ■
· · ■ 5 · ■ · · ■ · ■ · ■ · ■ · ■ ■
· ■ · ■ ■ 5 ■ ■ · 3 ■ ■ 5 ■ · ■ · ·
■ 5 ■ ■ · ■ ■ · ■ ■ · ■ ■ · ■ 5 ■ ■
· ■ ■ 2 ■ · 2 ■ 3 · ■ · ■ ■ · ■ · 3
■ · ■ ■ · ■ ■ · ■ ■ 3 ■ · ■ ■ · ■ ■
2 ■ · 3 ■ · ■ 3 ■ · ■ · ■ 3 · ■ 3 ·
3 ■ · ■ · ■ ■ 3 · ■ 7 · ■ 3 ■ ■ 3 ■
■ · ■ 2 ■ · · ■ ■ · ■ ■ · ■ · · ■ ·
■ · · ■ · ■ 4 ■ · ■ · · ■ 1 ■ ■ 3 ■
2 ■ ■ 3 ■ · ■ ■ · ■ · ■ · ■ · ■ ■ ·
■ · · ■ · ■ ■ · ■ 3 ■ 2 ■ · ■ 3 ■ ·
· ■ ■ 2 ■ · · ■ · ■ · ■ · ■ · ■ ■ 3
■ · · ■ ■ · ■ 4 ■ · ■ 3 ■ ■ · ■ · ■
2 ■ · ■ 5 ■ · ■ ■ · ■ ■ · 8 ■ · ■ ·
■ · ■ · ■ · ■ ■ · ■ 1 ■ · ■ · ■ 5 ■
· · ■ 5 · ■ · · ■ · ■ · ■ · ■ · ■ ■
· ■ · ■ ■ 5 ■ ■ · 3 ■ ■ 5 ■ · ■ · ·
■ 5 ■ ■ · ■ ■ · ■ ■ · ■ ■ · ■ 5 ■ ■
· ■ ■ 2 ■ · 2 ■ 3 · ■ · ■ ■ · ■ · 3
■ · ■ ■ · ■ ■ · ■ ■ 3 ■ · ■ ■ · ■ ■
2 ■ · 3 ■ · ■ 3 ■ · ■ · ■ 3 · ■ 3 ·
3 ■ · ■ · ■ ■ 3 · ■ 7 · ■ 3 ■ ■ 3 ■
■ · ■ 2 ■ · · ■ ■ · ■ ■ · ■ · · ■ ·
■ · · ■ · ■ 4 ■ · ■ · · ■ 1 ■ ■ 3 ■
2 ■ ■ 3 ■ · ■ ■ · ■ · ■ · ■ · ■ ■ ·
■ · · ■ · ■ ■ · ■ 3 ■ 2 ■ · ■ 3 ■ ·
· ■ ■ 2 ■ · · ■ · ■ · ■ · ■ · ■ ■ 3
■ · · ■ ■ · ■ 4 ■ · ■ 3 ■ ■ · ■ · ■
2 ■ · ■ 5 ■ · ■ ■ · ■ ■ · 8 ■ · ■ ·
■ · ■ · ■ · ■ ■ · ■ 1 ■ · ■ · ■ 5 ■
· · ■ 5 · ■ · · ■ · ■ · ■ · ■ · ■ ■
· ■ · ■ ■ 5 ■ ■ · 3 ■ ■ 5 ■ · ■ · ·
■ 5 ■ ■ · ■ ■ · ■ ■ · ■ ■ · ■ 5 ■ ■
· ■ ■ 2 ■ · 2 ■ 3 · ■ · ■ ■ · ■ · 3
■ · ■ ■ · ■ ■ · ■ ■ 3 ■ · ■ ■ · ■ ■
2 ■ · 3 ■ · ■ 3 ■ · ■ · ■ 3 · ■ 3 ·
3 ■ · ■ · ■ ■ 3 · ■ 7 · ■ 3 ■ ■ 3 ■
■ · ■ 2 ■ · · ■ ■ · ■ ■ · ■ · · ■ ·
■ · · ■ · ■ 4 ■ · ■ · · ■ 1 ■ ■ 3 ■
2 ■ ■ 3 ■ · ■ ■ · ■ · ■ · ■ · ■ ■ ·
■ · · ■ · ■ ■ · ■ 3 ■ 2 ■ · ■ 3 ■ ·
· ■ ■ 2 ■ · · ■ · ■ · ■ · ■ · ■ ■ 3
■ · · ■ ■ · ■ 4 ■ · ■ 3 ■ ■ · ■ · ■
2 ■ · ■ 5 ■ · ■ ■ · ■ ■ · 8 ■ · ■ ·
■ · ■ · ■ · ■ ■ · ■ 1 ■ · ■ · ■ 5 ■
· · ■ 5 · ■ · · ■ · ■ · ■ · ■ · ■ ■
· ■ · ■ ■ 5 ■ ■ · 3 ■ ■ 5 ■ · ■ · ·
■ 5 ■ ■ · ■ ■ · ■ ■ · ■ ■ · ■ 5 ■ ■
· ■ ■ 2 ■ · 2 ■ 3 · ■ · ■ ■ · ■ · 3
■ · ■ ■ · ■ ■ · ■ ■ 3 ■ · ■ ■ · ■ ■
2 ■ · 3 ■ · ■ 3 ■ · ■ · ■ 3 · ■ 3 ·
3 ■ · ■ · ■ ■ 3 · ■ 7 · ■ 3 ■ ■ 3 ■
■ · ■ 2 ■ · · ■ ■ · ■ ■ · ■ · · ■ ·
■ · · ■ · ■ 4 ■ · ■ · · ■ 1 ■ ■ 3 ■
2 ■ ■ 3 ■ · ■ ■ · ■ · ■ · ■ · ■ ■ ·
■ · · ■ · ■ ■ · ■ 3 ■ 2 ■ · ■ 3 ■ ·
· ■ ■ 2 ■ · · ■ · ■ · ■ · ■ · ■ ■ 3
■ · · ■ ■ · ■ 4 ■ · ■ 3 ■ ■ · ■ · ■
2 ■ · ■ 5 ■ · ■ ■ · ■ ■ · 8 ■ · ■ ·
■ · ■ · ■ · ■ ■ · ■ 1 ■ · ■ · ■ 5 ■
· · ■ 5 · ■ · · ■ · ■ · ■ · ■ · ■ ■
· ■ · ■ ■ 5 ■ ■ · 3 ■ ■ 5 ■ · ■ · ·
■ 5 ■ ■ · ■ ■ · ■ ■ · ■ ■ · ■ 5 ■ ■
· ■ ■ 2 ■ · 2 ■ 3 · ■ · ■ ■ · ■ · 3
■ · ■ ■ · ■ ■ · ■ ■ 3 ■ · ■ ■ · ■ ■
2 ■ · 3 ■ · ■ 3 ■ · ■ · ■ 3 · ■ 3 ·
3 ■ · ■ · ■ ■ 3 · ■ 7 · ■ 3 ■ ■ 3 ■
■ · ■ 2 ■ · · ■ ■ · ■ ■ · ■ · · ■ ·
■ · · ■ · ■ 4 ■ · ■ · · ■ 1 ■ ■ 3 ■
2 ■ ■ 3 ■ · ■ ■ · ■ · ■ · ■ · ■ ■ ·
■ · · ■ · ■ ■ · ■ 3 ■ 2 ■ · ■ 3 ■ ·
· ■ ■ 2 ■ · · ■ · ■ · ■ · ■ · ■ ■ 3
■ · · ■ ■ · ■ 4 ■ · ■ 3 ■ ■ · ■ · ■
2 ■ · ■ 5 ■ · ■ ■ · ■ ■ · 8 ■ · ■ ·
■ · ■ · ■ · ■ ■ · ■ 1 ■ · ■ · ■ 5 ■
· · ■ 5 · ■ · · ■ · ■ · ■ · ■ · ■ ■
· ■ · ■ ■ 5 ■ ■ · 3 ■ ■ 5 ■ · ■ · ·
■ 5 ■ ■ · ■ ■ · ■ ■ · ■ ■ · ■ 5 ■ ■
· ■ ■ 2 ■ · 2 ■ 3 · ■ · ■ ■ · ■ · 3
■ · ■ ■ · ■ ■ · ■ ■ 3 ■ · ■ ■ · ■ ■
2 ■ · 3 ■ · ■ 3 ■ · ■ · ■ 3 · ■ 3 ·
# Number of solutions found: 10
# CPU time: 28.71 s
================================= 103 =================================
# Encoding time: 0.2321 s
· · ■ · · ■ ■ · ■ ·
■ ■ 2 ■ ■ · ■ ■ 4 ■
■ 3 ■ ■ · ■ 5 ■ ■ ·
· ■ · ■ 2 ■ ■ · 4 ■
· ■ 2 ■ ■ 5 · ■ ■ ·
■ · ■ ■ 1 ■ ■ · ■ ·
· ■ 3 · ■ · · ■ · ■
· ■ · ■ 8 ■ ■ 3 ■ 3
■ 4 ■ · ■ · · ■ ■ ■
· ■ · · ■ · · ■ · ·
· · ■ · · ■ ■ · ■ ·
■ ■ 2 ■ ■ · ■ ■ 4 ■
■ 3 ■ ■ · ■ 5 ■ ■ ·
· ■ · ■ 2 ■ ■ · 4 ■
· ■ 2 ■ ■ 5 · ■ ■ ·
■ · ■ ■ 1 ■ ■ · ■ ·
· ■ 3 · ■ · · ■ · ■
· ■ · ■ 8 ■ ■ 3 ■ 3
■ 4 ■ · ■ · · ■ ■ ■
· ■ · · ■ · · ■ · ·
· · ■ · · ■ ■ · ■ ·
■ ■ 2 ■ ■ · ■ ■ 4 ■
■ 3 ■ ■ · ■ 5 ■ ■ ·
· ■ · ■ 2 ■ ■ · 4 ■
· ■ 2 ■ ■ 5 · ■ ■ ·
■ · ■ ■ 1 ■ ■ · ■ ·
· ■ 3 · ■ · · ■ · ■
· ■ · ■ 8 ■ ■ 3 ■ 3
■ 4 ■ · ■ · · ■ ■ ■
· ■ · · ■ · · ■ · ·
· · ■ · · ■ ■ · ■ ·
■ ■ 2 ■ ■ · ■ ■ 4 ■
■ 3 ■ ■ · ■ 5 ■ ■ ·
· ■ · ■ 2 ■ ■ · 4 ■
· ■ 2 ■ ■ 5 · ■ ■ ·
■ · ■ ■ 1 ■ ■ · ■ ·
· ■ 3 · ■ · · ■ · ■
· ■ · ■ 8 ■ ■ 3 ■ 3
■ 4 ■ · ■ · · ■ ■ ■
· ■ · · ■ · · ■ · ·
· · ■ · · ■ ■ · ■ ·
■ ■ 2 ■ ■ · ■ ■ 4 ■
■ 3 ■ ■ · ■ 5 ■ ■ ·
· ■ · ■ 2 ■ ■ · 4 ■
· ■ 2 ■ ■ 5 · ■ ■ ·
■ · ■ ■ 1 ■ ■ · ■ ·
· ■ 3 · ■ · · ■ · ■
· ■ · ■ 8 ■ ■ 3 ■ 3
■ 4 ■ · ■ · · ■ ■ ■
· ■ · · ■ · · ■ · ·
· · ■ · · ■ ■ · ■ ·
■ ■ 2 ■ ■ · ■ ■ 4 ■
■ 3 ■ ■ · ■ 5 ■ ■ ·
· ■ · ■ 2 ■ ■ · 4 ■
· ■ 2 ■ ■ 5 · ■ ■ ·
■ · ■ ■ 1 ■ ■ · ■ ·
· ■ 3 · ■ · · ■ · ■
· ■ · ■ 8 ■ ■ 3 ■ 3
■ 4 ■ · ■ · · ■ ■ ■
· ■ · · ■ · · ■ · ·
· · ■ · · ■ ■ · ■ ·
■ ■ 2 ■ ■ · ■ ■ 4 ■
■ 3 ■ ■ · ■ 5 ■ ■ ·
· ■ · ■ 2 ■ ■ · 4 ■
· ■ 2 ■ ■ 5 · ■ ■ ·
■ · ■ ■ 1 ■ ■ · ■ ·
· ■ 3 · ■ · · ■ · ■
· ■ · ■ 8 ■ ■ 3 ■ 3
■ 4 ■ · ■ · · ■ ■ ■
· ■ · · ■ · · ■ · ·
· · ■ · · ■ ■ · ■ ·
■ ■ 2 ■ ■ · ■ ■ 4 ■
■ 3 ■ ■ · ■ 5 ■ ■ ·
· ■ · ■ 2 ■ ■ · 4 ■
· ■ 2 ■ ■ 5 · ■ ■ ·
■ · ■ ■ 1 ■ ■ · ■ ·
· ■ 3 · ■ · · ■ · ■
· ■ · ■ 8 ■ ■ 3 ■ 3
■ 4 ■ · ■ · · ■ ■ ■
· ■ · · ■ · · ■ · ·
· · ■ · · ■ ■ · ■ ·
■ ■ 2 ■ ■ · ■ ■ 4 ■
■ 3 ■ ■ · ■ 5 ■ ■ ·
· ■ · ■ 2 ■ ■ · 4 ■
· ■ 2 ■ ■ 5 · ■ ■ ·
■ · ■ ■ 1 ■ ■ · ■ ·
· ■ 3 · ■ · · ■ · ■
· ■ · ■ 8 ■ ■ 3 ■ 3
■ 4 ■ · ■ · · ■ ■ ■
· ■ · · ■ · · ■ · ·
· · ■ · · ■ ■ · ■ ·
■ ■ 2 ■ ■ · ■ ■ 4 ■
■ 3 ■ ■ · ■ 5 ■ ■ ·
· ■ · ■ 2 ■ ■ · 4 ■
· ■ 2 ■ ■ 5 · ■ ■ ·
■ · ■ ■ 1 ■ ■ · ■ ·
· ■ 3 · ■ · · ■ · ■
· ■ · ■ 8 ■ ■ 3 ■ 3
■ 4 ■ · ■ · · ■ ■ ■
· ■ · · ■ · · ■ · ·
# Number of solutions found: 10
# CPU time: 0.6293 s
================================= 104 =================================
# Encoding time: 0.1485 s
· ■ · · ■ · ■ ■ ■ ■ ■
■ ■ ■ ■ · ■ ■ · ■ 2 ■
■ 2 ■ · 7 · ■ ■ ■ · ■
■ ■ ■ ■ ■ ■ · ■ · ■ ·
· ■ · 4 ■ · ■ · ■ ■ ■
■ · ■ ■ · ■ ■ ■ ■ 6 ■
■ 3 ■ · ■ ■ 5 ■ · ■ ■
■ ■ · ■ · · ■ · ■ 8 ■
■ · ■ ■ ■ ■ ■ ■ ■ · ■
■ ■ ■ · ■ · ■ · ■ ■ ■
· ■ · · ■ · ■ ■ ■ ■ ■
■ ■ ■ ■ · ■ ■ · ■ 2 ■
■ 2 ■ · 7 · ■ ■ ■ · ■
■ ■ ■ ■ ■ ■ · ■ · ■ ·
· ■ · 4 ■ · ■ · ■ ■ ■
■ · ■ ■ · ■ ■ ■ ■ 6 ■
■ 3 ■ · ■ ■ 5 ■ · ■ ■
■ ■ · ■ · · ■ · ■ 8 ■
■ · ■ ■ ■ ■ ■ ■ ■ · ■
■ ■ ■ · ■ · ■ · ■ ■ ■
· ■ · · ■ · ■ ■ ■ ■ ■
■ ■ ■ ■ · ■ ■ · ■ 2 ■
■ 2 ■ · 7 · ■ ■ ■ · ■
■ ■ ■ ■ ■ ■ · ■ · ■ ·
· ■ · 4 ■ · ■ · ■ ■ ■
■ · ■ ■ · ■ ■ ■ ■ 6 ■
■ 3 ■ · ■ ■ 5 ■ · ■ ■
■ ■ · ■ · · ■ · ■ 8 ■
■ · ■ ■ ■ ■ ■ ■ ■ · ■
■ ■ ■ · ■ · ■ · ■ ■ ■
· ■ · · ■ · ■ ■ ■ ■ ■
■ ■ ■ ■ · ■ ■ · ■ 2 ■
■ 2 ■ · 7 · ■ ■ ■ · ■
■ ■ ■ ■ ■ ■ · ■ · ■ ·
· ■ · 4 ■ · ■ · ■ ■ ■
■ · ■ ■ · ■ ■ ■ ■ 6 ■
■ 3 ■ · ■ ■ 5 ■ · ■ ■
■ ■ · ■ · · ■ · ■ 8 ■
■ · ■ ■ ■ ■ ■ ■ ■ · ■
■ ■ ■ · ■ · ■ · ■ ■ ■
· ■ · · ■ · ■ ■ ■ ■ ■
■ ■ ■ ■ · ■ ■ · ■ 2 ■
■ 2 ■ · 7 · ■ ■ ■ · ■
■ ■ ■ ■ ■ ■ · ■ · ■ ·
· ■ · 4 ■ · ■ · ■ ■ ■
■ · ■ ■ · ■ ■ ■ ■ 6 ■
■ 3 ■ · ■ ■ 5 ■ · ■ ■
■ ■ · ■ · · ■ · ■ 8 ■
■ · ■ ■ ■ ■ ■ ■ ■ · ■
■ ■ ■ · ■ · ■ · ■ ■ ■
· ■ · · ■ · ■ ■ ■ ■ ■
■ ■ ■ ■ · ■ ■ · ■ 2 ■
■ 2 ■ · 7 · ■ ■ ■ · ■
■ ■ ■ ■ ■ ■ · ■ · ■ ·
· ■ · 4 ■ · ■ · ■ ■ ■
■ · ■ ■ · ■ ■ ■ ■ 6 ■
■ 3 ■ · ■ ■ 5 ■ · ■ ■
■ ■ · ■ · · ■ · ■ 8 ■
■ · ■ ■ ■ ■ ■ ■ ■ · ■
■ ■ ■ · ■ · ■ · ■ ■ ■
· ■ · · ■ · ■ ■ ■ ■ ■
■ ■ ■ ■ · ■ ■ · ■ 2 ■
■ 2 ■ · 7 · ■ ■ ■ · ■
■ ■ ■ ■ ■ ■ · ■ · ■ ·
· ■ · 4 ■ · ■ · ■ ■ ■
■ · ■ ■ · ■ ■ ■ ■ 6 ■
■ 3 ■ · ■ ■ 5 ■ · ■ ■
■ ■ · ■ · · ■ · ■ 8 ■
■ · ■ ■ ■ ■ ■ ■ ■ · ■
■ ■ ■ · ■ · ■ · ■ ■ ■
· ■ · · ■ · ■ ■ ■ ■ ■
■ ■ ■ ■ · ■ ■ · ■ 2 ■
■ 2 ■ · 7 · ■ ■ ■ · ■
■ ■ ■ ■ ■ ■ · ■ · ■ ·
· ■ · 4 ■ · ■ · ■ ■ ■
■ · ■ ■ · ■ ■ ■ ■ 6 ■
■ 3 ■ · ■ ■ 5 ■ · ■ ■
■ ■ · ■ · · ■ · ■ 8 ■
■ · ■ ■ ■ ■ ■ ■ ■ · ■
■ ■ ■ · ■ · ■ · ■ ■ ■
· ■ · · ■ · ■ ■ ■ ■ ■
■ ■ ■ ■ · ■ ■ · ■ 2 ■
■ 2 ■ · 7 · ■ ■ ■ · ■
■ ■ ■ ■ ■ ■ · ■ · ■ ·
· ■ · 4 ■ · ■ · ■ ■ ■
■ · ■ ■ · ■ ■ ■ ■ 6 ■
■ 3 ■ · ■ ■ 5 ■ · ■ ■
■ ■ · ■ · · ■ · ■ 8 ■
■ · ■ ■ ■ ■ ■ ■ ■ · ■
■ ■ ■ · ■ · ■ · ■ ■ ■
· ■ · · ■ · ■ ■ ■ ■ ■
■ ■ ■ ■ · ■ ■ · ■ 2 ■
■ 2 ■ · 7 · ■ ■ ■ · ■
■ ■ ■ ■ ■ ■ · ■ · ■ ·
· ■ · 4 ■ · ■ · ■ ■ ■
■ · ■ ■ · ■ ■ ■ ■ 6 ■
■ 3 ■ · ■ ■ 5 ■ · ■ ■
■ ■ · ■ · · ■ · ■ 8 ■
■ · ■ ■ ■ ■ ■ ■ ■ · ■
■ ■ ■ · ■ · ■ · ■ ■ ■
# Number of solutions found: 10
# CPU time: 0.2356 s
================================= 105 =================================
# Encoding time: 0.2209 s
■ 4 ■ · 7 ■ · 6 ■ · ■
· ■ · ■ · ■ ■ ■ · ■ ·
■ 3 ■ · ■ · · · ■ · ■
· ■ · ■ 3 ■ ■ ■ · ■ ·
■ · ■ · ■ · ■ 3 ■ 6 ■
· ■ · ■ 2 ■ · ■ · ■ ·
· 6 ■ · ■ · ■ 6 ■ ■ ·
· ■ · ■ · ■ · ■ · ■ ·
■ 6 ■ · · · ■ ■ ■ 4 ■
· ■ · ■ · ■ · · ■ ■ ·
■ 4 ■ · 7 ■ · 6 ■ · ■
· ■ · ■ · ■ ■ ■ · ■ ·
■ 3 ■ · ■ · · · ■ · ■
· ■ · ■ 3 ■ ■ ■ · ■ ·
■ · ■ · ■ · ■ 3 ■ 6 ■
· ■ · ■ 2 ■ · ■ · ■ ·
· 6 ■ · ■ · ■ 6 ■ ■ ·
· ■ · ■ · ■ · ■ · ■ ·
■ 6 ■ · · · ■ ■ ■ 4 ■
· ■ · ■ · ■ · · ■ ■ ·
■ 4 ■ · 7 ■ · 6 ■ · ■
· ■ · ■ · ■ ■ ■ · ■ ·
■ 3 ■ · ■ · · · ■ · ■
· ■ · ■ 3 ■ ■ ■ · ■ ·
■ · ■ · ■ · ■ 3 ■ 6 ■
· ■ · ■ 2 ■ · ■ · ■ ·
· 6 ■ · ■ · ■ 6 ■ ■ ·
· ■ · ■ · ■ · ■ · ■ ·
■ 6 ■ · · · ■ ■ ■ 4 ■
· ■ · ■ · ■ · · ■ ■ ·
■ 4 ■ · 7 ■ · 6 ■ · ■
· ■ · ■ · ■ ■ ■ · ■ ·
■ 3 ■ · ■ · · · ■ · ■
· ■ · ■ 3 ■ ■ ■ · ■ ·
■ · ■ · ■ · ■ 3 ■ 6 ■
· ■ · ■ 2 ■ · ■ · ■ ·
· 6 ■ · ■ · ■ 6 ■ ■ ·
· ■ · ■ · ■ · ■ · ■ ·
■ 6 ■ · · · ■ ■ ■ 4 ■
· ■ · ■ · ■ · · ■ ■ ·
■ 4 ■ · 7 ■ · 6 ■ · ■
· ■ · ■ · ■ ■ ■ · ■ ·
■ 3 ■ · ■ · · · ■ · ■
· ■ · ■ 3 ■ ■ ■ · ■ ·
■ · ■ · ■ · ■ 3 ■ 6 ■
· ■ · ■ 2 ■ · ■ · ■ ·
· 6 ■ · ■ · ■ 6 ■ ■ ·
· ■ · ■ · ■ · ■ · ■ ·
■ 6 ■ · · · ■ ■ ■ 4 ■
· ■ · ■ · ■ · · ■ ■ ·
■ 4 ■ · 7 ■ · 6 ■ · ■
· ■ · ■ · ■ ■ ■ · ■ ·
■ 3 ■ · ■ · · · ■ · ■
· ■ · ■ 3 ■ ■ ■ · ■ ·
■ · ■ · ■ · ■ 3 ■ 6 ■
· ■ · ■ 2 ■ · ■ · ■ ·
· 6 ■ · ■ · ■ 6 ■ ■ ·
· ■ · ■ · ■ · ■ · ■ ·
■ 6 ■ · · · ■ ■ ■ 4 ■
· ■ · ■ · ■ · · ■ ■ ·
■ 4 ■ · 7 ■ · 6 ■ · ■
· ■ · ■ · ■ ■ ■ · ■ ·
■ 3 ■ · ■ · · · ■ · ■
· ■ · ■ 3 ■ ■ ■ · ■ ·
■ · ■ · ■ · ■ 3 ■ 6 ■
· ■ · ■ 2 ■ · ■ · ■ ·
· 6 ■ · ■ · ■ 6 ■ ■ ·
· ■ · ■ · ■ · ■ · ■ ·
■ 6 ■ · · · ■ ■ ■ 4 ■
· ■ · ■ · ■ · · ■ ■ ·
■ 4 ■ · 7 ■ · 6 ■ · ■
· ■ · ■ · ■ ■ ■ · ■ ·
■ 3 ■ · ■ · · · ■ · ■
· ■ · ■ 3 ■ ■ ■ · ■ ·
■ · ■ · ■ · ■ 3 ■ 6 ■
· ■ · ■ 2 ■ · ■ · ■ ·
· 6 ■ · ■ · ■ 6 ■ ■ ·
· ■ · ■ · ■ · ■ · ■ ·
■ 6 ■ · · · ■ ■ ■ 4 ■
· ■ · ■ · ■ · · ■ ■ ·
■ 4 ■ · 7 ■ · 6 ■ · ■
· ■ · ■ · ■ ■ ■ · ■ ·
■ 3 ■ · ■ · · · ■ · ■
· ■ · ■ 3 ■ ■ ■ · ■ ·
■ · ■ · ■ · ■ 3 ■ 6 ■
· ■ · ■ 2 ■ · ■ · ■ ·
· 6 ■ · ■ · ■ 6 ■ ■ ·
· ■ · ■ · ■ · ■ · ■ ·
■ 6 ■ · · · ■ ■ ■ 4 ■
· ■ · ■ · ■ · · ■ ■ ·
■ 4 ■ · 7 ■ · 6 ■ · ■
· ■ · ■ · ■ ■ ■ · ■ ·
■ 3 ■ · ■ · · · ■ · ■
· ■ · ■ 3 ■ ■ ■ · ■ ·
■ · ■ · ■ · ■ 3 ■ 6 ■
· ■ · ■ 2 ■ · ■ · ■ ·
· 6 ■ · ■ · ■ 6 ■ ■ ·
· ■ · ■ · ■ · ■ · ■ ·
■ 6 ■ · · · ■ ■ ■ 4 ■
· ■ · ■ · ■ · · ■ ■ ·
# Number of solutions found: 10
# CPU time: 1.709 s
================================= 106 =================================
# Encoding time: 0.2531 s
4 ■ · ■ · ■ ? ■ ■ ·
· ■ ■ ■ ■ ■ ■ ■ · ■
■ · · · ■ · ■ · ■ ·
3 ■ ■ ■ 4 ■ 4 ■ ? ■
■ · ■ · ■ · ■ · ■ ·
· ■ ■ ■ ■ ■ ■ ■ ■ ■
4 ■ 3 ■ 3 ■ 4 ■ 3 ■
· · ■ · ■ · ■ · ■ ·
■ ■ · ■ · ■ ■ ■ · ■
4 ■ · ■ · ■ 4 ■ ■ ·
4 ■ · ■ · ■ ? ■ ■ ·
· ■ ■ ■ ■ ■ ■ ■ · ■
■ · · · ■ · ■ · ■ ·
3 ■ ■ ■ 4 ■ 4 ■ ? ■
■ · ■ · ■ · ■ · ■ ·
· ■ ■ ■ ■ ■ ■ ■ ■ ■
4 ■ 3 ■ 3 ■ 4 ■ 3 ■
· · ■ · ■ · ■ · ■ ·
■ ■ · ■ · ■ ■ ■ · ■
4 ■ · ■ · ■ 4 ■ ■ ·
4 ■ · ■ · ■ ? ■ ■ ·
· ■ ■ ■ ■ ■ ■ ■ · ■
■ · · · ■ · ■ · ■ ·
3 ■ ■ ■ 4 ■ 4 ■ ? ■
■ · ■ · ■ · ■ · ■ ·
· ■ ■ ■ ■ ■ ■ ■ ■ ■
4 ■ 3 ■ 3 ■ 4 ■ 3 ■
· · ■ · ■ · ■ · ■ ·
■ ■ · ■ · ■ ■ ■ · ■
4 ■ · ■ · ■ 4 ■ ■ ·
4 ■ · ■ · ■ ? ■ ■ ·
· ■ ■ ■ ■ ■ ■ ■ · ■
■ · · · ■ · ■ · ■ ·
3 ■ ■ ■ 4 ■ 4 ■ ? ■
■ · ■ · ■ · ■ · ■ ·
· ■ ■ ■ ■ ■ ■ ■ ■ ■
4 ■ 3 ■ 3 ■ 4 ■ 3 ■
· · ■ · ■ · ■ · ■ ·
■ ■ · ■ · ■ ■ ■ · ■
4 ■ · ■ · ■ 4 ■ ■ ·
4 ■ · ■ · ■ ? ■ ■ ·
· ■ ■ ■ ■ ■ ■ ■ · ■
■ · · · ■ · ■ · ■ ·
3 ■ ■ ■ 4 ■ 4 ■ ? ■
■ · ■ · ■ · ■ · ■ ·
· ■ ■ ■ ■ ■ ■ ■ ■ ■
4 ■ 3 ■ 3 ■ 4 ■ 3 ■
· · ■ · ■ · ■ · ■ ·
■ ■ · ■ · ■ ■ ■ · ■
4 ■ · ■ · ■ 4 ■ ■ ·
4 ■ · ■ · ■ ? ■ ■ ·
· ■ ■ ■ ■ ■ ■ ■ · ■
■ · · · ■ · ■ · ■ ·
3 ■ ■ ■ 4 ■ 4 ■ ? ■
■ · ■ · ■ · ■ · ■ ·
· ■ ■ ■ ■ ■ ■ ■ ■ ■
4 ■ 3 ■ 3 ■ 4 ■ 3 ■
· · ■ · ■ · ■ · ■ ·
■ ■ · ■ · ■ ■ ■ · ■
4 ■ · ■ · ■ 4 ■ ■ ·
4 ■ · ■ · ■ ? ■ ■ ·
· ■ ■ ■ ■ ■ ■ ■ · ■
■ · · · ■ · ■ · ■ ·
3 ■ ■ ■ 4 ■ 4 ■ ? ■
■ · ■ · ■ · ■ · ■ ·
· ■ ■ ■ ■ ■ ■ ■ ■ ■
4 ■ 3 ■ 3 ■ 4 ■ 3 ■
· · ■ · ■ · ■ · ■ ·
■ ■ · ■ · ■ ■ ■ · ■
4 ■ · ■ · ■ 4 ■ ■ ·
4 ■ · ■ · ■ ? ■ ■ ·
· ■ ■ ■ ■ ■ ■ ■ · ■
■ · · · ■ · ■ · ■ ·
3 ■ ■ ■ 4 ■ 4 ■ ? ■
■ · ■ · ■ · ■ · ■ ·
· ■ ■ ■ ■ ■ ■ ■ ■ ■
4 ■ 3 ■ 3 ■ 4 ■ 3 ■
· · ■ · ■ · ■ · ■ ·
■ ■ · ■ · ■ ■ ■ · ■
4 ■ · ■ · ■ 4 ■ ■ ·
4 ■ · ■ · ■ ? ■ ■ ·
· ■ ■ ■ ■ ■ ■ ■ · ■
■ · · · ■ · ■ · ■ ·
3 ■ ■ ■ 4 ■ 4 ■ ? ■
■ · ■ · ■ · ■ · ■ ·
· ■ ■ ■ ■ ■ ■ ■ ■ ■
4 ■ 3 ■ 3 ■ 4 ■ 3 ■
· · ■ · ■ · ■ · ■ ·
■ ■ · ■ · ■ ■ ■ · ■
4 ■ · ■ · ■ 4 ■ ■ ·
4 ■ · ■ · ■ ? ■ ■ ·
· ■ ■ ■ ■ ■ ■ ■ · ■
■ · · · ■ · ■ · ■ ·
3 ■ ■ ■ 4 ■ 4 ■ ? ■
■ · ■ · ■ · ■ · ■ ·
· ■ ■ ■ ■ ■ ■ ■ ■ ■
4 ■ 3 ■ 3 ■ 4 ■ 3 ■
· · ■ · ■ · ■ · ■ ·
■ ■ · ■ · ■ ■ ■ · ■
4 ■ · ■ · ■ 4 ■ ■ ·
# Number of solutions found: 10
# CPU time: 0.335 s
================================= 107 =================================
# Encoding time: 0.2265 s
7 · ■ · ■ · ■ ■ · ·
· ■ · ■ · ■ ■ · ■ 8
· · ■ 1 ■ · 2 ■ · ■
· ■ · ■ · ■ ■ · · ·
■ · · ■ ■ · · ■ ■ ■
4 ■ ■ 1 ■ ■ ■ ■ 1 ■
■ ■ · ■ ■ · · · ■ ·
· · ■ · ■ · · ■ · ■
■ ■ · ■ 1 ■ · ■ ■ 6
6 · ■ · ■ ■ D ■ · ■
7 · ■ · ■ · ■ ■ · ·
· ■ · ■ · ■ ■ · ■ 8
· · ■ 1 ■ · 2 ■ · ■
· ■ · ■ · ■ ■ · · ·
■ · · ■ ■ · · ■ ■ ■
4 ■ ■ 1 ■ ■ ■ ■ 1 ■
■ ■ · ■ ■ · · · ■ ·
· · ■ · ■ · · ■ · ■
■ ■ · ■ 1 ■ · ■ ■ 6
6 · ■ · ■ ■ D ■ · ■
7 · ■ · ■ · ■ ■ · ·
· ■ · ■ · ■ ■ · ■ 8
· · ■ 1 ■ · 2 ■ · ■
· ■ · ■ · ■ ■ · · ·
■ · · ■ ■ · · ■ ■ ■
4 ■ ■ 1 ■ ■ ■ ■ 1 ■
■ ■ · ■ ■ · · · ■ ·
· · ■ · ■ · · ■ · ■
■ ■ · ■ 1 ■ · ■ ■ 6
6 · ■ · ■ ■ D ■ · ■
7 · ■ · ■ · ■ ■ · ·
· ■ · ■ · ■ ■ · ■ 8
· · ■ 1 ■ · 2 ■ · ■
· ■ · ■ · ■ ■ · · ·
■ · · ■ ■ · · ■ ■ ■
4 ■ ■ 1 ■ ■ ■ ■ 1 ■
■ ■ · ■ ■ · · · ■ ·
· · ■ · ■ · · ■ · ■
■ ■ · ■ 1 ■ · ■ ■ 6
6 · ■ · ■ ■ D ■ · ■
7 · ■ · ■ · ■ ■ · ·
· ■ · ■ · ■ ■ · ■ 8
· · ■ 1 ■ · 2 ■ · ■
· ■ · ■ · ■ ■ · · ·
■ · · ■ ■ · · ■ ■ ■
4 ■ ■ 1 ■ ■ ■ ■ 1 ■
■ ■ · ■ ■ · · · ■ ·
· · ■ · ■ · · ■ · ■
■ ■ · ■ 1 ■ · ■ ■ 6
6 · ■ · ■ ■ D ■ · ■
7 · ■ · ■ · ■ ■ · ·
· ■ · ■ · ■ ■ · ■ 8
· · ■ 1 ■ · 2 ■ · ■
· ■ · ■ · ■ ■ · · ·
■ · · ■ ■ · · ■ ■ ■
4 ■ ■ 1 ■ ■ ■ ■ 1 ■
■ ■ · ■ ■ · · · ■ ·
· · ■ · ■ · · ■ · ■
■ ■ · ■ 1 ■ · ■ ■ 6
6 · ■ · ■ ■ D ■ · ■
7 · ■ · ■ · ■ ■ · ·
· ■ · ■ · ■ ■ · ■ 8
· · ■ 1 ■ · 2 ■ · ■
· ■ · ■ · ■ ■ · · ·
■ · · ■ ■ · · ■ ■ ■
4 ■ ■ 1 ■ ■ ■ ■ 1 ■
■ ■ · ■ ■ · · · ■ ·
· · ■ · ■ · · ■ · ■
■ ■ · ■ 1 ■ · ■ ■ 6
6 · ■ · ■ ■ D ■ · ■
7 · ■ · ■ · ■ ■ · ·
· ■ · ■ · ■ ■ · ■ 8
· · ■ 1 ■ · 2 ■ · ■
· ■ · ■ · ■ ■ · · ·
■ · · ■ ■ · · ■ ■ ■
4 ■ ■ 1 ■ ■ ■ ■ 1 ■
■ ■ · ■ ■ · · · ■ ·
· · ■ · ■ · · ■ · ■
■ ■ · ■ 1 ■ · ■ ■ 6
6 · ■ · ■ ■ D ■ · ■
7 · ■ · ■ · ■ ■ · ·
· ■ · ■ · ■ ■ · ■ 8
· · ■ 1 ■ · 2 ■ · ■
· ■ · ■ · ■ ■ · · ·
■ · · ■ ■ · · ■ ■ ■
4 ■ ■ 1 ■ ■ ■ ■ 1 ■
■ ■ · ■ ■ · · · ■ ·
· · ■ · ■ · · ■ · ■
■ ■ · ■ 1 ■ · ■ ■ 6
6 · ■ · ■ ■ D ■ · ■
7 · ■ · ■ · ■ ■ · ·
· ■ · ■ · ■ ■ · ■ 8
· · ■ 1 ■ · 2 ■ · ■
· ■ · ■ · ■ ■ · · ·
■ · · ■ ■ · · ■ ■ ■
4 ■ ■ 1 ■ ■ ■ ■ 1 ■
■ ■ · ■ ■ · · · ■ ·
· · ■ · ■ · · ■ · ■
■ ■ · ■ 1 ■ · ■ ■ 6
6 · ■ · ■ ■ D ■ · ■
# Number of solutions found: 10
# CPU time: 0.3458 s
================================= 108 =================================
# Encoding time: 0.6886 s
· · ■ ■ · ■ ■ ■ ■ 4 ■ ■ ■ · ·
· ■ ■ · ■ ■ 4 ■ · ■ ■ · · ■ ■
■ · · ■ 4 ■ ■ ■ ■ ■ 2 ■ ■ · ■
■ ■ ■ ■ ■ · ■ · ■ · ■ · ■ ■ ·
■ · ■ · ■ · ■ ■ ■ ■ · ■ · ■ ■
2 ■ 2 ■ ■ ■ · ■ 3 ■ ■ · ■ ■ ·
■ · ■ ■ 2 ■ ■ · ■ · ■ ■ ■ 2 ■
■ ■ ■ · ■ · ■ · ■ ■ · ■ · ■ ■
· ■ · ■ ■ ■ 5 ■ ■ · ■ · ■ · ■
■ ■ · ■ · ■ ■ · · ■ ■ ■ ■ ■ ■
2 ■ ■ ■ ■ · ■ ■ ■ ■ · ■ · · ■
■ · ■ · · ■ 3 ■ · · ■ 3 ■ · ■
■ ■ · ■ ■ · ■ ■ ■ ■ · ■ ■ ■ ■
· ■ ■ · ■ ■ · ■ · ■ ■ · ■ · ·
? ■ 2 ■ · ■ ■ · · · ■ ■ ■ ■ ■
· · ■ ■ · ■ ■ ■ ■ 4 ■ ■ ■ · ·
· ■ ■ · ■ ■ 4 ■ · ■ ■ · · ■ ■
■ · · ■ 4 ■ ■ ■ ■ ■ 2 ■ ■ · ■
■ ■ ■ ■ ■ · ■ · ■ · ■ · ■ ■ ·
■ · ■ · ■ · ■ ■ ■ ■ · ■ · ■ ■
2 ■ 2 ■ ■ ■ · ■ 3 ■ ■ · ■ ■ ·
■ · ■ ■ 2 ■ ■ · ■ · ■ ■ ■ 2 ■
■ ■ ■ · ■ · ■ · ■ ■ · ■ · ■ ■
· ■ · ■ ■ ■ 5 ■ ■ · ■ · ■ · ■
■ ■ · ■ · ■ ■ · · ■ ■ ■ ■ ■ ■
2 ■ ■ ■ ■ · ■ ■ ■ ■ · ■ · · ■
■ · ■ · · ■ 3 ■ · · ■ 3 ■ · ■
■ ■ · ■ ■ · ■ ■ ■ ■ · ■ ■ ■ ■
· ■ ■ · ■ ■ · ■ · ■ ■ · ■ · ·
? ■ 2 ■ · ■ ■ · · · ■ ■ ■ ■ ■
· · ■ ■ · ■ ■ ■ ■ 4 ■ ■ ■ · ·
· ■ ■ · ■ ■ 4 ■ · ■ ■ · · ■ ■
■ · · ■ 4 ■ ■ ■ ■ ■ 2 ■ ■ · ■
■ ■ ■ ■ ■ · ■ · ■ · ■ · ■ ■ ·
■ · ■ · ■ · ■ ■ ■ ■ · ■ · ■ ■
2 ■ 2 ■ ■ ■ · ■ 3 ■ ■ · ■ ■ ·
■ · ■ ■ 2 ■ ■ · ■ · ■ ■ ■ 2 ■
■ ■ ■ · ■ · ■ · ■ ■ · ■ · ■ ■
· ■ · ■ ■ ■ 5 ■ ■ · ■ · ■ · ■
■ ■ · ■ · ■ ■ · · ■ ■ ■ ■ ■ ■
2 ■ ■ ■ ■ · ■ ■ ■ ■ · ■ · · ■
■ · ■ · · ■ 3 ■ · · ■ 3 ■ · ■
■ ■ · ■ ■ · ■ ■ ■ ■ · ■ ■ ■ ■
· ■ ■ · ■ ■ · ■ · ■ ■ · ■ · ·
? ■ 2 ■ · ■ ■ · · · ■ ■ ■ ■ ■
· · ■ ■ · ■ ■ ■ ■ 4 ■ ■ ■ · ·
· ■ ■ · ■ ■ 4 ■ · ■ ■ · · ■ ■
■ · · ■ 4 ■ ■ ■ ■ ■ 2 ■ ■ · ■
■ ■ ■ ■ ■ · ■ · ■ · ■ · ■ ■ ·
■ · ■ · ■ · ■ ■ ■ ■ · ■ · ■ ■
2 ■ 2 ■ ■ ■ · ■ 3 ■ ■ · ■ ■ ·
■ · ■ ■ 2 ■ ■ · ■ · ■ ■ ■ 2 ■
■ ■ ■ · ■ · ■ · ■ ■ · ■ · ■ ■
· ■ · ■ ■ ■ 5 ■ ■ · ■ · ■ · ■
■ ■ · ■ · ■ ■ · · ■ ■ ■ ■ ■ ■
2 ■ ■ ■ ■ · ■ ■ ■ ■ · ■ · · ■
■ · ■ · · ■ 3 ■ · · ■ 3 ■ · ■
■ ■ · ■ ■ · ■ ■ ■ ■ · ■ ■ ■ ■
· ■ ■ · ■ ■ · ■ · ■ ■ · ■ · ·
? ■ 2 ■ · ■ ■ · · · ■ ■ ■ ■ ■
· · ■ ■ · ■ ■ ■ ■ 4 ■ ■ ■ · ·
· ■ ■ · ■ ■ 4 ■ · ■ ■ · · ■ ■
■ · · ■ 4 ■ ■ ■ ■ ■ 2 ■ ■ · ■
■ ■ ■ ■ ■ · ■ · ■ · ■ · ■ ■ ·
■ · ■ · ■ · ■ ■ ■ ■ · ■ · ■ ■
2 ■ 2 ■ ■ ■ · ■ 3 ■ ■ · ■ ■ ·
■ · ■ ■ 2 ■ ■ · ■ · ■ ■ ■ 2 ■
■ ■ ■ · ■ · ■ · ■ ■ · ■ · ■ ■
· ■ · ■ ■ ■ 5 ■ ■ · ■ · ■ · ■
■ ■ · ■ · ■ ■ · · ■ ■ ■ ■ ■ ■
2 ■ ■ ■ ■ · ■ ■ ■ ■ · ■ · · ■
■ · ■ · · ■ 3 ■ · · ■ 3 ■ · ■
■ ■ · ■ ■ · ■ ■ ■ ■ · ■ ■ ■ ■
· ■ ■ · ■ ■ · ■ · ■ ■ · ■ · ·
? ■ 2 ■ · ■ ■ · · · ■ ■ ■ ■ ■
· · ■ ■ · ■ ■ ■ ■ 4 ■ ■ ■ · ·
· ■ ■ · ■ ■ 4 ■ · ■ ■ · · ■ ■
■ · · ■ 4 ■ ■ ■ ■ ■ 2 ■ ■ · ■
■ ■ ■ ■ ■ · ■ · ■ · ■ · ■ ■ ·
■ · ■ · ■ · ■ ■ ■ ■ · ■ · ■ ■
2 ■ 2 ■ ■ ■ · ■ 3 ■ ■ · ■ ■ ·
■ · ■ ■ 2 ■ ■ · ■ · ■ ■ ■ 2 ■
■ ■ ■ · ■ · ■ · ■ ■ · ■ · ■ ■
· ■ · ■ ■ ■ 5 ■ ■ · ■ · ■ · ■
■ ■ · ■ · ■ ■ · · ■ ■ ■ ■ ■ ■
2 ■ ■ ■ ■ · ■ ■ ■ ■ · ■ · · ■
■ · ■ · · ■ 3 ■ · · ■ 3 ■ · ■
■ ■ · ■ ■ · ■ ■ ■ ■ · ■ ■ ■ ■
· ■ ■ · ■ ■ · ■ · ■ ■ · ■ · ·
? ■ 2 ■ · ■ ■ · · · ■ ■ ■ ■ ■
· · ■ ■ · ■ ■ ■ ■ 4 ■ ■ ■ · ·
· ■ ■ · ■ ■ 4 ■ · ■ ■ · · ■ ■
■ · · ■ 4 ■ ■ ■ ■ ■ 2 ■ ■ · ■
■ ■ ■ ■ ■ · ■ · ■ · ■ · ■ ■ ·
■ · ■ · ■ · ■ ■ ■ ■ · ■ · ■ ■
2 ■ 2 ■ ■ ■ · ■ 3 ■ ■ · ■ ■ ·
■ · ■ ■ 2 ■ ■ · ■ · ■ ■ ■ 2 ■
■ ■ ■ · ■ · ■ · ■ ■ · ■ · ■ ■
· ■ · ■ ■ ■ 5 ■ ■ · ■ · ■ · ■
■ ■ · ■ · ■ ■ · · ■ ■ ■ ■ ■ ■
2 ■ ■ ■ ■ · ■ ■ ■ ■ · ■ · · ■
■ · ■ · · ■ 3 ■ · · ■ 3 ■ · ■
■ ■ · ■ ■ · ■ ■ ■ ■ · ■ ■ ■ ■
· ■ ■ · ■ ■ · ■ · ■ ■ · ■ · ·
? ■ 2 ■ · ■ ■ · · · ■ ■ ■ ■ ■
· · ■ ■ · ■ ■ ■ ■ 4 ■ ■ ■ · ·
· ■ ■ · ■ ■ 4 ■ · ■ ■ · · ■ ■
■ · · ■ 4 ■ ■ ■ ■ ■ 2 ■ ■ · ■
■ ■ ■ ■ ■ · ■ · ■ · ■ · ■ ■ ·
■ · ■ · ■ · ■ ■ ■ ■ · ■ · ■ ■
2 ■ 2 ■ ■ ■ · ■ 3 ■ ■ · ■ ■ ·
■ · ■ ■ 2 ■ ■ · ■ · ■ ■ ■ 2 ■
■ ■ ■ · ■ · ■ · ■ ■ · ■ · ■ ■
· ■ · ■ ■ ■ 5 ■ ■ · ■ · ■ · ■
■ ■ · ■ · ■ ■ · · ■ ■ ■ ■ ■ ■
2 ■ ■ ■ ■ · ■ ■ ■ ■ · ■ · · ■
■ · ■ · · ■ 3 ■ · · ■ 3 ■ · ■
■ ■ · ■ ■ · ■ ■ ■ ■ · ■ ■ ■ ■
· ■ ■ · ■ ■ · ■ · ■ ■ · ■ · ·
? ■ 2 ■ · ■ ■ · · · ■ ■ ■ ■ ■
· · ■ ■ · ■ ■ ■ ■ 4 ■ ■ ■ · ·
· ■ ■ · ■ ■ 4 ■ · ■ ■ · · ■ ■
■ · · ■ 4 ■ ■ ■ ■ ■ 2 ■ ■ · ■
■ ■ ■ ■ ■ · ■ · ■ · ■ · ■ ■ ·
■ · ■ · ■ · ■ ■ ■ ■ · ■ · ■ ■
2 ■ 2 ■ ■ ■ · ■ 3 ■ ■ · ■ ■ ·
■ · ■ ■ 2 ■ ■ · ■ · ■ ■ ■ 2 ■
■ ■ ■ · ■ · ■ · ■ ■ · ■ · ■ ■
· ■ · ■ ■ ■ 5 ■ ■ · ■ · ■ · ■
■ ■ · ■ · ■ ■ · · ■ ■ ■ ■ ■ ■
2 ■ ■ ■ ■ · ■ ■ ■ ■ · ■ · · ■
■ · ■ · · ■ 3 ■ · · ■ 3 ■ · ■
■ ■ · ■ ■ · ■ ■ ■ ■ · ■ ■ ■ ■
· ■ ■ · ■ ■ · ■ · ■ ■ · ■ · ·
? ■ 2 ■ · ■ ■ · · · ■ ■ ■ ■ ■
· · ■ ■ · ■ ■ ■ ■ 4 ■ ■ ■ · ·
· ■ ■ · ■ ■ 4 ■ · ■ ■ · · ■ ■
■ · · ■ 4 ■ ■ ■ ■ ■ 2 ■ ■ · ■
■ ■ ■ ■ ■ · ■ · ■ · ■ · ■ ■ ·
■ · ■ · ■ · ■ ■ ■ ■ · ■ · ■ ■
2 ■ 2 ■ ■ ■ · ■ 3 ■ ■ · ■ ■ ·
■ · ■ ■ 2 ■ ■ · ■ · ■ ■ ■ 2 ■
■ ■ ■ · ■ · ■ · ■ ■ · ■ · ■ ■
· ■ · ■ ■ ■ 5 ■ ■ · ■ · ■ · ■
■ ■ · ■ · ■ ■ · · ■ ■ ■ ■ ■ ■
2 ■ ■ ■ ■ · ■ ■ ■ ■ · ■ · · ■
■ · ■ · · ■ 3 ■ · · ■ 3 ■ · ■
■ ■ · ■ ■ · ■ ■ ■ ■ · ■ ■ ■ ■
· ■ ■ · ■ ■ · ■ · ■ ■ · ■ · ·
? ■ 2 ■ · ■ ■ · · · ■ ■ ■ ■ ■
# Number of solutions found: 10
# CPU time: 1.254 s
================================= 109 =================================
# Encoding time: 2.149 s
· · ■ ■ · ■ · ■ ■ · · ■
■ · ■ · ■ · ■ ? · ■ ■ ·
· ■ · ■ ■ 4 ■ ■ ■ · ■ ■
■ ■ ■ 3 ■ ■ · ■ ? ■ · ■
■ ? · ■ ■ · 3 ■ ■ · ■ ·
· ■ ■ ■ 3 ■ ■ · ■ 6 ■ ·
■ ■ 5 · ■ · ■ 3 ■ ■ · ■
■ · ■ ■ ■ 4 ■ ■ · ■ 5 ■
· ■ ■ 5 · ■ ■ · ? ■ ■ ·
■ ■ · ■ ■ ■ 5 ■ ■ · ■ ■
· ■ ■ ■ 4 ■ ■ ■ · ■ ■ ·
■ · ■ · ■ · · ■ ■ ■ · ■
· · ■ ■ · ■ · ■ ■ · · ■
■ · ■ · ■ · ■ ? · ■ ■ ·
· ■ · ■ ■ 4 ■ ■ ■ · ■ ■
■ ■ ■ 3 ■ ■ · ■ ? ■ · ■
■ ? · ■ ■ · 3 ■ ■ · ■ ·
· ■ ■ ■ 3 ■ ■ · ■ 6 ■ ·
■ ■ 5 · ■ · ■ 3 ■ ■ · ■
■ · ■ ■ ■ 4 ■ ■ · ■ 5 ■
· ■ ■ 5 · ■ ■ · ? ■ ■ ·
■ ■ · ■ ■ ■ 5 ■ ■ · ■ ■
· ■ ■ ■ 4 ■ ■ ■ · ■ ■ ·
■ · ■ · ■ · · ■ ■ ■ · ■
· · ■ ■ · ■ · ■ ■ · · ■
■ · ■ · ■ · ■ ? · ■ ■ ·
· ■ · ■ ■ 4 ■ ■ ■ · ■ ■
■ ■ ■ 3 ■ ■ · ■ ? ■ · ■
■ ? · ■ ■ · 3 ■ ■ · ■ ·
· ■ ■ ■ 3 ■ ■ · ■ 6 ■ ·
■ ■ 5 · ■ · ■ 3 ■ ■ · ■
■ · ■ ■ ■ 4 ■ ■ · ■ 5 ■
· ■ ■ 5 · ■ ■ · ? ■ ■ ·
■ ■ · ■ ■ ■ 5 ■ ■ · ■ ■
· ■ ■ ■ 4 ■ ■ ■ · ■ ■ ·
■ · ■ · ■ · · ■ ■ ■ · ■
· · ■ ■ · ■ · ■ ■ · · ■
■ · ■ · ■ · ■ ? · ■ ■ ·
· ■ · ■ ■ 4 ■ ■ ■ · ■ ■
■ ■ ■ 3 ■ ■ · ■ ? ■ · ■
■ ? · ■ ■ · 3 ■ ■ · ■ ·
· ■ ■ ■ 3 ■ ■ · ■ 6 ■ ·
■ ■ 5 · ■ · ■ 3 ■ ■ · ■
■ · ■ ■ ■ 4 ■ ■ · ■ 5 ■
· ■ ■ 5 · ■ ■ · ? ■ ■ ·
■ ■ · ■ ■ ■ 5 ■ ■ · ■ ■
· ■ ■ ■ 4 ■ ■ ■ · ■ ■ ·
■ · ■ · ■ · · ■ ■ ■ · ■
· · ■ ■ · ■ · ■ ■ · · ■
■ · ■ · ■ · ■ ? · ■ ■ ·
· ■ · ■ ■ 4 ■ ■ ■ · ■ ■
■ ■ ■ 3 ■ ■ · ■ ? ■ · ■
■ ? · ■ ■ · 3 ■ ■ · ■ ·
· ■ ■ ■ 3 ■ ■ · ■ 6 ■ ·
■ ■ 5 · ■ · ■ 3 ■ ■ · ■
■ · ■ ■ ■ 4 ■ ■ · ■ 5 ■
· ■ ■ 5 · ■ ■ · ? ■ ■ ·
■ ■ · ■ ■ ■ 5 ■ ■ · ■ ■
· ■ ■ ■ 4 ■ ■ ■ · ■ ■ ·
■ · ■ · ■ · · ■ ■ ■ · ■
· · ■ ■ · ■ · ■ ■ · · ■
■ · ■ · ■ · ■ ? · ■ ■ ·
· ■ · ■ ■ 4 ■ ■ ■ · ■ ■
■ ■ ■ 3 ■ ■ · ■ ? ■ · ■
■ ? · ■ ■ · 3 ■ ■ · ■ ·
· ■ ■ ■ 3 ■ ■ · ■ 6 ■ ·
■ ■ 5 · ■ · ■ 3 ■ ■ · ■
■ · ■ ■ ■ 4 ■ ■ · ■ 5 ■
· ■ ■ 5 · ■ ■ · ? ■ ■ ·
■ ■ · ■ ■ ■ 5 ■ ■ · ■ ■
· ■ ■ ■ 4 ■ ■ ■ · ■ ■ ·
■ · ■ · ■ · · ■ ■ ■ · ■
· · ■ ■ · ■ · ■ ■ · · ■
■ · ■ · ■ · ■ ? · ■ ■ ·
· ■ · ■ ■ 4 ■ ■ ■ · ■ ■
■ ■ ■ 3 ■ ■ · ■ ? ■ · ■
■ ? · ■ ■ · 3 ■ ■ · ■ ·
· ■ ■ ■ 3 ■ ■ · ■ 6 ■ ·
■ ■ 5 · ■ · ■ 3 ■ ■ · ■
■ · ■ ■ ■ 4 ■ ■ · ■ 5 ■
· ■ ■ 5 · ■ ■ · ? ■ ■ ·
■ ■ · ■ ■ ■ 5 ■ ■ · ■ ■
· ■ ■ ■ 4 ■ ■ ■ · ■ ■ ·
■ · ■ · ■ · · ■ ■ ■ · ■
· · ■ ■ · ■ · ■ ■ · · ■
■ · ■ · ■ · ■ ? · ■ ■ ·
· ■ · ■ ■ 4 ■ ■ ■ · ■ ■
■ ■ ■ 3 ■ ■ · ■ ? ■ · ■
■ ? · ■ ■ · 3 ■ ■ · ■ ·
· ■ ■ ■ 3 ■ ■ · ■ 6 ■ ·
■ ■ 5 · ■ · ■ 3 ■ ■ · ■
■ · ■ ■ ■ 4 ■ ■ · ■ 5 ■
· ■ ■ 5 · ■ ■ · ? ■ ■ ·
■ ■ · ■ ■ ■ 5 ■ ■ · ■ ■
· ■ ■ ■ 4 ■ ■ ■ · ■ ■ ·
■ · ■ · ■ · · ■ ■ ■ · ■
· · ■ ■ · ■ · ■ ■ · · ■
■ · ■ · ■ · ■ ? · ■ ■ ·
· ■ · ■ ■ 4 ■ ■ ■ · ■ ■
■ ■ ■ 3 ■ ■ · ■ ? ■ · ■
■ ? · ■ ■ · 3 ■ ■ · ■ ·
· ■ ■ ■ 3 ■ ■ · ■ 6 ■ ·
■ ■ 5 · ■ · ■ 3 ■ ■ · ■
■ · ■ ■ ■ 4 ■ ■ · ■ 5 ■
· ■ ■ 5 · ■ ■ · ? ■ ■ ·
■ ■ · ■ ■ ■ 5 ■ ■ · ■ ■
· ■ ■ ■ 4 ■ ■ ■ · ■ ■ ·
■ · ■ · ■ · · ■ ■ ■ · ■
· · ■ ■ · ■ · ■ ■ · · ■
■ · ■ · ■ · ■ ? · ■ ■ ·
· ■ · ■ ■ 4 ■ ■ ■ · ■ ■
■ ■ ■ 3 ■ ■ · ■ ? ■ · ■
■ ? · ■ ■ · 3 ■ ■ · ■ ·
· ■ ■ ■ 3 ■ ■ · ■ 6 ■ ·
■ ■ 5 · ■ · ■ 3 ■ ■ · ■
■ · ■ ■ ■ 4 ■ ■ · ■ 5 ■
· ■ ■ 5 · ■ ■ · ? ■ ■ ·
■ ■ · ■ ■ ■ 5 ■ ■ · ■ ■
· ■ ■ ■ 4 ■ ■ ■ · ■ ■ ·
■ · ■ · ■ · · ■ ■ ■ · ■
# Number of solutions found: 10
# CPU time: 3.576 s
================================= 110 =================================
# Encoding time: 1.078 s
■ ■ ■ ■ ■ ■ ■ · ■ · ■
· · · ■ · 3 ■ ■ ■ ■ ■
■ ■ ■ ■ ■ ■ · ■ · ■ ·
■ · ■ 4 ■ · ■ 2 ■ ■ ■
■ ■ ■ ■ ■ ■ ■ ■ · ■ ·
■ 9 ■ · ■ 6 ■ · ■ 5 ■
■ ■ · ■ · · ■ ■ · ■ ■
■ · ■ 1 ■ · ■ 3 ■ ■ ·
■ ■ ■ ■ ■ ■ ■ ■ · ■ ■
· ■ · · ■ 8 ■ · ■ · ·
■ ■ ■ ■ · ■ · ■ ■ ■ ·
■ ■ ■ ■ ■ ■ ■ · ■ · ■
· · · ■ · 3 ■ ■ ■ ■ ■
■ ■ ■ ■ ■ ■ · ■ · ■ ·
■ · ■ 4 ■ · ■ 2 ■ ■ ■
■ ■ ■ ■ ■ ■ ■ ■ · ■ ·
■ 9 ■ · ■ 6 ■ · ■ 5 ■
■ ■ · ■ · · ■ ■ · ■ ■
■ · ■ 1 ■ · ■ 3 ■ ■ ·
■ ■ ■ ■ ■ ■ ■ ■ · ■ ■
· ■ · · ■ 8 ■ · ■ · ·
■ ■ ■ ■ · ■ · ■ ■ ■ ·
■ ■ ■ ■ ■ ■ ■ · ■ · ■
· · · ■ · 3 ■ ■ ■ ■ ■
■ ■ ■ ■ ■ ■ · ■ · ■ ·
■ · ■ 4 ■ · ■ 2 ■ ■ ■
■ ■ ■ ■ ■ ■ ■ ■ · ■ ·
■ 9 ■ · ■ 6 ■ · ■ 5 ■
■ ■ · ■ · · ■ ■ · ■ ■
■ · ■ 1 ■ · ■ 3 ■ ■ ·
■ ■ ■ ■ ■ ■ ■ ■ · ■ ■
· ■ · · ■ 8 ■ · ■ · ·
■ ■ ■ ■ · ■ · ■ ■ ■ ·
■ ■ ■ ■ ■ ■ ■ · ■ · ■
· · · ■ · 3 ■ ■ ■ ■ ■
■ ■ ■ ■ ■ ■ · ■ · ■ ·
■ · ■ 4 ■ · ■ 2 ■ ■ ■
■ ■ ■ ■ ■ ■ ■ ■ · ■ ·
■ 9 ■ · ■ 6 ■ · ■ 5 ■
■ ■ · ■ · · ■ ■ · ■ ■
■ · ■ 1 ■ · ■ 3 ■ ■ ·
■ ■ ■ ■ ■ ■ ■ ■ · ■ ■
· ■ · · ■ 8 ■ · ■ · ·
■ ■ ■ ■ · ■ · ■ ■ ■ ·
■ ■ ■ ■ ■ ■ ■ · ■ · ■
· · · ■ · 3 ■ ■ ■ ■ ■
■ ■ ■ ■ ■ ■ · ■ · ■ ·
■ · ■ 4 ■ · ■ 2 ■ ■ ■
■ ■ ■ ■ ■ ■ ■ ■ · ■ ·
■ 9 ■ · ■ 6 ■ · ■ 5 ■
■ ■ · ■ · · ■ ■ · ■ ■
■ · ■ 1 ■ · ■ 3 ■ ■ ·
■ ■ ■ ■ ■ ■ ■ ■ · ■ ■
· ■ · · ■ 8 ■ · ■ · ·
■ ■ ■ ■ · ■ · ■ ■ ■ ·
■ ■ ■ ■ ■ ■ ■ · ■ · ■
· · · ■ · 3 ■ ■ ■ ■ ■
■ ■ ■ ■ ■ ■ · ■ · ■ ·
■ · ■ 4 ■ · ■ 2 ■ ■ ■
■ ■ ■ ■ ■ ■ ■ ■ · ■ ·
■ 9 ■ · ■ 6 ■ · ■ 5 ■
■ ■ · ■ · · ■ ■ · ■ ■
■ · ■ 1 ■ · ■ 3 ■ ■ ·
■ ■ ■ ■ ■ ■ ■ ■ · ■ ■
· ■ · · ■ 8 ■ · ■ · ·
■ ■ ■ ■ · ■ · ■ ■ ■ ·
■ ■ ■ ■ ■ ■ ■ · ■ · ■
· · · ■ · 3 ■ ■ ■ ■ ■
■ ■ ■ ■ ■ ■ · ■ · ■ ·
■ · ■ 4 ■ · ■ 2 ■ ■ ■
■ ■ ■ ■ ■ ■ ■ ■ · ■ ·
■ 9 ■ · ■ 6 ■ · ■ 5 ■
■ ■ · ■ · · ■ ■ · ■ ■
■ · ■ 1 ■ · ■ 3 ■ ■ ·
■ ■ ■ ■ ■ ■ ■ ■ · ■ ■
· ■ · · ■ 8 ■ · ■ · ·
■ ■ ■ ■ · ■ · ■ ■ ■ ·
■ ■ ■ ■ ■ ■ ■ · ■ · ■
· · · ■ · 3 ■ ■ ■ ■ ■
■ ■ ■ ■ ■ ■ · ■ · ■ ·
■ · ■ 4 ■ · ■ 2 ■ ■ ■
■ ■ ■ ■ ■ ■ ■ ■ · ■ ·
■ 9 ■ · ■ 6 ■ · ■ 5 ■
■ ■ · ■ · · ■ ■ · ■ ■
■ · ■ 1 ■ · ■ 3 ■ ■ ·
■ ■ ■ ■ ■ ■ ■ ■ · ■ ■
· ■ · · ■ 8 ■ · ■ · ·
■ ■ ■ ■ · ■ · ■ ■ ■ ·
■ ■ ■ ■ ■ ■ ■ · ■ · ■
· · · ■ · 3 ■ ■ ■ ■ ■
■ ■ ■ ■ ■ ■ · ■ · ■ ·
■ · ■ 4 ■ · ■ 2 ■ ■ ■
■ ■ ■ ■ ■ ■ ■ ■ · ■ ·
■ 9 ■ · ■ 6 ■ · ■ 5 ■
■ ■ · ■ · · ■ ■ · ■ ■
■ · ■ 1 ■ · ■ 3 ■ ■ ·
■ ■ ■ ■ ■ ■ ■ ■ · ■ ■
· ■ · · ■ 8 ■ · ■ · ·
■ ■ ■ ■ · ■ · ■ ■ ■ ·
■ ■ ■ ■ ■ ■ ■ · ■ · ■
· · · ■ · 3 ■ ■ ■ ■ ■
■ ■ ■ ■ ■ ■ · ■ · ■ ·
■ · ■ 4 ■ · ■ 2 ■ ■ ■
■ ■ ■ ■ ■ ■ ■ ■ · ■ ·
■ 9 ■ · ■ 6 ■ · ■ 5 ■
■ ■ · ■ · · ■ ■ · ■ ■
■ · ■ 1 ■ · ■ 3 ■ ■ ·
■ ■ ■ ■ ■ ■ ■ ■ · ■ ■
· ■ · · ■ 8 ■ · ■ · ·
■ ■ ■ ■ · ■ · ■ ■ ■ ·
# Number of solutions found: 10
# CPU time: 1.82 s
================================= 111 =================================
# Encoding time: 1.087 s
■ 3 ■ · 4 ■ 5 ■ ■ 2
· ■ · ■ · · ■ · · ■
2 ■ · · ■ ■ · ■ ■ 4
■ · ■ ■ · ■ ■ ■ · ■
B ■ · · ■ · ■ · ■ ·
■ · ■ ■ · · ■ ■ ■ 4
4 ■ · · ■ ■ · ■ · ■
■ · ■ · ■ · · ■ · ·
7 ■ · ■ ■ · ■ · ■ ■
■ · · ■ · ■ 4 ■ · ·
■ 3 ■ · 4 ■ 5 ■ ■ 2
· ■ · ■ · · ■ · · ■
2 ■ · · ■ ■ · ■ ■ 4
■ · ■ ■ · ■ ■ ■ · ■
B ■ · · ■ · ■ · ■ ·
■ · ■ ■ · · ■ ■ ■ 4
4 ■ · · ■ ■ · ■ · ■
■ · ■ · ■ · · ■ · ·
7 ■ · ■ ■ · ■ · ■ ■
■ · · ■ · ■ 4 ■ · ·
■ 3 ■ · 4 ■ 5 ■ ■ 2
· ■ · ■ · · ■ · · ■
2 ■ · · ■ ■ · ■ ■ 4
■ · ■ ■ · ■ ■ ■ · ■
B ■ · · ■ · ■ · ■ ·
■ · ■ ■ · · ■ ■ ■ 4
4 ■ · · ■ ■ · ■ · ■
■ · ■ · ■ · · ■ · ·
7 ■ · ■ ■ · ■ · ■ ■
■ · · ■ · ■ 4 ■ · ·
■ 3 ■ · 4 ■ 5 ■ ■ 2
· ■ · ■ · · ■ · · ■
2 ■ · · ■ ■ · ■ ■ 4
■ · ■ ■ · ■ ■ ■ · ■
B ■ · · ■ · ■ · ■ ·
■ · ■ ■ · · ■ ■ ■ 4
4 ■ · · ■ ■ · ■ · ■
■ · ■ · ■ · · ■ · ·
7 ■ · ■ ■ · ■ · ■ ■
■ · · ■ · ■ 4 ■ · ·
■ 3 ■ · 4 ■ 5 ■ ■ 2
· ■ · ■ · · ■ · · ■
2 ■ · · ■ ■ · ■ ■ 4
■ · ■ ■ · ■ ■ ■ · ■
B ■ · · ■ · ■ · ■ ·
■ · ■ ■ · · ■ ■ ■ 4
4 ■ · · ■ ■ · ■ · ■
■ · ■ · ■ · · ■ · ·
7 ■ · ■ ■ · ■ · ■ ■
■ · · ■ · ■ 4 ■ · ·
■ 3 ■ · 4 ■ 5 ■ ■ 2
· ■ · ■ · · ■ · · ■
2 ■ · · ■ ■ · ■ ■ 4
■ · ■ ■ · ■ ■ ■ · ■
B ■ · · ■ · ■ · ■ ·
■ · ■ ■ · · ■ ■ ■ 4
4 ■ · · ■ ■ · ■ · ■
■ · ■ · ■ · · ■ · ·
7 ■ · ■ ■ · ■ · ■ ■
■ · · ■ · ■ 4 ■ · ·
■ 3 ■ · 4 ■ 5 ■ ■ 2
· ■ · ■ · · ■ · · ■
2 ■ · · ■ ■ · ■ ■ 4
■ · ■ ■ · ■ ■ ■ · ■
B ■ · · ■ · ■ · ■ ·
■ · ■ ■ · · ■ ■ ■ 4
4 ■ · · ■ ■ · ■ · ■
■ · ■ · ■ · · ■ · ·
7 ■ · ■ ■ · ■ · ■ ■
■ · · ■ · ■ 4 ■ · ·
■ 3 ■ · 4 ■ 5 ■ ■ 2
· ■ · ■ · · ■ · · ■
2 ■ · · ■ ■ · ■ ■ 4
■ · ■ ■ · ■ ■ ■ · ■
B ■ · · ■ · ■ · ■ ·
■ · ■ ■ · · ■ ■ ■ 4
4 ■ · · ■ ■ · ■ · ■
■ · ■ · ■ · · ■ · ·
7 ■ · ■ ■ · ■ · ■ ■
■ · · ■ · ■ 4 ■ · ·
■ 3 ■ · 4 ■ 5 ■ ■ 2
· ■ · ■ · · ■ · · ■
2 ■ · · ■ ■ · ■ ■ 4
■ · ■ ■ · ■ ■ ■ · ■
B ■ · · ■ · ■ · ■ ·
■ · ■ ■ · · ■ ■ ■ 4
4 ■ · · ■ ■ · ■ · ■
■ · ■ · ■ · · ■ · ·
7 ■ · ■ ■ · ■ · ■ ■
■ · · ■ · ■ 4 ■ · ·
■ 3 ■ · 4 ■ 5 ■ ■ 2
· ■ · ■ · · ■ · · ■
2 ■ · · ■ ■ · ■ ■ 4
■ · ■ ■ · ■ ■ ■ · ■
B ■ · · ■ · ■ · ■ ·
■ · ■ ■ · · ■ ■ ■ 4
4 ■ · · ■ ■ · ■ · ■
■ · ■ · ■ · · ■ · ·
7 ■ · ■ ■ · ■ · ■ ■
■ · · ■ · ■ 4 ■ · ·
# Number of solutions found: 10
# CPU time: 1.889 s
================================= 112 =================================
# Encoding time: 0.9873 s
■ · ■ · ■ · ■ 6 ■ ·
■ · ■ · · ■ · ■ · ■
· ■ · ■ ■ 5 ■ 2 ■ ■
■ · ■ · 5 ■ · ■ · ·
· · ■ · ■ 4 ■ · ■ ■
■ ■ · ■ 1 ■ · ■ 5 ·
· · ■ · ■ · ■ ■ · ·
· ■ · ■ ■ 4 ■ 7 ■ ■
■ · ■ · · ■ ■ ■ · ·
A ■ · ■ · ■ · ■ ■ ■
■ · ■ · ■ · ■ 6 ■ ·
■ · ■ · · ■ · ■ · ■
· ■ · ■ ■ 5 ■ 2 ■ ■
■ · ■ · 5 ■ · ■ · ·
· · ■ · ■ 4 ■ · ■ ■
■ ■ · ■ 1 ■ · ■ 5 ·
· · ■ · ■ · ■ ■ · ·
· ■ · ■ ■ 4 ■ 7 ■ ■
■ · ■ · · ■ ■ ■ · ·
A ■ · ■ · ■ · ■ ■ ■
■ · ■ · ■ · ■ 6 ■ ·
■ · ■ · · ■ · ■ · ■
· ■ · ■ ■ 5 ■ 2 ■ ■
■ · ■ · 5 ■ · ■ · ·
· · ■ · ■ 4 ■ · ■ ■
■ ■ · ■ 1 ■ · ■ 5 ·
· · ■ · ■ · ■ ■ · ·
· ■ · ■ ■ 4 ■ 7 ■ ■
■ · ■ · · ■ ■ ■ · ·
A ■ · ■ · ■ · ■ ■ ■
■ · ■ · ■ · ■ 6 ■ ·
■ · ■ · · ■ · ■ · ■
· ■ · ■ ■ 5 ■ 2 ■ ■
■ · ■ · 5 ■ · ■ · ·
· · ■ · ■ 4 ■ · ■ ■
■ ■ · ■ 1 ■ · ■ 5 ·
· · ■ · ■ · ■ ■ · ·
· ■ · ■ ■ 4 ■ 7 ■ ■
■ · ■ · · ■ ■ ■ · ·
A ■ · ■ · ■ · ■ ■ ■
■ · ■ · ■ · ■ 6 ■ ·
■ · ■ · · ■ · ■ · ■
· ■ · ■ ■ 5 ■ 2 ■ ■
■ · ■ · 5 ■ · ■ · ·
· · ■ · ■ 4 ■ · ■ ■
■ ■ · ■ 1 ■ · ■ 5 ·
· · ■ · ■ · ■ ■ · ·
· ■ · ■ ■ 4 ■ 7 ■ ■
■ · ■ · · ■ ■ ■ · ·
A ■ · ■ · ■ · ■ ■ ■
■ · ■ · ■ · ■ 6 ■ ·
■ · ■ · · ■ · ■ · ■
· ■ · ■ ■ 5 ■ 2 ■ ■
■ · ■ · 5 ■ · ■ · ·
· · ■ · ■ 4 ■ · ■ ■
■ ■ · ■ 1 ■ · ■ 5 ·
· · ■ · ■ · ■ ■ · ·
· ■ · ■ ■ 4 ■ 7 ■ ■
■ · ■ · · ■ ■ ■ · ·
A ■ · ■ · ■ · ■ ■ ■
■ · ■ · ■ · ■ 6 ■ ·
■ · ■ · · ■ · ■ · ■
· ■ · ■ ■ 5 ■ 2 ■ ■
■ · ■ · 5 ■ · ■ · ·
· · ■ · ■ 4 ■ · ■ ■
■ ■ · ■ 1 ■ · ■ 5 ·
· · ■ · ■ · ■ ■ · ·
· ■ · ■ ■ 4 ■ 7 ■ ■
■ · ■ · · ■ ■ ■ · ·
A ■ · ■ · ■ · ■ ■ ■
■ · ■ · ■ · ■ 6 ■ ·
■ · ■ · · ■ · ■ · ■
· ■ · ■ ■ 5 ■ 2 ■ ■
■ · ■ · 5 ■ · ■ · ·
· · ■ · ■ 4 ■ · ■ ■
■ ■ · ■ 1 ■ · ■ 5 ·
· · ■ · ■ · ■ ■ · ·
· ■ · ■ ■ 4 ■ 7 ■ ■
■ · ■ · · ■ ■ ■ · ·
A ■ · ■ · ■ · ■ ■ ■
■ · ■ · ■ · ■ 6 ■ ·
■ · ■ · · ■ · ■ · ■
· ■ · ■ ■ 5 ■ 2 ■ ■
■ · ■ · 5 ■ · ■ · ·
· · ■ · ■ 4 ■ · ■ ■
■ ■ · ■ 1 ■ · ■ 5 ·
· · ■ · ■ · ■ ■ · ·
· ■ · ■ ■ 4 ■ 7 ■ ■
■ · ■ · · ■ ■ ■ · ·
A ■ · ■ · ■ · ■ ■ ■
■ · ■ · ■ · ■ 6 ■ ·
■ · ■ · · ■ · ■ · ■
· ■ · ■ ■ 5 ■ 2 ■ ■
■ · ■ · 5 ■ · ■ · ·
· · ■ · ■ 4 ■ · ■ ■
■ ■ · ■ 1 ■ · ■ 5 ·
· · ■ · ■ · ■ ■ · ·
· ■ · ■ ■ 4 ■ 7 ■ ■
■ · ■ · · ■ ■ ■ · ·
A ■ · ■ · ■ · ■ ■ ■
# Number of solutions found: 10
# CPU time: 2.808 s
================================= 113 =================================
# Encoding time: 0.8801 s
· ■ ■ 7 · ■ · · ■ ·
■ · ■ · ■ 2 ■ ■ · ■
· ■ ■ ■ · ■ ■ 4 ■ ·
■ · · · · ■ · ■ · ■
■ ■ ■ ■ ■ · ■ ■ A ■
· · · · · ■ · · ■ ·
· · ■ · · ■ · ■ ? ■
■ ■ · ■ ■ · ■ ■ · ■
· ■ · ■ · ■ ■ D ■ ■
■ 1 ■ 3 ■ 2 ■ ■ ■ ·
· ■ ■ 7 · ■ · · ■ ·
■ · ■ · ■ 2 ■ ■ · ■
· ■ ■ ■ · ■ ■ 4 ■ ·
■ · · · · ■ · ■ · ■
■ ■ ■ ■ ■ · ■ ■ A ■
· · · · · ■ · · ■ ·
· · ■ · · ■ · ■ ? ■
■ ■ · ■ ■ · ■ ■ · ■
· ■ · ■ · ■ ■ D ■ ■
■ 1 ■ 3 ■ 2 ■ ■ ■ ·
· ■ ■ 7 · ■ · · ■ ·
■ · ■ · ■ 2 ■ ■ · ■
· ■ ■ ■ · ■ ■ 4 ■ ·
■ · · · · ■ · ■ · ■
■ ■ ■ ■ ■ · ■ ■ A ■
· · · · · ■ · · ■ ·
· · ■ · · ■ · ■ ? ■
■ ■ · ■ ■ · ■ ■ · ■
· ■ · ■ · ■ ■ D ■ ■
■ 1 ■ 3 ■ 2 ■ ■ ■ ·
· ■ ■ 7 · ■ · · ■ ·
■ · ■ · ■ 2 ■ ■ · ■
· ■ ■ ■ · ■ ■ 4 ■ ·
■ · · · · ■ · ■ · ■
■ ■ ■ ■ ■ · ■ ■ A ■
· · · · · ■ · · ■ ·
· · ■ · · ■ · ■ ? ■
■ ■ · ■ ■ · ■ ■ · ■
· ■ · ■ · ■ ■ D ■ ■
■ 1 ■ 3 ■ 2 ■ ■ ■ ·
· ■ ■ 7 · ■ · · ■ ·
■ · ■ · ■ 2 ■ ■ · ■
· ■ ■ ■ · ■ ■ 4 ■ ·
■ · · · · ■ · ■ · ■
■ ■ ■ ■ ■ · ■ ■ A ■
· · · · · ■ · · ■ ·
· · ■ · · ■ · ■ ? ■
■ ■ · ■ ■ · ■ ■ · ■
· ■ · ■ · ■ ■ D ■ ■
■ 1 ■ 3 ■ 2 ■ ■ ■ ·
· ■ ■ 7 · ■ · · ■ ·
■ · ■ · ■ 2 ■ ■ · ■
· ■ ■ ■ · ■ ■ 4 ■ ·
■ · · · · ■ · ■ · ■
■ ■ ■ ■ ■ · ■ ■ A ■
· · · · · ■ · · ■ ·
· · ■ · · ■ · ■ ? ■
■ ■ · ■ ■ · ■ ■ · ■
· ■ · ■ · ■ ■ D ■ ■
■ 1 ■ 3 ■ 2 ■ ■ ■ ·
· ■ ■ 7 · ■ · · ■ ·
■ · ■ · ■ 2 ■ ■ · ■
· ■ ■ ■ · ■ ■ 4 ■ ·
■ · · · · ■ · ■ · ■
■ ■ ■ ■ ■ · ■ ■ A ■
· · · · · ■ · · ■ ·
· · ■ · · ■ · ■ ? ■
■ ■ · ■ ■ · ■ ■ · ■
· ■ · ■ · ■ ■ D ■ ■
■ 1 ■ 3 ■ 2 ■ ■ ■ ·
· ■ ■ 7 · ■ · · ■ ·
■ · ■ · ■ 2 ■ ■ · ■
· ■ ■ ■ · ■ ■ 4 ■ ·
■ · · · · ■ · ■ · ■
■ ■ ■ ■ ■ · ■ ■ A ■
· · · · · ■ · · ■ ·
· · ■ · · ■ · ■ ? ■
■ ■ · ■ ■ · ■ ■ · ■
· ■ · ■ · ■ ■ D ■ ■
■ 1 ■ 3 ■ 2 ■ ■ ■ ·
· ■ ■ 7 · ■ · · ■ ·
■ · ■ · ■ 2 ■ ■ · ■
· ■ ■ ■ · ■ ■ 4 ■ ·
■ · · · · ■ · ■ · ■
■ ■ ■ ■ ■ · ■ ■ A ■
· · · · · ■ · · ■ ·
· · ■ · · ■ · ■ ? ■
■ ■ · ■ ■ · ■ ■ · ■
· ■ · ■ · ■ ■ D ■ ■
■ 1 ■ 3 ■ 2 ■ ■ ■ ·
· ■ ■ 7 · ■ · · ■ ·
■ · ■ · ■ 2 ■ ■ · ■
· ■ ■ ■ · ■ ■ 4 ■ ·
■ · · · · ■ · ■ · ■
■ ■ ■ ■ ■ · ■ ■ A ■
· · · · · ■ · · ■ ·
· · ■ · · ■ · ■ ? ■
■ ■ · ■ ■ · ■ ■ · ■
· ■ · ■ · ■ ■ D ■ ■
■ 1 ■ 3 ■ 2 ■ ■ ■ ·
# Number of solutions found: 10
# CPU time: 1.386 s
================================= 114 =================================
# Encoding time: 0.207 s
■ 2 ■ ■ · ■
· ■ ■ · ■ ■
■ ■ 2 ■ 2 ■
2 ■ ■ · ■ 2
■ ■ 2 ■ ■ ■
■ · ■ ■ · ■
■ 2 ■ ■ · ■
· ■ ■ · ■ ■
■ ■ 2 ■ 2 ■
2 ■ ■ · ■ 2
■ ■ 2 ■ ■ ■
■ · ■ ■ · ■
■ 2 ■ ■ · ■
· ■ ■ · ■ ■
■ ■ 2 ■ 2 ■
2 ■ ■ · ■ 2
■ ■ 2 ■ ■ ■
■ · ■ ■ · ■
■ 2 ■ ■ · ■
· ■ ■ · ■ ■
■ ■ 2 ■ 2 ■
2 ■ ■ · ■ 2
■ ■ 2 ■ ■ ■
■ · ■ ■ · ■
■ 2 ■ ■ · ■
· ■ ■ · ■ ■
■ ■ 2 ■ 2 ■
2 ■ ■ · ■ 2
■ ■ 2 ■ ■ ■
■ · ■ ■ · ■
■ 2 ■ ■ · ■
· ■ ■ · ■ ■
■ ■ 2 ■ 2 ■
2 ■ ■ · ■ 2
■ ■ 2 ■ ■ ■
■ · ■ ■ · ■
■ 2 ■ ■ · ■
· ■ ■ · ■ ■
■ ■ 2 ■ 2 ■
2 ■ ■ · ■ 2
■ ■ 2 ■ ■ ■
■ · ■ ■ · ■
■ 2 ■ ■ · ■
· ■ ■ · ■ ■
■ ■ 2 ■ 2 ■
2 ■ ■ · ■ 2
■ ■ 2 ■ ■ ■
■ · ■ ■ · ■
■ 2 ■ ■ · ■
· ■ ■ · ■ ■
■ ■ 2 ■ 2 ■
2 ■ ■ · ■ 2
■ ■ 2 ■ ■ ■
■ · ■ ■ · ■
■ 2 ■ ■ · ■
· ■ ■ · ■ ■
■ ■ 2 ■ 2 ■
2 ■ ■ · ■ 2
■ ■ 2 ■ ■ ■
■ · ■ ■ · ■
# Number of solutions found: 10
# CPU time: 0.2474 s
================================= 115 =================================
# Encoding time: 0.7581 s
· ■ 2 ■ ■ 2 ■ ·
■ · ■ ■ · ■ · ■
3 ■ ■ 2 ■ · ■ 3
· ■ · ■ 2 ■ ■ ·
■ · ■ 2 ■ ■ · ■
2 ■ · ■ 2 ■ ■ 2
■ · ■ · ■ ■ · ■
· ■ 3 ■ ■ 4 ■ ·
· ■ 2 ■ ■ 2 ■ ·
■ · ■ ■ · ■ · ■
3 ■ ■ 2 ■ · ■ 3
· ■ · ■ 2 ■ ■ ·
■ · ■ 2 ■ ■ · ■
2 ■ · ■ 2 ■ ■ 2
■ · ■ · ■ ■ · ■
· ■ 3 ■ ■ 4 ■ ·
· ■ 2 ■ ■ 2 ■ ·
■ · ■ ■ · ■ · ■
3 ■ ■ 2 ■ · ■ 3
· ■ · ■ 2 ■ ■ ·
■ · ■ 2 ■ ■ · ■
2 ■ · ■ 2 ■ ■ 2
■ · ■ · ■ ■ · ■
· ■ 3 ■ ■ 4 ■ ·
· ■ 2 ■ ■ 2 ■ ·
■ · ■ ■ · ■ · ■
3 ■ ■ 2 ■ · ■ 3
· ■ · ■ 2 ■ ■ ·
■ · ■ 2 ■ ■ · ■
2 ■ · ■ 2 ■ ■ 2
■ · ■ · ■ ■ · ■
· ■ 3 ■ ■ 4 ■ ·
· ■ 2 ■ ■ 2 ■ ·
■ · ■ ■ · ■ · ■
3 ■ ■ 2 ■ · ■ 3
· ■ · ■ 2 ■ ■ ·
■ · ■ 2 ■ ■ · ■
2 ■ · ■ 2 ■ ■ 2
■ · ■ · ■ ■ · ■
· ■ 3 ■ ■ 4 ■ ·
· ■ 2 ■ ■ 2 ■ ·
■ · ■ ■ · ■ · ■
3 ■ ■ 2 ■ · ■ 3
· ■ · ■ 2 ■ ■ ·
■ · ■ 2 ■ ■ · ■
2 ■ · ■ 2 ■ ■ 2
■ · ■ · ■ ■ · ■
· ■ 3 ■ ■ 4 ■ ·
· ■ 2 ■ ■ 2 ■ ·
■ · ■ ■ · ■ · ■
3 ■ ■ 2 ■ · ■ 3
· ■ · ■ 2 ■ ■ ·
■ · ■ 2 ■ ■ · ■
2 ■ · ■ 2 ■ ■ 2
■ · ■ · ■ ■ · ■
· ■ 3 ■ ■ 4 ■ ·
· ■ 2 ■ ■ 2 ■ ·
■ · ■ ■ · ■ · ■
3 ■ ■ 2 ■ · ■ 3
· ■ · ■ 2 ■ ■ ·
■ · ■ 2 ■ ■ · ■
2 ■ · ■ 2 ■ ■ 2
■ · ■ · ■ ■ · ■
· ■ 3 ■ ■ 4 ■ ·
· ■ 2 ■ ■ 2 ■ ·
■ · ■ ■ · ■ · ■
3 ■ ■ 2 ■ · ■ 3
· ■ · ■ 2 ■ ■ ·
■ · ■ 2 ■ ■ · ■
2 ■ · ■ 2 ■ ■ 2
■ · ■ · ■ ■ · ■
· ■ 3 ■ ■ 4 ■ ·
· ■ 2 ■ ■ 2 ■ ·
■ · ■ ■ · ■ · ■
3 ■ ■ 2 ■ · ■ 3
· ■ · ■ 2 ■ ■ ·
■ · ■ 2 ■ ■ · ■
2 ■ · ■ 2 ■ ■ 2
■ · ■ · ■ ■ · ■
· ■ 3 ■ ■ 4 ■ ·
# Number of solutions found: 10
# CPU time: 0.9366 s
================================= 116 =================================
# Encoding time: 0.7214 s
■ · ■ ■ · ■ · ■ · ·
■ 6 ■ · ■ · ■ 1A ■ ■
· ■ · ■ ■ ■ ■ ■ 2 ■
■ ■ ■ ■ · ■ 2 ■ · ■
■ · ■ · ■ ■ · ■ ■ ■
· ■ · ■ 2 ■ ■ ■ · ■
■ · ■ 1 ■ · · · · ·
· ■ · ■ · ■ · · ■ ·
■ · ■ · · · ■ · ■ ·
· · ■ ■ ■ ■ 6 ■ · ■
■ · ■ ■ · ■ · ■ · ·
■ 6 ■ · ■ · ■ 1A ■ ■
· ■ · ■ ■ ■ ■ ■ 2 ■
■ ■ ■ ■ · ■ 2 ■ · ■
■ · ■ · ■ ■ · ■ ■ ■
· ■ · ■ 2 ■ ■ ■ · ■
■ · ■ 1 ■ · · · · ·
· ■ · ■ · ■ · · ■ ·
■ · ■ · · · ■ · ■ ·
· · ■ ■ ■ ■ 6 ■ · ■
■ · ■ ■ · ■ · ■ · ·
■ 6 ■ · ■ · ■ 1A ■ ■
· ■ · ■ ■ ■ ■ ■ 2 ■
■ ■ ■ ■ · ■ 2 ■ · ■
■ · ■ · ■ ■ · ■ ■ ■
· ■ · ■ 2 ■ ■ ■ · ■
■ · ■ 1 ■ · · · · ·
· ■ · ■ · ■ · · ■ ·
■ · ■ · · · ■ · ■ ·
· · ■ ■ ■ ■ 6 ■ · ■
■ · ■ ■ · ■ · ■ · ·
■ 6 ■ · ■ · ■ 1A ■ ■
· ■ · ■ ■ ■ ■ ■ 2 ■
■ ■ ■ ■ · ■ 2 ■ · ■
■ · ■ · ■ ■ · ■ ■ ■
· ■ · ■ 2 ■ ■ ■ · ■
■ · ■ 1 ■ · · · · ·
· ■ · ■ · ■ · · ■ ·
■ · ■ · · · ■ · ■ ·
· · ■ ■ ■ ■ 6 ■ · ■
■ · ■ ■ · ■ · ■ · ·
■ 6 ■ · ■ · ■ 1A ■ ■
· ■ · ■ ■ ■ ■ ■ 2 ■
■ ■ ■ ■ · ■ 2 ■ · ■
■ · ■ · ■ ■ · ■ ■ ■
· ■ · ■ 2 ■ ■ ■ · ■
■ · ■ 1 ■ · · · · ·
· ■ · ■ · ■ · · ■ ·
■ · ■ · · · ■ · ■ ·
· · ■ ■ ■ ■ 6 ■ · ■
■ · ■ ■ · ■ · ■ · ·
■ 6 ■ · ■ · ■ 1A ■ ■
· ■ · ■ ■ ■ ■ ■ 2 ■
■ ■ ■ ■ · ■ 2 ■ · ■
■ · ■ · ■ ■ · ■ ■ ■
· ■ · ■ 2 ■ ■ ■ · ■
■ · ■ 1 ■ · · · · ·
· ■ · ■ · ■ · · ■ ·
■ · ■ · · · ■ · ■ ·
· · ■ ■ ■ ■ 6 ■ · ■
■ · ■ ■ · ■ · ■ · ·
■ 6 ■ · ■ · ■ 1A ■ ■
· ■ · ■ ■ ■ ■ ■ 2 ■
■ ■ ■ ■ · ■ 2 ■ · ■
■ · ■ · ■ ■ · ■ ■ ■
· ■ · ■ 2 ■ ■ ■ · ■
■ · ■ 1 ■ · · · · ·
· ■ · ■ · ■ · · ■ ·
■ · ■ · · · ■ · ■ ·
· · ■ ■ ■ ■ 6 ■ · ■
■ · ■ ■ · ■ · ■ · ·
■ 6 ■ · ■ · ■ 1A ■ ■
· ■ · ■ ■ ■ ■ ■ 2 ■
■ ■ ■ ■ · ■ 2 ■ · ■
■ · ■ · ■ ■ · ■ ■ ■
· ■ · ■ 2 ■ ■ ■ · ■
■ · ■ 1 ■ · · · · ·
· ■ · ■ · ■ · · ■ ·
■ · ■ · · · ■ · ■ ·
· · ■ ■ ■ ■ 6 ■ · ■
■ · ■ ■ · ■ · ■ · ·
■ 6 ■ · ■ · ■ 1A ■ ■
· ■ · ■ ■ ■ ■ ■ 2 ■
■ ■ ■ ■ · ■ 2 ■ · ■
■ · ■ · ■ ■ · ■ ■ ■
· ■ · ■ 2 ■ ■ ■ · ■
■ · ■ 1 ■ · · · · ·
· ■ · ■ · ■ · · ■ ·
■ · ■ · · · ■ · ■ ·
· · ■ ■ ■ ■ 6 ■ · ■
■ · ■ ■ · ■ · ■ · ·
■ 6 ■ · ■ · ■ 1A ■ ■
· ■ · ■ ■ ■ ■ ■ 2 ■
■ ■ ■ ■ · ■ 2 ■ · ■
■ · ■ · ■ ■ · ■ ■ ■
· ■ · ■ 2 ■ ■ ■ · ■
■ · ■ 1 ■ · · · · ·
· ■ · ■ · ■ · · ■ ·
■ · ■ · · · ■ · ■ ·
· · ■ ■ ■ ■ 6 ■ · ■
# Number of solutions found: 10
# CPU time: 1.154 s
================================= 117 =================================
# Encoding time: 0.08684 s
2 ■ ■ ■ ■
■ ■ 2 ■ ·
· ■ ■ ■ ■
■ ■ 3 ■ ·
■ · ■ ■ ■
2 ■ ■ ■ ■
■ ■ 2 ■ ·
· ■ ■ ■ ■
■ ■ 3 ■ ·
■ · ■ ■ ■
2 ■ ■ ■ ■
■ ■ 2 ■ ·
· ■ ■ ■ ■
■ ■ 3 ■ ·
■ · ■ ■ ■
2 ■ ■ ■ ■
■ ■ 2 ■ ·
· ■ ■ ■ ■
■ ■ 3 ■ ·
■ · ■ ■ ■
2 ■ ■ ■ ■
■ ■ 2 ■ ·
· ■ ■ ■ ■
■ ■ 3 ■ ·
■ · ■ ■ ■
2 ■ ■ ■ ■
■ ■ 2 ■ ·
· ■ ■ ■ ■
■ ■ 3 ■ ·
■ · ■ ■ ■
2 ■ ■ ■ ■
■ ■ 2 ■ ·
· ■ ■ ■ ■
■ ■ 3 ■ ·
■ · ■ ■ ■
2 ■ ■ ■ ■
■ ■ 2 ■ ·
· ■ ■ ■ ■
■ ■ 3 ■ ·
■ · ■ ■ ■
2 ■ ■ ■ ■
■ ■ 2 ■ ·
· ■ ■ ■ ■
■ ■ 3 ■ ·
■ · ■ ■ ■
2 ■ ■ ■ ■
■ ■ 2 ■ ·
· ■ ■ ■ ■
■ ■ 3 ■ ·
■ · ■ ■ ■
# Number of solutions found: 10
# CPU time: 0.11 s
================================= 118 =================================
# Encoding time: 0.3124 s
■ · ■ · ■ ■ 1
· ■ · ■ 2 ■ ■
■ · ■ ■ ■ 3 ■
■ ■ ■ · ■ ■ ■
· ■ · ■ ■ · ■
■ 5 ■ ■ · ■ ■
■ ■ ■ 4 ■ 1 ■
■ · ■ · ■ ■ 1
· ■ · ■ 2 ■ ■
■ · ■ ■ ■ 3 ■
■ ■ ■ · ■ ■ ■
· ■ · ■ ■ · ■
■ 5 ■ ■ · ■ ■
■ ■ ■ 4 ■ 1 ■
■ · ■ · ■ ■ 1
· ■ · ■ 2 ■ ■
■ · ■ ■ ■ 3 ■
■ ■ ■ · ■ ■ ■
· ■ · ■ ■ · ■
■ 5 ■ ■ · ■ ■
■ ■ ■ 4 ■ 1 ■
■ · ■ · ■ ■ 1
· ■ · ■ 2 ■ ■
■ · ■ ■ ■ 3 ■
■ ■ ■ · ■ ■ ■
· ■ · ■ ■ · ■
■ 5 ■ ■ · ■ ■
■ ■ ■ 4 ■ 1 ■
■ · ■ · ■ ■ 1
· ■ · ■ 2 ■ ■
■ · ■ ■ ■ 3 ■
■ ■ ■ · ■ ■ ■
· ■ · ■ ■ · ■
■ 5 ■ ■ · ■ ■
■ ■ ■ 4 ■ 1 ■
■ · ■ · ■ ■ 1
· ■ · ■ 2 ■ ■
■ · ■ ■ ■ 3 ■
■ ■ ■ · ■ ■ ■
· ■ · ■ ■ · ■
■ 5 ■ ■ · ■ ■
■ ■ ■ 4 ■ 1 ■
■ · ■ · ■ ■ 1
· ■ · ■ 2 ■ ■
■ · ■ ■ ■ 3 ■
■ ■ ■ · ■ ■ ■
· ■ · ■ ■ · ■
■ 5 ■ ■ · ■ ■
■ ■ ■ 4 ■ 1 ■
■ · ■ · ■ ■ 1
· ■ · ■ 2 ■ ■
■ · ■ ■ ■ 3 ■
■ ■ ■ · ■ ■ ■
· ■ · ■ ■ · ■
■ 5 ■ ■ · ■ ■
■ ■ ■ 4 ■ 1 ■
■ · ■ · ■ ■ 1
· ■ · ■ 2 ■ ■
■ · ■ ■ ■ 3 ■
■ ■ ■ · ■ ■ ■
· ■ · ■ ■ · ■
■ 5 ■ ■ · ■ ■
■ ■ ■ 4 ■ 1 ■
■ · ■ · ■ ■ 1
· ■ · ■ 2 ■ ■
■ · ■ ■ ■ 3 ■
■ ■ ■ · ■ ■ ■
· ■ · ■ ■ · ■
■ 5 ■ ■ · ■ ■
■ ■ ■ 4 ■ 1 ■
# Number of solutions found: 10
# CPU time: 0.4159 s
================================= 119 =================================
# Encoding time: 1.165 s
■ · ■ ■ ■ ■ ■ ■ · ■
■ ■ · ■ · ■ · · ■ ·
■ 3 ■ ■ ■ ■ · ■ 2 ■
1 ■ ■ 4 ■ · ■ 1 ■ 2
■ ■ · · ■ ■ · ■ ■ ■
■ · ■ ■ · · ■ ■ · ■
2 ■ B ■ · · ■ 2 ■ 1
■ 2 ■ ■ · ■ · ■ 7 ■
· ■ ■ · ■ ■ ■ ■ ■ ·
■ ■ · ■ ■ · ■ · ■ ■
■ · ■ ■ ■ ■ ■ ■ · ■
■ ■ · ■ · ■ · · ■ ·
■ 3 ■ ■ ■ ■ · ■ 2 ■
1 ■ ■ 4 ■ · ■ 1 ■ 2
■ ■ · · ■ ■ · ■ ■ ■
■ · ■ ■ · · ■ ■ · ■
2 ■ B ■ · · ■ 2 ■ 1
■ 2 ■ ■ · ■ · ■ 7 ■
· ■ ■ · ■ ■ ■ ■ ■ ·
■ ■ · ■ ■ · ■ · ■ ■
■ · ■ ■ ■ ■ ■ ■ · ■
■ ■ · ■ · ■ · · ■ ·
■ 3 ■ ■ ■ ■ · ■ 2 ■
1 ■ ■ 4 ■ · ■ 1 ■ 2
■ ■ · · ■ ■ · ■ ■ ■
■ · ■ ■ · · ■ ■ · ■
2 ■ B ■ · · ■ 2 ■ 1
■ 2 ■ ■ · ■ · ■ 7 ■
· ■ ■ · ■ ■ ■ ■ ■ ·
■ ■ · ■ ■ · ■ · ■ ■
■ · ■ ■ ■ ■ ■ ■ · ■
■ ■ · ■ · ■ · · ■ ·
■ 3 ■ ■ ■ ■ · ■ 2 ■
1 ■ ■ 4 ■ · ■ 1 ■ 2
■ ■ · · ■ ■ · ■ ■ ■
■ · ■ ■ · · ■ ■ · ■
2 ■ B ■ · · ■ 2 ■ 1
■ 2 ■ ■ · ■ · ■ 7 ■
· ■ ■ · ■ ■ ■ ■ ■ ·
■ ■ · ■ ■ · ■ · ■ ■
■ · ■ ■ ■ ■ ■ ■ · ■
■ ■ · ■ · ■ · · ■ ·
■ 3 ■ ■ ■ ■ · ■ 2 ■
1 ■ ■ 4 ■ · ■ 1 ■ 2
■ ■ · · ■ ■ · ■ ■ ■
■ · ■ ■ · · ■ ■ · ■
2 ■ B ■ · · ■ 2 ■ 1
■ 2 ■ ■ · ■ · ■ 7 ■
· ■ ■ · ■ ■ ■ ■ ■ ·
■ ■ · ■ ■ · ■ · ■ ■
■ · ■ ■ ■ ■ ■ ■ · ■
■ ■ · ■ · ■ · · ■ ·
■ 3 ■ ■ ■ ■ · ■ 2 ■
1 ■ ■ 4 ■ · ■ 1 ■ 2
■ ■ · · ■ ■ · ■ ■ ■
■ · ■ ■ · · ■ ■ · ■
2 ■ B ■ · · ■ 2 ■ 1
■ 2 ■ ■ · ■ · ■ 7 ■
· ■ ■ · ■ ■ ■ ■ ■ ·
■ ■ · ■ ■ · ■ · ■ ■
■ · ■ ■ ■ ■ ■ ■ · ■
■ ■ · ■ · ■ · · ■ ·
■ 3 ■ ■ ■ ■ · ■ 2 ■
1 ■ ■ 4 ■ · ■ 1 ■ 2
■ ■ · · ■ ■ · ■ ■ ■
■ · ■ ■ · · ■ ■ · ■
2 ■ B ■ · · ■ 2 ■ 1
■ 2 ■ ■ · ■ · ■ 7 ■
· ■ ■ · ■ ■ ■ ■ ■ ·
■ ■ · ■ ■ · ■ · ■ ■
■ · ■ ■ ■ ■ ■ ■ · ■
■ ■ · ■ · ■ · · ■ ·
■ 3 ■ ■ ■ ■ · ■ 2 ■
1 ■ ■ 4 ■ · ■ 1 ■ 2
■ ■ · · ■ ■ · ■ ■ ■
■ · ■ ■ · · ■ ■ · ■
2 ■ B ■ · · ■ 2 ■ 1
■ 2 ■ ■ · ■ · ■ 7 ■
· ■ ■ · ■ ■ ■ ■ ■ ·
■ ■ · ■ ■ · ■ · ■ ■
■ · ■ ■ ■ ■ ■ ■ · ■
■ ■ · ■ · ■ · · ■ ·
■ 3 ■ ■ ■ ■ · ■ 2 ■
1 ■ ■ 4 ■ · ■ 1 ■ 2
■ ■ · · ■ ■ · ■ ■ ■
■ · ■ ■ · · ■ ■ · ■
2 ■ B ■ · · ■ 2 ■ 1
■ 2 ■ ■ · ■ · ■ 7 ■
· ■ ■ · ■ ■ ■ ■ ■ ·
■ ■ · ■ ■ · ■ · ■ ■
■ · ■ ■ ■ ■ ■ ■ · ■
■ ■ · ■ · ■ · · ■ ·
■ 3 ■ ■ ■ ■ · ■ 2 ■
1 ■ ■ 4 ■ · ■ 1 ■ 2
■ ■ · · ■ ■ · ■ ■ ■
■ · ■ ■ · · ■ ■ · ■
2 ■ B ■ · · ■ 2 ■ 1
■ 2 ■ ■ · ■ · ■ 7 ■
· ■ ■ · ■ ■ ■ ■ ■ ·
■ ■ · ■ ■ · ■ · ■ ■
# Number of solutions found: 10
# CPU time: 1.695 s
================================= 120 =================================
# Encoding time: 1.364 s
2 ■ ■ 2 · ■ 2 ■ ■ 2
■ · · ■ ■ · ■ · · ■
■ · · ■ 2 ■ · · · ■
2 ■ · · ■ · · · ■ 2
■ · ■ · · · ■ · ■ ■
· ■ 2 ■ ■ ■ ■ ■ · ■
■ ■ · ■ · ■ 2 ■ ■ 2
· 2 ■ · ■ · ■ ■ · ■
■ ■ · ■ · ■ ■ · ■ ■
2 · ■ 2 ■ ■ · ■ ■ 16
2 ■ ■ 2 · ■ 2 ■ ■ 2
■ · · ■ ■ · ■ · · ■
■ · · ■ 2 ■ · · · ■
2 ■ · · ■ · · · ■ 2
■ · ■ · · · ■ · ■ ■
· ■ 2 ■ ■ ■ ■ ■ · ■
■ ■ · ■ · ■ 2 ■ ■ 2
· 2 ■ · ■ · ■ ■ · ■
■ ■ · ■ · ■ ■ · ■ ■
2 · ■ 2 ■ ■ · ■ ■ 16
2 ■ ■ 2 · ■ 2 ■ ■ 2
■ · · ■ ■ · ■ · · ■
■ · · ■ 2 ■ · · · ■
2 ■ · · ■ · · · ■ 2
■ · ■ · · · ■ · ■ ■
· ■ 2 ■ ■ ■ ■ ■ · ■
■ ■ · ■ · ■ 2 ■ ■ 2
· 2 ■ · ■ · ■ ■ · ■
■ ■ · ■ · ■ ■ · ■ ■
2 · ■ 2 ■ ■ · ■ ■ 16
2 ■ ■ 2 · ■ 2 ■ ■ 2
■ · · ■ ■ · ■ · · ■
■ · · ■ 2 ■ · · · ■
2 ■ · · ■ · · · ■ 2
■ · ■ · · · ■ · ■ ■
· ■ 2 ■ ■ ■ ■ ■ · ■
■ ■ · ■ · ■ 2 ■ ■ 2
· 2 ■ · ■ · ■ ■ · ■
■ ■ · ■ · ■ ■ · ■ ■
2 · ■ 2 ■ ■ · ■ ■ 16
2 ■ ■ 2 · ■ 2 ■ ■ 2
■ · · ■ ■ · ■ · · ■
■ · · ■ 2 ■ · · · ■
2 ■ · · ■ · · · ■ 2
■ · ■ · · · ■ · ■ ■
· ■ 2 ■ ■ ■ ■ ■ · ■
■ ■ · ■ · ■ 2 ■ ■ 2
· 2 ■ · ■ · ■ ■ · ■
■ ■ · ■ · ■ ■ · ■ ■
2 · ■ 2 ■ ■ · ■ ■ 16
2 ■ ■ 2 · ■ 2 ■ ■ 2
■ · · ■ ■ · ■ · · ■
■ · · ■ 2 ■ · · · ■
2 ■ · · ■ · · · ■ 2
■ · ■ · · · ■ · ■ ■
· ■ 2 ■ ■ ■ ■ ■ · ■
■ ■ · ■ · ■ 2 ■ ■ 2
· 2 ■ · ■ · ■ ■ · ■
■ ■ · ■ · ■ ■ · ■ ■
2 · ■ 2 ■ ■ · ■ ■ 16
2 ■ ■ 2 · ■ 2 ■ ■ 2
■ · · ■ ■ · ■ · · ■
■ · · ■ 2 ■ · · · ■
2 ■ · · ■ · · · ■ 2
■ · ■ · · · ■ · ■ ■
· ■ 2 ■ ■ ■ ■ ■ · ■
■ ■ · ■ · ■ 2 ■ ■ 2
· 2 ■ · ■ · ■ ■ · ■
■ ■ · ■ · ■ ■ · ■ ■
2 · ■ 2 ■ ■ · ■ ■ 16
2 ■ ■ 2 · ■ 2 ■ ■ 2
■ · · ■ ■ · ■ · · ■
■ · · ■ 2 ■ · · · ■
2 ■ · · ■ · · · ■ 2
■ · ■ · · · ■ · ■ ■
· ■ 2 ■ ■ ■ ■ ■ · ■
■ ■ · ■ · ■ 2 ■ ■ 2
· 2 ■ · ■ · ■ ■ · ■
■ ■ · ■ · ■ ■ · ■ ■
2 · ■ 2 ■ ■ · ■ ■ 16
2 ■ ■ 2 · ■ 2 ■ ■ 2
■ · · ■ ■ · ■ · · ■
■ · · ■ 2 ■ · · · ■
2 ■ · · ■ · · · ■ 2
■ · ■ · · · ■ · ■ ■
· ■ 2 ■ ■ ■ ■ ■ · ■
■ ■ · ■ · ■ 2 ■ ■ 2
· 2 ■ · ■ · ■ ■ · ■
■ ■ · ■ · ■ ■ · ■ ■
2 · ■ 2 ■ ■ · ■ ■ 16
2 ■ ■ 2 · ■ 2 ■ ■ 2
■ · · ■ ■ · ■ · · ■
■ · · ■ 2 ■ · · · ■
2 ■ · · ■ · · · ■ 2
■ · ■ · · · ■ · ■ ■
· ■ 2 ■ ■ ■ ■ ■ · ■
■ ■ · ■ · ■ 2 ■ ■ 2
· 2 ■ · ■ · ■ ■ · ■
■ ■ · ■ · ■ ■ · ■ ■
2 · ■ 2 ■ ■ · ■ ■ 16
# Number of solutions found: 10
# CPU time: 1.883 s
================================= 121 =================================
# Encoding time: 10.08 s
■ 4 ■ · ■ 4 ■ ■ 4 ■ ■ ■ 4 ■
· ■ 4 ■ · ■ 4 ■ ■ · · ■ ■ ·
■ · ■ ■ ■ · ■ ■ · ■ · ■ · 4
· ■ ■ · ■ ■ ■ · ■ · ■ · ■ ■
■ ■ · ■ · ■ · ■ · ■ · ■ 4 ■
· · ■ · ■ · ■ 4 ■ · ■ 4 ■ ·
■ ■ · ■ · ■ · ■ ■ ■ · ■ · ■
4 ■ ■ · ■ · ■ · ■ · ■ · ■ ·
■ ■ · ■ · ■ · ■ · · ■ ■ · ■
■ · ■ 4 ■ · ■ · ■ ■ · ■ ■ 4
· ■ ■ ■ · ■ ■ · ■ · ■ ■ 4 ■
4 ■ · ■ 4 · ■ ■ · ■ · ■ ■ ·
· ■ ■ · ■ ■ · · ■ · ■ ■ · ■
■ 4 · ■ · · ■ · · ■ · · · ·
· ■ ■ · · ■ · ■ · · ■ · · ·
■ · 4 ■ ■ 4 ■ · ■ ■ 4 ■ · ·
4 ■ ■ · ■ ■ ■ · · ■ ■ · · ·
■ · · ■ · ■ 4 ■ ■ · ■ · · ·
· ■ ■ · ■ · ■ · ■ ■ 4 ■ · ■
■ ■ · ■ · ■ 4 ■ · ■ ■ · ■ ·
· · ■ · ■ · ■ · ■ · ■ ■ · ■
· ■ ■ · ■ ■ ■ ■ · ■ · ■ ■ ·
■ ■ 4 ■ 4 ■ · ■ ■ · ■ · ■ ·
■ 4 ■ · ■ 28 ■ ■ 4 ■ · ■ 4 ■
■ 4 ■ · ■ 4 ■ ■ 4 ■ ■ ■ 4 ■
· ■ 4 ■ · ■ 4 ■ ■ · · ■ ■ ·
■ · ■ ■ ■ · ■ ■ · ■ · ■ · 4
· ■ ■ · ■ ■ ■ · ■ · ■ · ■ ■
■ ■ · ■ · ■ · ■ · ■ · ■ 4 ■
· · ■ · ■ · ■ 4 ■ · ■ 4 ■ ·
■ ■ · ■ · ■ · ■ ■ ■ · ■ · ■
4 ■ ■ · ■ · ■ · ■ · ■ · ■ ·
■ ■ · ■ · ■ · ■ · · ■ ■ · ■
■ · ■ 4 ■ · ■ · ■ ■ · ■ ■ 4
· ■ ■ ■ · ■ ■ · ■ · ■ ■ 4 ■
4 ■ · ■ 4 · ■ ■ · ■ · ■ ■ ·
· ■ ■ · ■ ■ · · ■ · ■ ■ · ■
■ 4 · ■ · · ■ · · ■ · · · ·
· ■ ■ · · ■ · ■ · · ■ · · ·
■ · 4 ■ ■ 4 ■ · ■ ■ 4 ■ · ·
4 ■ ■ · ■ ■ ■ · · ■ ■ · · ·
■ · · ■ · ■ 4 ■ ■ · ■ · · ·
· ■ ■ · ■ · ■ · ■ ■ 4 ■ · ■
■ ■ · ■ · ■ 4 ■ · ■ ■ · ■ ·
· · ■ · ■ · ■ · ■ · ■ ■ · ■
· ■ ■ · ■ ■ ■ ■ · ■ · ■ ■ ·
■ ■ 4 ■ 4 ■ · ■ ■ · ■ · ■ ·
■ 4 ■ · ■ 28 ■ ■ 4 ■ · ■ 4 ■
■ 4 ■ · ■ 4 ■ ■ 4 ■ ■ ■ 4 ■
· ■ 4 ■ · ■ 4 ■ ■ · · ■ ■ ·
■ · ■ ■ ■ · ■ ■ · ■ · ■ · 4
· ■ ■ · ■ ■ ■ · ■ · ■ · ■ ■
■ ■ · ■ · ■ · ■ · ■ · ■ 4 ■
· · ■ · ■ · ■ 4 ■ · ■ 4 ■ ·
■ ■ · ■ · ■ · ■ ■ ■ · ■ · ■
4 ■ ■ · ■ · ■ · ■ · ■ · ■ ·
■ ■ · ■ · ■ · ■ · · ■ ■ · ■
■ · ■ 4 ■ · ■ · ■ ■ · ■ ■ 4
· ■ ■ ■ · ■ ■ · ■ · ■ ■ 4 ■
4 ■ · ■ 4 · ■ ■ · ■ · ■ ■ ·
· ■ ■ · ■ ■ · · ■ · ■ ■ · ■
■ 4 · ■ · · ■ · · ■ · · · ·
· ■ ■ · · ■ · ■ · · ■ · · ·
■ · 4 ■ ■ 4 ■ · ■ ■ 4 ■ · ·
4 ■ ■ · ■ ■ ■ · · ■ ■ · · ·
■ · · ■ · ■ 4 ■ ■ · ■ · · ·
· ■ ■ · ■ · ■ · ■ ■ 4 ■ · ■
■ ■ · ■ · ■ 4 ■ · ■ ■ · ■ ·
· · ■ · ■ · ■ · ■ · ■ ■ · ■
· ■ ■ · ■ ■ ■ ■ · ■ · ■ ■ ·
■ ■ 4 ■ 4 ■ · ■ ■ · ■ · ■ ·
■ 4 ■ · ■ 28 ■ ■ 4 ■ · ■ 4 ■
■ 4 ■ · ■ 4 ■ ■ 4 ■ ■ ■ 4 ■
· ■ 4 ■ · ■ 4 ■ ■ · · ■ ■ ·
■ · ■ ■ ■ · ■ ■ · ■ · ■ · 4
· ■ ■ · ■ ■ ■ · ■ · ■ · ■ ■
■ ■ · ■ · ■ · ■ · ■ · ■ 4 ■
· · ■ · ■ · ■ 4 ■ · ■ 4 ■ ·
■ ■ · ■ · ■ · ■ ■ ■ · ■ · ■
4 ■ ■ · ■ · ■ · ■ · ■ · ■ ·
■ ■ · ■ · ■ · ■ · · ■ ■ · ■
■ · ■ 4 ■ · ■ · ■ ■ · ■ ■ 4
· ■ ■ ■ · ■ ■ · ■ · ■ ■ 4 ■
4 ■ · ■ 4 · ■ ■ · ■ · ■ ■ ·
· ■ ■ · ■ ■ · · ■ · ■ ■ · ■
■ 4 · ■ · · ■ · · ■ · · · ·
· ■ ■ · · ■ · ■ · · ■ · · ·
■ · 4 ■ ■ 4 ■ · ■ ■ 4 ■ · ·
4 ■ ■ · ■ ■ ■ · · ■ ■ · · ·
■ · · ■ · ■ 4 ■ ■ · ■ · · ·
· ■ ■ · ■ · ■ · ■ ■ 4 ■ · ■
■ ■ · ■ · ■ 4 ■ · ■ ■ · ■ ·
· · ■ · ■ · ■ · ■ · ■ ■ · ■
· ■ ■ · ■ ■ ■ ■ · ■ · ■ ■ ·
■ ■ 4 ■ 4 ■ · ■ ■ · ■ · ■ ·
■ 4 ■ · ■ 28 ■ ■ 4 ■ · ■ 4 ■
■ 4 ■ · ■ 4 ■ ■ 4 ■ ■ ■ 4 ■
· ■ 4 ■ · ■ 4 ■ ■ · · ■ ■ ·
■ · ■ ■ ■ · ■ ■ · ■ · ■ · 4
· ■ ■ · ■ ■ ■ · ■ · ■ · ■ ■
■ ■ · ■ · ■ · ■ · ■ · ■ 4 ■
· · ■ · ■ · ■ 4 ■ · ■ 4 ■ ·
■ ■ · ■ · ■ · ■ ■ ■ · ■ · ■
4 ■ ■ · ■ · ■ · ■ · ■ · ■ ·
■ ■ · ■ · ■ · ■ · · ■ ■ · ■
■ · ■ 4 ■ · ■ · ■ ■ · ■ ■ 4
· ■ ■ ■ · ■ ■ · ■ · ■ ■ 4 ■
4 ■ · ■ 4 · ■ ■ · ■ · ■ ■ ·
· ■ ■ · ■ ■ · · ■ · ■ ■ · ■
■ 4 · ■ · · ■ · · ■ · · · ·
· ■ ■ · · ■ · ■ · · ■ · · ·
■ · 4 ■ ■ 4 ■ · ■ ■ 4 ■ · ·
4 ■ ■ · ■ ■ ■ · · ■ ■ · · ·
■ · · ■ · ■ 4 ■ ■ · ■ · · ·
· ■ ■ · ■ · ■ · ■ ■ 4 ■ · ■
■ ■ · ■ · ■ 4 ■ · ■ ■ · ■ ·
· · ■ · ■ · ■ · ■ · ■ ■ · ■
· ■ ■ · ■ ■ ■ ■ · ■ · ■ ■ ·
■ ■ 4 ■ 4 ■ · ■ ■ · ■ · ■ ·
■ 4 ■ · ■ 28 ■ ■ 4 ■ · ■ 4 ■
■ 4 ■ · ■ 4 ■ ■ 4 ■ ■ ■ 4 ■
· ■ 4 ■ · ■ 4 ■ ■ · · ■ ■ ·
■ · ■ ■ ■ · ■ ■ · ■ · ■ · 4
· ■ ■ · ■ ■ ■ · ■ · ■ · ■ ■
■ ■ · ■ · ■ · ■ · ■ · ■ 4 ■
· · ■ · ■ · ■ 4 ■ · ■ 4 ■ ·
■ ■ · ■ · ■ · ■ ■ ■ · ■ · ■
4 ■ ■ · ■ · ■ · ■ · ■ · ■ ·
■ ■ · ■ · ■ · ■ · · ■ ■ · ■
■ · ■ 4 ■ · ■ · ■ ■ · ■ ■ 4
· ■ ■ ■ · ■ ■ · ■ · ■ ■ 4 ■
4 ■ · ■ 4 · ■ ■ · ■ · ■ ■ ·
· ■ ■ · ■ ■ · · ■ · ■ ■ · ■
■ 4 · ■ · · ■ · · ■ · · · ·
· ■ ■ · · ■ · ■ · · ■ · · ·
■ · 4 ■ ■ 4 ■ · ■ ■ 4 ■ · ·
4 ■ ■ · ■ ■ ■ · · ■ ■ · · ·
■ · · ■ · ■ 4 ■ ■ · ■ · · ·
· ■ ■ · ■ · ■ · ■ ■ 4 ■ · ■
■ ■ · ■ · ■ 4 ■ · ■ ■ · ■ ·
· · ■ · ■ · ■ · ■ · ■ ■ · ■
· ■ ■ · ■ ■ ■ ■ · ■ · ■ ■ ·
■ ■ 4 ■ 4 ■ · ■ ■ · ■ · ■ ·
■ 4 ■ · ■ 28 ■ ■ 4 ■ · ■ 4 ■
■ 4 ■ · ■ 4 ■ ■ 4 ■ ■ ■ 4 ■
· ■ 4 ■ · ■ 4 ■ ■ · · ■ ■ ·
■ · ■ ■ ■ · ■ ■ · ■ · ■ · 4
· ■ ■ · ■ ■ ■ · ■ · ■ · ■ ■
■ ■ · ■ · ■ · ■ · ■ · ■ 4 ■
· · ■ · ■ · ■ 4 ■ · ■ 4 ■ ·
■ ■ · ■ · ■ · ■ ■ ■ · ■ · ■
4 ■ ■ · ■ · ■ · ■ · ■ · ■ ·
■ ■ · ■ · ■ · ■ · · ■ ■ · ■
■ · ■ 4 ■ · ■ · ■ ■ · ■ ■ 4
· ■ ■ ■ · ■ ■ · ■ · ■ ■ 4 ■
4 ■ · ■ 4 · ■ ■ · ■ · ■ ■ ·
· ■ ■ · ■ ■ · · ■ · ■ ■ · ■
■ 4 · ■ · · ■ · · ■ · · · ·
· ■ ■ · · ■ · ■ · · ■ · · ·
■ · 4 ■ ■ 4 ■ · ■ ■ 4 ■ · ·
4 ■ ■ · ■ ■ ■ · · ■ ■ · · ·
■ · · ■ · ■ 4 ■ ■ · ■ · · ·
· ■ ■ · ■ · ■ · ■ ■ 4 ■ · ■
■ ■ · ■ · ■ 4 ■ · ■ ■ · ■ ·
· · ■ · ■ · ■ · ■ · ■ ■ · ■
· ■ ■ · ■ ■ ■ ■ · ■ · ■ ■ ·
■ ■ 4 ■ 4 ■ · ■ ■ · ■ · ■ ·
■ 4 ■ · ■ 28 ■ ■ 4 ■ · ■ 4 ■
■ 4 ■ · ■ 4 ■ ■ 4 ■ ■ ■ 4 ■
· ■ 4 ■ · ■ 4 ■ ■ · · ■ ■ ·
■ · ■ ■ ■ · ■ ■ · ■ · ■ · 4
· ■ ■ · ■ ■ ■ · ■ · ■ · ■ ■
■ ■ · ■ · ■ · ■ · ■ · ■ 4 ■
· · ■ · ■ · ■ 4 ■ · ■ 4 ■ ·
■ ■ · ■ · ■ · ■ ■ ■ · ■ · ■
4 ■ ■ · ■ · ■ · ■ · ■ · ■ ·
■ ■ · ■ · ■ · ■ · · ■ ■ · ■
■ · ■ 4 ■ · ■ · ■ ■ · ■ ■ 4
· ■ ■ ■ · ■ ■ · ■ · ■ ■ 4 ■
4 ■ · ■ 4 · ■ ■ · ■ · ■ ■ ·
· ■ ■ · ■ ■ · · ■ · ■ ■ · ■
■ 4 · ■ · · ■ · · ■ · · · ·
· ■ ■ · · ■ · ■ · · ■ · · ·
■ · 4 ■ ■ 4 ■ · ■ ■ 4 ■ · ·
4 ■ ■ · ■ ■ ■ · · ■ ■ · · ·
■ · · ■ · ■ 4 ■ ■ · ■ · · ·
· ■ ■ · ■ · ■ · ■ ■ 4 ■ · ■
■ ■ · ■ · ■ 4 ■ · ■ ■ · ■ ·
· · ■ · ■ · ■ · ■ · ■ ■ · ■
· ■ ■ · ■ ■ ■ ■ · ■ · ■ ■ ·
■ ■ 4 ■ 4 ■ · ■ ■ · ■ · ■ ·
■ 4 ■ · ■ 28 ■ ■ 4 ■ · ■ 4 ■
■ 4 ■ · ■ 4 ■ ■ 4 ■ ■ ■ 4 ■
· ■ 4 ■ · ■ 4 ■ ■ · · ■ ■ ·
■ · ■ ■ ■ · ■ ■ · ■ · ■ · 4
· ■ ■ · ■ ■ ■ · ■ · ■ · ■ ■
■ ■ · ■ · ■ · ■ · ■ · ■ 4 ■
· · ■ · ■ · ■ 4 ■ · ■ 4 ■ ·
■ ■ · ■ · ■ · ■ ■ ■ · ■ · ■
4 ■ ■ · ■ · ■ · ■ · ■ · ■ ·
■ ■ · ■ · ■ · ■ · · ■ ■ · ■
■ · ■ 4 ■ · ■ · ■ ■ · ■ ■ 4
· ■ ■ ■ · ■ ■ · ■ · ■ ■ 4 ■
4 ■ · ■ 4 · ■ ■ · ■ · ■ ■ ·
· ■ ■ · ■ ■ · · ■ · ■ ■ · ■
■ 4 · ■ · · ■ · · ■ · · · ·
· ■ ■ · · ■ · ■ · · ■ · · ·
■ · 4 ■ ■ 4 ■ · ■ ■ 4 ■ · ·
4 ■ ■ · ■ ■ ■ · · ■ ■ · · ·
■ · · ■ · ■ 4 ■ ■ · ■ · · ·
· ■ ■ · ■ · ■ · ■ ■ 4 ■ · ■
■ ■ · ■ · ■ 4 ■ · ■ ■ · ■ ·
· · ■ · ■ · ■ · ■ · ■ ■ · ■
· ■ ■ · ■ ■ ■ ■ · ■ · ■ ■ ·
■ ■ 4 ■ 4 ■ · ■ ■ · ■ · ■ ·
■ 4 ■ · ■ 28 ■ ■ 4 ■ · ■ 4 ■
■ 4 ■ · ■ 4 ■ ■ 4 ■ ■ ■ 4 ■
· ■ 4 ■ · ■ 4 ■ ■ · · ■ ■ ·
■ · ■ ■ ■ · ■ ■ · ■ · ■ · 4
· ■ ■ · ■ ■ ■ · ■ · ■ · ■ ■
■ ■ · ■ · ■ · ■ · ■ · ■ 4 ■
· · ■ · ■ · ■ 4 ■ · ■ 4 ■ ·
■ ■ · ■ · ■ · ■ ■ ■ · ■ · ■
4 ■ ■ · ■ · ■ · ■ · ■ · ■ ·
■ ■ · ■ · ■ · ■ · · ■ ■ · ■
■ · ■ 4 ■ · ■ · ■ ■ · ■ ■ 4
· ■ ■ ■ · ■ ■ · ■ · ■ ■ 4 ■
4 ■ · ■ 4 · ■ ■ · ■ · ■ ■ ·
· ■ ■ · ■ ■ · · ■ · ■ ■ · ■
■ 4 · ■ · · ■ · · ■ · · · ·
· ■ ■ · · ■ · ■ · · ■ · · ·
■ · 4 ■ ■ 4 ■ · ■ ■ 4 ■ · ·
4 ■ ■ · ■ ■ ■ · · ■ ■ · · ·
■ · · ■ · ■ 4 ■ ■ · ■ · · ·
· ■ ■ · ■ · ■ · ■ ■ 4 ■ · ■
■ ■ · ■ · ■ 4 ■ · ■ ■ · ■ ·
· · ■ · ■ · ■ · ■ · ■ ■ · ■
· ■ ■ · ■ ■ ■ ■ · ■ · ■ ■ ·
■ ■ 4 ■ 4 ■ · ■ ■ · ■ · ■ ·
■ 4 ■ · ■ 28 ■ ■ 4 ■ · ■ 4 ■
# Number of solutions found: 10
# CPU time: 47.89 s
================================= 122 =================================
# Encoding time: 0.04643 s
■ · ■ 7 ■ · ■
■ · ■ ■ 2 ■ ·
· ■ · 6 ■ · ·
■ · ■ ■ 3 ■ ■
■ ■ · ■ · ■ 4
■ · ■ · ■ · ■
■ ■ ■ · · ■ ·
■ · ■ 7 ■ · ■
■ · ■ ■ 2 ■ ·
· ■ · 6 ■ · ·
■ · ■ ■ 3 ■ ■
■ ■ · ■ · ■ 4
■ · ■ · ■ · ■
■ ■ ■ · · ■ ·
■ · ■ 7 ■ · ■
■ · ■ ■ 2 ■ ·
· ■ · 6 ■ · ·
■ · ■ ■ 3 ■ ■
■ ■ · ■ · ■ 4
■ · ■ · ■ · ■
■ ■ ■ · · ■ ·
■ · ■ 7 ■ · ■
■ · ■ ■ 2 ■ ·
· ■ · 6 ■ · ·
■ · ■ ■ 3 ■ ■
■ ■ · ■ · ■ 4
■ · ■ · ■ · ■
■ ■ ■ · · ■ ·
■ · ■ 7 ■ · ■
■ · ■ ■ 2 ■ ·
· ■ · 6 ■ · ·
■ · ■ ■ 3 ■ ■
■ ■ · ■ · ■ 4
■ · ■ · ■ · ■
■ ■ ■ · · ■ ·
■ · ■ 7 ■ · ■
■ · ■ ■ 2 ■ ·
· ■ · 6 ■ · ·
■ · ■ ■ 3 ■ ■
■ ■ · ■ · ■ 4
■ · ■ · ■ · ■
■ ■ ■ · · ■ ·
■ · ■ 7 ■ · ■
■ · ■ ■ 2 ■ ·
· ■ · 6 ■ · ·
■ · ■ ■ 3 ■ ■
■ ■ · ■ · ■ 4
■ · ■ · ■ · ■
■ ■ ■ · · ■ ·
■ · ■ 7 ■ · ■
■ · ■ ■ 2 ■ ·
· ■ · 6 ■ · ·
■ · ■ ■ 3 ■ ■
■ ■ · ■ · ■ 4
■ · ■ · ■ · ■
■ ■ ■ · · ■ ·
■ · ■ 7 ■ · ■
■ · ■ ■ 2 ■ ·
· ■ · 6 ■ · ·
■ · ■ ■ 3 ■ ■
■ ■ · ■ · ■ 4
■ · ■ · ■ · ■
■ ■ ■ · · ■ ·
■ · ■ 7 ■ · ■
■ · ■ ■ 2 ■ ·
· ■ · 6 ■ · ·
■ · ■ ■ 3 ■ ■
■ ■ · ■ · ■ 4
■ · ■ · ■ · ■
■ ■ ■ · · ■ ·
# Number of solutions found: 10
# CPU time: 0.05964 s
================================= 123 =================================
# Encoding time: 0.04683 s
· ■ · ■ · ■ ■
· · ■ · ■ · ·
8 ■ 3 ■ · ■ ■
■ 3 ■ · ■ · ·
· ■ · ■ 2 ■ ■
■ · · ■ ■ · ■
· ■ ■ 8 ■ ■ ·
· ■ · ■ · ■ ■
· · ■ · ■ · ·
8 ■ 3 ■ · ■ ■
■ 3 ■ · ■ · ·
· ■ · ■ 2 ■ ■
■ · · ■ ■ · ■
· ■ ■ 8 ■ ■ ·
· ■ · ■ · ■ ■
· · ■ · ■ · ·
8 ■ 3 ■ · ■ ■
■ 3 ■ · ■ · ·
· ■ · ■ 2 ■ ■
■ · · ■ ■ · ■
· ■ ■ 8 ■ ■ ·
· ■ · ■ · ■ ■
· · ■ · ■ · ·
8 ■ 3 ■ · ■ ■
■ 3 ■ · ■ · ·
· ■ · ■ 2 ■ ■
■ · · ■ ■ · ■
· ■ ■ 8 ■ ■ ·
· ■ · ■ · ■ ■
· · ■ · ■ · ·
8 ■ 3 ■ · ■ ■
■ 3 ■ · ■ · ·
· ■ · ■ 2 ■ ■
■ · · ■ ■ · ■
· ■ ■ 8 ■ ■ ·
· ■ · ■ · ■ ■
· · ■ · ■ · ·
8 ■ 3 ■ · ■ ■
■ 3 ■ · ■ · ·
· ■ · ■ 2 ■ ■
■ · · ■ ■ · ■
· ■ ■ 8 ■ ■ ·
· ■ · ■ · ■ ■
· · ■ · ■ · ·
8 ■ 3 ■ · ■ ■
■ 3 ■ · ■ · ·
· ■ · ■ 2 ■ ■
■ · · ■ ■ · ■
· ■ ■ 8 ■ ■ ·
· ■ · ■ · ■ ■
· · ■ · ■ · ·
8 ■ 3 ■ · ■ ■
■ 3 ■ · ■ · ·
· ■ · ■ 2 ■ ■
■ · · ■ ■ · ■
· ■ ■ 8 ■ ■ ·
· ■ · ■ · ■ ■
· · ■ · ■ · ·
8 ■ 3 ■ · ■ ■
■ 3 ■ · ■ · ·
· ■ · ■ 2 ■ ■
■ · · ■ ■ · ■
· ■ ■ 8 ■ ■ ·
· ■ · ■ · ■ ■
· · ■ · ■ · ·
8 ■ 3 ■ · ■ ■
■ 3 ■ · ■ · ·
· ■ · ■ 2 ■ ■
■ · · ■ ■ · ■
· ■ ■ 8 ■ ■ ·
# Number of solutions found: 10
# CPU time: 0.06525 s
================================= 124 =================================
# Encoding time: 0.07358 s
· · · ■ 3 ■ ■
■ · ■ 1 ■ · ·
5 ■ · ■ · ■ ·
■ 3 ■ · ■ 2 ■
■ ■ · ■ · ■ 5
· ■ ■ 1 ■ · ■
■ ■ 5 ■ · · ·
· · · ■ 3 ■ ■
■ · ■ 1 ■ · ·
5 ■ · ■ · ■ ·
■ 3 ■ · ■ 2 ■
■ ■ · ■ · ■ 5
· ■ ■ 1 ■ · ■
■ ■ 5 ■ · · ·
· · · ■ 3 ■ ■
■ · ■ 1 ■ · ·
5 ■ · ■ · ■ ·
■ 3 ■ · ■ 2 ■
■ ■ · ■ · ■ 5
· ■ ■ 1 ■ · ■
■ ■ 5 ■ · · ·
· · · ■ 3 ■ ■
■ · ■ 1 ■ · ·
5 ■ · ■ · ■ ·
■ 3 ■ · ■ 2 ■
■ ■ · ■ · ■ 5
· ■ ■ 1 ■ · ■
■ ■ 5 ■ · · ·
· · · ■ 3 ■ ■
■ · ■ 1 ■ · ·
5 ■ · ■ · ■ ·
■ 3 ■ · ■ 2 ■
■ ■ · ■ · ■ 5
· ■ ■ 1 ■ · ■
■ ■ 5 ■ · · ·
· · · ■ 3 ■ ■
■ · ■ 1 ■ · ·
5 ■ · ■ · ■ ·
■ 3 ■ · ■ 2 ■
■ ■ · ■ · ■ 5
· ■ ■ 1 ■ · ■
■ ■ 5 ■ · · ·
· · · ■ 3 ■ ■
■ · ■ 1 ■ · ·
5 ■ · ■ · ■ ·
■ 3 ■ · ■ 2 ■
■ ■ · ■ · ■ 5
· ■ ■ 1 ■ · ■
■ ■ 5 ■ · · ·
· · · ■ 3 ■ ■
■ · ■ 1 ■ · ·
5 ■ · ■ · ■ ·
■ 3 ■ · ■ 2 ■
■ ■ · ■ · ■ 5
· ■ ■ 1 ■ · ■
■ ■ 5 ■ · · ·
· · · ■ 3 ■ ■
■ · ■ 1 ■ · ·
5 ■ · ■ · ■ ·
■ 3 ■ · ■ 2 ■
■ ■ · ■ · ■ 5
· ■ ■ 1 ■ · ■
■ ■ 5 ■ · · ·
· · · ■ 3 ■ ■
■ · ■ 1 ■ · ·
5 ■ · ■ · ■ ·
■ 3 ■ · ■ 2 ■
■ ■ · ■ · ■ 5
· ■ ■ 1 ■ · ■
■ ■ 5 ■ · · ·
# Number of solutions found: 10
# CPU time: 0.09939 s
================================= 125 =================================
# Encoding time: 0.2416 s
■ · ■ · ■ ■ · · ■ ·
· ■ · ■ ■ 2 ■ ■ · ■
■ · ■ ■ · ■ ■ 3 ■ ·
■ · ■ · ■ · ■ ■ 4 ■
4 ■ 4 ■ · ■ 5 ■ ■ ■
· ■ ■ 3 ■ · ■ 3 ■ 4
■ 1 ■ ■ · ■ ■ ■ · ■
· ■ 3 ■ ■ · · ■ ■ ·
■ · ■ ■ 4 ■ ■ ■ · ■
■ ■ ■ · ■ ■ · ■ ■ ·
■ · ■ · ■ ■ · · ■ ·
· ■ · ■ ■ 2 ■ ■ · ■
■ · ■ ■ · ■ ■ 3 ■ ·
■ · ■ · ■ · ■ ■ 4 ■
4 ■ 4 ■ · ■ 5 ■ ■ ■
· ■ ■ 3 ■ · ■ 3 ■ 4
■ 1 ■ ■ · ■ ■ ■ · ■
· ■ 3 ■ ■ · · ■ ■ ·
■ · ■ ■ 4 ■ ■ ■ · ■
■ ■ ■ · ■ ■ · ■ ■ ·
■ · ■ · ■ ■ · · ■ ·
· ■ · ■ ■ 2 ■ ■ · ■
■ · ■ ■ · ■ ■ 3 ■ ·
■ · ■ · ■ · ■ ■ 4 ■
4 ■ 4 ■ · ■ 5 ■ ■ ■
· ■ ■ 3 ■ · ■ 3 ■ 4
■ 1 ■ ■ · ■ ■ ■ · ■
· ■ 3 ■ ■ · · ■ ■ ·
■ · ■ ■ 4 ■ ■ ■ · ■
■ ■ ■ · ■ ■ · ■ ■ ·
■ · ■ · ■ ■ · · ■ ·
· ■ · ■ ■ 2 ■ ■ · ■
■ · ■ ■ · ■ ■ 3 ■ ·
■ · ■ · ■ · ■ ■ 4 ■
4 ■ 4 ■ · ■ 5 ■ ■ ■
· ■ ■ 3 ■ · ■ 3 ■ 4
■ 1 ■ ■ · ■ ■ ■ · ■
· ■ 3 ■ ■ · · ■ ■ ·
■ · ■ ■ 4 ■ ■ ■ · ■
■ ■ ■ · ■ ■ · ■ ■ ·
■ · ■ · ■ ■ · · ■ ·
· ■ · ■ ■ 2 ■ ■ · ■
■ · ■ ■ · ■ ■ 3 ■ ·
■ · ■ · ■ · ■ ■ 4 ■
4 ■ 4 ■ · ■ 5 ■ ■ ■
· ■ ■ 3 ■ · ■ 3 ■ 4
■ 1 ■ ■ · ■ ■ ■ · ■
· ■ 3 ■ ■ · · ■ ■ ·
■ · ■ ■ 4 ■ ■ ■ · ■
■ ■ ■ · ■ ■ · ■ ■ ·
■ · ■ · ■ ■ · · ■ ·
· ■ · ■ ■ 2 ■ ■ · ■
■ · ■ ■ · ■ ■ 3 ■ ·
■ · ■ · ■ · ■ ■ 4 ■
4 ■ 4 ■ · ■ 5 ■ ■ ■
· ■ ■ 3 ■ · ■ 3 ■ 4
■ 1 ■ ■ · ■ ■ ■ · ■
· ■ 3 ■ ■ · · ■ ■ ·
■ · ■ ■ 4 ■ ■ ■ · ■
■ ■ ■ · ■ ■ · ■ ■ ·
■ · ■ · ■ ■ · · ■ ·
· ■ · ■ ■ 2 ■ ■ · ■
■ · ■ ■ · ■ ■ 3 ■ ·
■ · ■ · ■ · ■ ■ 4 ■
4 ■ 4 ■ · ■ 5 ■ ■ ■
· ■ ■ 3 ■ · ■ 3 ■ 4
■ 1 ■ ■ · ■ ■ ■ · ■
· ■ 3 ■ ■ · · ■ ■ ·
■ · ■ ■ 4 ■ ■ ■ · ■
■ ■ ■ · ■ ■ · ■ ■ ·
■ · ■ · ■ ■ · · ■ ·
· ■ · ■ ■ 2 ■ ■ · ■
■ · ■ ■ · ■ ■ 3 ■ ·
■ · ■ · ■ · ■ ■ 4 ■
4 ■ 4 ■ · ■ 5 ■ ■ ■
· ■ ■ 3 ■ · ■ 3 ■ 4
■ 1 ■ ■ · ■ ■ ■ · ■
· ■ 3 ■ ■ · · ■ ■ ·
■ · ■ ■ 4 ■ ■ ■ · ■
■ ■ ■ · ■ ■ · ■ ■ ·
■ · ■ · ■ ■ · · ■ ·
· ■ · ■ ■ 2 ■ ■ · ■
■ · ■ ■ · ■ ■ 3 ■ ·
■ · ■ · ■ · ■ ■ 4 ■
4 ■ 4 ■ · ■ 5 ■ ■ ■
· ■ ■ 3 ■ · ■ 3 ■ 4
■ 1 ■ ■ · ■ ■ ■ · ■
· ■ 3 ■ ■ · · ■ ■ ·
■ · ■ ■ 4 ■ ■ ■ · ■
■ ■ ■ · ■ ■ · ■ ■ ·
■ · ■ · ■ ■ · · ■ ·
· ■ · ■ ■ 2 ■ ■ · ■
■ · ■ ■ · ■ ■ 3 ■ ·
■ · ■ · ■ · ■ ■ 4 ■
4 ■ 4 ■ · ■ 5 ■ ■ ■
· ■ ■ 3 ■ · ■ 3 ■ 4
■ 1 ■ ■ · ■ ■ ■ · ■
· ■ 3 ■ ■ · · ■ ■ ·
■ · ■ ■ 4 ■ ■ ■ · ■
■ ■ ■ · ■ ■ · ■ ■ ·
# Number of solutions found: 10
# CPU time: 0.3608 s
================================= 126 =================================
# Encoding time: 0.02164 s
· ■ · ■ ·
■ ■ ■ 2 ■
■ 2 ■ ■ ■
2 ■ ■ · ■
■ ■ 2 ■ ■
· ■ · ■ ·
■ ■ ■ 2 ■
■ 2 ■ ■ ■
2 ■ ■ · ■
■ ■ 2 ■ ■
· ■ · ■ ·
■ ■ ■ 2 ■
■ 2 ■ ■ ■
2 ■ ■ · ■
■ ■ 2 ■ ■
· ■ · ■ ·
■ ■ ■ 2 ■
■ 2 ■ ■ ■
2 ■ ■ · ■
■ ■ 2 ■ ■
· ■ · ■ ·
■ ■ ■ 2 ■
■ 2 ■ ■ ■
2 ■ ■ · ■
■ ■ 2 ■ ■
· ■ · ■ ·
■ ■ ■ 2 ■
■ 2 ■ ■ ■
2 ■ ■ · ■
■ ■ 2 ■ ■
· ■ · ■ ·
■ ■ ■ 2 ■
■ 2 ■ ■ ■
2 ■ ■ · ■
■ ■ 2 ■ ■
· ■ · ■ ·
■ ■ ■ 2 ■
■ 2 ■ ■ ■
2 ■ ■ · ■
■ ■ 2 ■ ■
· ■ · ■ ·
■ ■ ■ 2 ■
■ 2 ■ ■ ■
2 ■ ■ · ■
■ ■ 2 ■ ■
· ■ · ■ ·
■ ■ ■ 2 ■
■ 2 ■ ■ ■
2 ■ ■ · ■
■ ■ 2 ■ ■
# Number of solutions found: 10
# CPU time: 0.02687 s
================================= 127 =================================
# Encoding time: 0.264 s
· ■ ■ 2 ■ 6 ■ ■ · ■
■ 1 ■ ■ · ■ ■ · ■ ·
· ■ ■ · ■ ■ E ■ ■ 2
2 ■ 2 ■ ■ · ■ · · ■
■ · ■ ■ 3 ■ ■ · ■ ·
■ ■ · ■ ■ · ■ ■ · ■
2 ■ ■ 1 ■ ■ ■ · ■ 2
■ · ■ ■ · · · · ■ ■
■ ■ · · · · ■ ■ 1 ■
■ · ■ ■ ■ ■ 2 ■ ■ ■
· ■ ■ 2 ■ 6 ■ ■ · ■
■ 1 ■ ■ · ■ ■ · ■ ·
· ■ ■ · ■ ■ E ■ ■ 2
2 ■ 2 ■ ■ · ■ · · ■
■ · ■ ■ 3 ■ ■ · ■ ·
■ ■ · ■ ■ · ■ ■ · ■
2 ■ ■ 1 ■ ■ ■ · ■ 2
■ · ■ ■ · · · · ■ ■
■ ■ · · · · ■ ■ 1 ■
■ · ■ ■ ■ ■ 2 ■ ■ ■
· ■ ■ 2 ■ 6 ■ ■ · ■
■ 1 ■ ■ · ■ ■ · ■ ·
· ■ ■ · ■ ■ E ■ ■ 2
2 ■ 2 ■ ■ · ■ · · ■
■ · ■ ■ 3 ■ ■ · ■ ·
■ ■ · ■ ■ · ■ ■ · ■
2 ■ ■ 1 ■ ■ ■ · ■ 2
■ · ■ ■ · · · · ■ ■
■ ■ · · · · ■ ■ 1 ■
■ · ■ ■ ■ ■ 2 ■ ■ ■
· ■ ■ 2 ■ 6 ■ ■ · ■
■ 1 ■ ■ · ■ ■ · ■ ·
· ■ ■ · ■ ■ E ■ ■ 2
2 ■ 2 ■ ■ · ■ · · ■
■ · ■ ■ 3 ■ ■ · ■ ·
■ ■ · ■ ■ · ■ ■ · ■
2 ■ ■ 1 ■ ■ ■ · ■ 2
■ · ■ ■ · · · · ■ ■
■ ■ · · · · ■ ■ 1 ■
■ · ■ ■ ■ ■ 2 ■ ■ ■
· ■ ■ 2 ■ 6 ■ ■ · ■
■ 1 ■ ■ · ■ ■ · ■ ·
· ■ ■ · ■ ■ E ■ ■ 2
2 ■ 2 ■ ■ · ■ · · ■
■ · ■ ■ 3 ■ ■ · ■ ·
■ ■ · ■ ■ · ■ ■ · ■
2 ■ ■ 1 ■ ■ ■ · ■ 2
■ · ■ ■ · · · · ■ ■
■ ■ · · · · ■ ■ 1 ■
■ · ■ ■ ■ ■ 2 ■ ■ ■
· ■ ■ 2 ■ 6 ■ ■ · ■
■ 1 ■ ■ · ■ ■ · ■ ·
· ■ ■ · ■ ■ E ■ ■ 2
2 ■ 2 ■ ■ · ■ · · ■
■ · ■ ■ 3 ■ ■ · ■ ·
■ ■ · ■ ■ · ■ ■ · ■
2 ■ ■ 1 ■ ■ ■ · ■ 2
■ · ■ ■ · · · · ■ ■
■ ■ · · · · ■ ■ 1 ■
■ · ■ ■ ■ ■ 2 ■ ■ ■
· ■ ■ 2 ■ 6 ■ ■ · ■
■ 1 ■ ■ · ■ ■ · ■ ·
· ■ ■ · ■ ■ E ■ ■ 2
2 ■ 2 ■ ■ · ■ · · ■
■ · ■ ■ 3 ■ ■ · ■ ·
■ ■ · ■ ■ · ■ ■ · ■
2 ■ ■ 1 ■ ■ ■ · ■ 2
■ · ■ ■ · · · · ■ ■
■ ■ · · · · ■ ■ 1 ■
■ · ■ ■ ■ ■ 2 ■ ■ ■
· ■ ■ 2 ■ 6 ■ ■ · ■
■ 1 ■ ■ · ■ ■ · ■ ·
· ■ ■ · ■ ■ E ■ ■ 2
2 ■ 2 ■ ■ · ■ · · ■
■ · ■ ■ 3 ■ ■ · ■ ·
■ ■ · ■ ■ · ■ ■ · ■
2 ■ ■ 1 ■ ■ ■ · ■ 2
■ · ■ ■ · · · · ■ ■
■ ■ · · · · ■ ■ 1 ■
■ · ■ ■ ■ ■ 2 ■ ■ ■
· ■ ■ 2 ■ 6 ■ ■ · ■
■ 1 ■ ■ · ■ ■ · ■ ·
· ■ ■ · ■ ■ E ■ ■ 2
2 ■ 2 ■ ■ · ■ · · ■
■ · ■ ■ 3 ■ ■ · ■ ·
■ ■ · ■ ■ · ■ ■ · ■
2 ■ ■ 1 ■ ■ ■ · ■ 2
■ · ■ ■ · · · · ■ ■
■ ■ · · · · ■ ■ 1 ■
■ · ■ ■ ■ ■ 2 ■ ■ ■
· ■ ■ 2 ■ 6 ■ ■ · ■
■ 1 ■ ■ · ■ ■ · ■ ·
· ■ ■ · ■ ■ E ■ ■ 2
2 ■ 2 ■ ■ · ■ · · ■
■ · ■ ■ 3 ■ ■ · ■ ·
■ ■ · ■ ■ · ■ ■ · ■
2 ■ ■ 1 ■ ■ ■ · ■ 2
■ · ■ ■ · · · · ■ ■
■ ■ · · · · ■ ■ 1 ■
■ · ■ ■ ■ ■ 2 ■ ■ ■
# Number of solutions found: 10
# CPU time: 0.3574 s
================================= 128 =================================
# Encoding time: 0.147 s
· ■ · ■ · ■ · ■ ·
■ 1 ■ 2 ■ 3 ■ 4 ■
· ■ · ■ · ■ · ■ ■
■ · ■ 5 ■ 6 ■ · ■
· ■ · ■ · ■ · ■ ■
■ ■ · ■ ■ · ■ ■ ·
· ■ ■ ■ 7 ■ · · ■
■ ■ · ■ ■ ■ ■ ■ ·
■ · ■ 3 ■ 3 ■ · ■
· ■ · ■ · ■ · ■ ·
■ 1 ■ 2 ■ 3 ■ 4 ■
· ■ · ■ · ■ · ■ ■
■ · ■ 5 ■ 6 ■ · ■
· ■ · ■ · ■ · ■ ■
■ ■ · ■ ■ · ■ ■ ·
· ■ ■ ■ 7 ■ · · ■
■ ■ · ■ ■ ■ ■ ■ ·
■ · ■ 3 ■ 3 ■ · ■
· ■ · ■ · ■ · ■ ·
■ 1 ■ 2 ■ 3 ■ 4 ■
· ■ · ■ · ■ · ■ ■
■ · ■ 5 ■ 6 ■ · ■
· ■ · ■ · ■ · ■ ■
■ ■ · ■ ■ · ■ ■ ·
· ■ ■ ■ 7 ■ · · ■
■ ■ · ■ ■ ■ ■ ■ ·
■ · ■ 3 ■ 3 ■ · ■
· ■ · ■ · ■ · ■ ·
■ 1 ■ 2 ■ 3 ■ 4 ■
· ■ · ■ · ■ · ■ ■
■ · ■ 5 ■ 6 ■ · ■
· ■ · ■ · ■ · ■ ■
■ ■ · ■ ■ · ■ ■ ·
· ■ ■ ■ 7 ■ · · ■
■ ■ · ■ ■ ■ ■ ■ ·
■ · ■ 3 ■ 3 ■ · ■
· ■ · ■ · ■ · ■ ·
■ 1 ■ 2 ■ 3 ■ 4 ■
· ■ · ■ · ■ · ■ ■
■ · ■ 5 ■ 6 ■ · ■
· ■ · ■ · ■ · ■ ■
■ ■ · ■ ■ · ■ ■ ·
· ■ ■ ■ 7 ■ · · ■
■ ■ · ■ ■ ■ ■ ■ ·
■ · ■ 3 ■ 3 ■ · ■
· ■ · ■ · ■ · ■ ·
■ 1 ■ 2 ■ 3 ■ 4 ■
· ■ · ■ · ■ · ■ ■
■ · ■ 5 ■ 6 ■ · ■
· ■ · ■ · ■ · ■ ■
■ ■ · ■ ■ · ■ ■ ·
· ■ ■ ■ 7 ■ · · ■
■ ■ · ■ ■ ■ ■ ■ ·
■ · ■ 3 ■ 3 ■ · ■
· ■ · ■ · ■ · ■ ·
■ 1 ■ 2 ■ 3 ■ 4 ■
· ■ · ■ · ■ · ■ ■
■ · ■ 5 ■ 6 ■ · ■
· ■ · ■ · ■ · ■ ■
■ ■ · ■ ■ · ■ ■ ·
· ■ ■ ■ 7 ■ · · ■
■ ■ · ■ ■ ■ ■ ■ ·
■ · ■ 3 ■ 3 ■ · ■
· ■ · ■ · ■ · ■ ·
■ 1 ■ 2 ■ 3 ■ 4 ■
· ■ · ■ · ■ · ■ ■
■ · ■ 5 ■ 6 ■ · ■
· ■ · ■ · ■ · ■ ■
■ ■ · ■ ■ · ■ ■ ·
· ■ ■ ■ 7 ■ · · ■
■ ■ · ■ ■ ■ ■ ■ ·
■ · ■ 3 ■ 3 ■ · ■
· ■ · ■ · ■ · ■ ·
■ 1 ■ 2 ■ 3 ■ 4 ■
· ■ · ■ · ■ · ■ ■
■ · ■ 5 ■ 6 ■ · ■
· ■ · ■ · ■ · ■ ■
■ ■ · ■ ■ · ■ ■ ·
· ■ ■ ■ 7 ■ · · ■
■ ■ · ■ ■ ■ ■ ■ ·
■ · ■ 3 ■ 3 ■ · ■
· ■ · ■ · ■ · ■ ·
■ 1 ■ 2 ■ 3 ■ 4 ■
· ■ · ■ · ■ · ■ ■
■ · ■ 5 ■ 6 ■ · ■
· ■ · ■ · ■ · ■ ■
■ ■ · ■ ■ · ■ ■ ·
· ■ ■ ■ 7 ■ · · ■
■ ■ · ■ ■ ■ ■ ■ ·
■ · ■ 3 ■ 3 ■ · ■
# Number of solutions found: 10
# CPU time: 0.2256 s
================================= 129 =================================
# Encoding time: 0.2553 s
· ■ · ■ · ■ 5 ■ · ·
■ 1 ■ · ■ · ■ 3 ■ ·
· ■ 2 ■ 1 ■ ■ ■ · ■
■ · ■ · ■ ■ · ■ ■ ·
■ ■ ■ ■ 3 ■ ■ · ■ ·
· ■ · · ■ 4 ■ ■ · ■
■ ■ · ■ · ■ · ■ ■ ·
■ A ■ · ■ 1 ■ 5 ■ ■
· ■ 4 ■ · ■ · ■ 6 ■
■ · ■ · ■ · ■ · ■ ·
· ■ · ■ · ■ 5 ■ · ·
■ 1 ■ · ■ · ■ 3 ■ ·
· ■ 2 ■ 1 ■ ■ ■ · ■
■ · ■ · ■ ■ · ■ ■ ·
■ ■ ■ ■ 3 ■ ■ · ■ ·
· ■ · · ■ 4 ■ ■ · ■
■ ■ · ■ · ■ · ■ ■ ·
■ A ■ · ■ 1 ■ 5 ■ ■
· ■ 4 ■ · ■ · ■ 6 ■
■ · ■ · ■ · ■ · ■ ·
· ■ · ■ · ■ 5 ■ · ·
■ 1 ■ · ■ · ■ 3 ■ ·
· ■ 2 ■ 1 ■ ■ ■ · ■
■ · ■ · ■ ■ · ■ ■ ·
■ ■ ■ ■ 3 ■ ■ · ■ ·
· ■ · · ■ 4 ■ ■ · ■
■ ■ · ■ · ■ · ■ ■ ·
■ A ■ · ■ 1 ■ 5 ■ ■
· ■ 4 ■ · ■ · ■ 6 ■
■ · ■ · ■ · ■ · ■ ·
· ■ · ■ · ■ 5 ■ · ·
■ 1 ■ · ■ · ■ 3 ■ ·
· ■ 2 ■ 1 ■ ■ ■ · ■
■ · ■ · ■ ■ · ■ ■ ·
■ ■ ■ ■ 3 ■ ■ · ■ ·
· ■ · · ■ 4 ■ ■ · ■
■ ■ · ■ · ■ · ■ ■ ·
■ A ■ · ■ 1 ■ 5 ■ ■
· ■ 4 ■ · ■ · ■ 6 ■
■ · ■ · ■ · ■ · ■ ·
· ■ · ■ · ■ 5 ■ · ·
■ 1 ■ · ■ · ■ 3 ■ ·
· ■ 2 ■ 1 ■ ■ ■ · ■
■ · ■ · ■ ■ · ■ ■ ·
■ ■ ■ ■ 3 ■ ■ · ■ ·
· ■ · · ■ 4 ■ ■ · ■
■ ■ · ■ · ■ · ■ ■ ·
■ A ■ · ■ 1 ■ 5 ■ ■
· ■ 4 ■ · ■ · ■ 6 ■
■ · ■ · ■ · ■ · ■ ·
· ■ · ■ · ■ 5 ■ · ·
■ 1 ■ · ■ · ■ 3 ■ ·
· ■ 2 ■ 1 ■ ■ ■ · ■
■ · ■ · ■ ■ · ■ ■ ·
■ ■ ■ ■ 3 ■ ■ · ■ ·
· ■ · · ■ 4 ■ ■ · ■
■ ■ · ■ · ■ · ■ ■ ·
■ A ■ · ■ 1 ■ 5 ■ ■
· ■ 4 ■ · ■ · ■ 6 ■
■ · ■ · ■ · ■ · ■ ·
· ■ · ■ · ■ 5 ■ · ·
■ 1 ■ · ■ · ■ 3 ■ ·
· ■ 2 ■ 1 ■ ■ ■ · ■
■ · ■ · ■ ■ · ■ ■ ·
■ ■ ■ ■ 3 ■ ■ · ■ ·
· ■ · · ■ 4 ■ ■ · ■
■ ■ · ■ · ■ · ■ ■ ·
■ A ■ · ■ 1 ■ 5 ■ ■
· ■ 4 ■ · ■ · ■ 6 ■
■ · ■ · ■ · ■ · ■ ·
· ■ · ■ · ■ 5 ■ · ·
■ 1 ■ · ■ · ■ 3 ■ ·
· ■ 2 ■ 1 ■ ■ ■ · ■
■ · ■ · ■ ■ · ■ ■ ·
■ ■ ■ ■ 3 ■ ■ · ■ ·
· ■ · · ■ 4 ■ ■ · ■
■ ■ · ■ · ■ · ■ ■ ·
■ A ■ · ■ 1 ■ 5 ■ ■
· ■ 4 ■ · ■ · ■ 6 ■
■ · ■ · ■ · ■ · ■ ·
· ■ · ■ · ■ 5 ■ · ·
■ 1 ■ · ■ · ■ 3 ■ ·
· ■ 2 ■ 1 ■ ■ ■ · ■
■ · ■ · ■ ■ · ■ ■ ·
■ ■ ■ ■ 3 ■ ■ · ■ ·
· ■ · · ■ 4 ■ ■ · ■
■ ■ · ■ · ■ · ■ ■ ·
■ A ■ · ■ 1 ■ 5 ■ ■
· ■ 4 ■ · ■ · ■ 6 ■
■ · ■ · ■ · ■ · ■ ·
· ■ · ■ · ■ 5 ■ · ·
■ 1 ■ · ■ · ■ 3 ■ ·
· ■ 2 ■ 1 ■ ■ ■ · ■
■ · ■ · ■ ■ · ■ ■ ·
■ ■ ■ ■ 3 ■ ■ · ■ ·
· ■ · · ■ 4 ■ ■ · ■
■ ■ · ■ · ■ · ■ ■ ·
■ A ■ · ■ 1 ■ 5 ■ ■
· ■ 4 ■ · ■ · ■ 6 ■
■ · ■ · ■ · ■ · ■ ·
# Number of solutions found: 10
# CPU time: 0.4056 s
================================= 130 =================================
# Encoding time: 0.2592 s
3 · ■ · ■ 4 ■ · ■ ·
· ■ 2 ■ · ■ · ■ 6 ■
■ · ■ · ■ ■ ■ ■ ■ ·
· ■ · ■ ■ · ■ · ■ 4
■ 4 ■ · ■ ■ · ■ · ■
· ■ · ■ ■ · ■ · ■ ■
■ ■ · · · ■ · ■ ■ ·
■ 2 ■ ■ · ■ ■ 4 ■ ■
■ · ■ 3 ■ · · ■ · ■
2 ■ · ■ · ■ ■ 3 ■ 8
3 · ■ · ■ 4 ■ · ■ ·
· ■ 2 ■ · ■ · ■ 6 ■
■ · ■ · ■ ■ ■ ■ ■ ·
· ■ · ■ ■ · ■ · ■ 4
■ 4 ■ · ■ ■ · ■ · ■
· ■ · ■ ■ · ■ · ■ ■
■ ■ · · · ■ · ■ ■ ·
■ 2 ■ ■ · ■ ■ 4 ■ ■
■ · ■ 3 ■ · · ■ · ■
2 ■ · ■ · ■ ■ 3 ■ 8
3 · ■ · ■ 4 ■ · ■ ·
· ■ 2 ■ · ■ · ■ 6 ■
■ · ■ · ■ ■ ■ ■ ■ ·
· ■ · ■ ■ · ■ · ■ 4
■ 4 ■ · ■ ■ · ■ · ■
· ■ · ■ ■ · ■ · ■ ■
■ ■ · · · ■ · ■ ■ ·
■ 2 ■ ■ · ■ ■ 4 ■ ■
■ · ■ 3 ■ · · ■ · ■
2 ■ · ■ · ■ ■ 3 ■ 8
3 · ■ · ■ 4 ■ · ■ ·
· ■ 2 ■ · ■ · ■ 6 ■
■ · ■ · ■ ■ ■ ■ ■ ·
· ■ · ■ ■ · ■ · ■ 4
■ 4 ■ · ■ ■ · ■ · ■
· ■ · ■ ■ · ■ · ■ ■
■ ■ · · · ■ · ■ ■ ·
■ 2 ■ ■ · ■ ■ 4 ■ ■
■ · ■ 3 ■ · · ■ · ■
2 ■ · ■ · ■ ■ 3 ■ 8
3 · ■ · ■ 4 ■ · ■ ·
· ■ 2 ■ · ■ · ■ 6 ■
■ · ■ · ■ ■ ■ ■ ■ ·
· ■ · ■ ■ · ■ · ■ 4
■ 4 ■ · ■ ■ · ■ · ■
· ■ · ■ ■ · ■ · ■ ■
■ ■ · · · ■ · ■ ■ ·
■ 2 ■ ■ · ■ ■ 4 ■ ■
■ · ■ 3 ■ · · ■ · ■
2 ■ · ■ · ■ ■ 3 ■ 8
3 · ■ · ■ 4 ■ · ■ ·
· ■ 2 ■ · ■ · ■ 6 ■
■ · ■ · ■ ■ ■ ■ ■ ·
· ■ · ■ ■ · ■ · ■ 4
■ 4 ■ · ■ ■ · ■ · ■
· ■ · ■ ■ · ■ · ■ ■
■ ■ · · · ■ · ■ ■ ·
■ 2 ■ ■ · ■ ■ 4 ■ ■
■ · ■ 3 ■ · · ■ · ■
2 ■ · ■ · ■ ■ 3 ■ 8
3 · ■ · ■ 4 ■ · ■ ·
· ■ 2 ■ · ■ · ■ 6 ■
■ · ■ · ■ ■ ■ ■ ■ ·
· ■ · ■ ■ · ■ · ■ 4
■ 4 ■ · ■ ■ · ■ · ■
· ■ · ■ ■ · ■ · ■ ■
■ ■ · · · ■ · ■ ■ ·
■ 2 ■ ■ · ■ ■ 4 ■ ■
■ · ■ 3 ■ · · ■ · ■
2 ■ · ■ · ■ ■ 3 ■ 8
3 · ■ · ■ 4 ■ · ■ ·
· ■ 2 ■ · ■ · ■ 6 ■
■ · ■ · ■ ■ ■ ■ ■ ·
· ■ · ■ ■ · ■ · ■ 4
■ 4 ■ · ■ ■ · ■ · ■
· ■ · ■ ■ · ■ · ■ ■
■ ■ · · · ■ · ■ ■ ·
■ 2 ■ ■ · ■ ■ 4 ■ ■
■ · ■ 3 ■ · · ■ · ■
2 ■ · ■ · ■ ■ 3 ■ 8
3 · ■ · ■ 4 ■ · ■ ·
· ■ 2 ■ · ■ · ■ 6 ■
■ · ■ · ■ ■ ■ ■ ■ ·
· ■ · ■ ■ · ■ · ■ 4
■ 4 ■ · ■ ■ · ■ · ■
· ■ · ■ ■ · ■ · ■ ■
■ ■ · · · ■ · ■ ■ ·
■ 2 ■ ■ · ■ ■ 4 ■ ■
■ · ■ 3 ■ · · ■ · ■
2 ■ · ■ · ■ ■ 3 ■ 8
3 · ■ · ■ 4 ■ · ■ ·
· ■ 2 ■ · ■ · ■ 6 ■
■ · ■ · ■ ■ ■ ■ ■ ·
· ■ · ■ ■ · ■ · ■ 4
■ 4 ■ · ■ ■ · ■ · ■
· ■ · ■ ■ · ■ · ■ ■
■ ■ · · · ■ · ■ ■ ·
■ 2 ■ ■ · ■ ■ 4 ■ ■
■ · ■ 3 ■ · · ■ · ■
2 ■ · ■ · ■ ■ 3 ■ 8
# Number of solutions found: 10
# CPU time: 0.3755 s
================================= 131 =================================
# Encoding time: 0.2574 s
3 ■ ■ · ■ 4 ■ · ■ ·
■ · 2 ■ · ■ ■ ■ 6 ■
■ ■ ■ · ■ · ■ · · ■
· ■ · ■ · ■ · ■ ■ 4
■ 4 ■ · ■ · ■ ■ · ■
· ■ · ■ · ■ ■ · ■ ■
■ ■ ■ · ■ ■ · ■ ■ ·
■ 2 ■ ■ · ■ ■ 4 ■ ■
■ ■ ■ 3 ■ · · ■ · ■
2 ■ · ■ · ■ ■ 3 ■ ?
3 ■ ■ · ■ 4 ■ · ■ ·
■ · 2 ■ · ■ ■ ■ 6 ■
■ ■ ■ · ■ · ■ · · ■
· ■ · ■ · ■ · ■ ■ 4
■ 4 ■ · ■ · ■ ■ · ■
· ■ · ■ · ■ ■ · ■ ■
■ ■ ■ · ■ ■ · ■ ■ ·
■ 2 ■ ■ · ■ ■ 4 ■ ■
■ ■ ■ 3 ■ · · ■ · ■
2 ■ · ■ · ■ ■ 3 ■ ?
3 ■ ■ · ■ 4 ■ · ■ ·
■ · 2 ■ · ■ ■ ■ 6 ■
■ ■ ■ · ■ · ■ · · ■
· ■ · ■ · ■ · ■ ■ 4
■ 4 ■ · ■ · ■ ■ · ■
· ■ · ■ · ■ ■ · ■ ■
■ ■ ■ · ■ ■ · ■ ■ ·
■ 2 ■ ■ · ■ ■ 4 ■ ■
■ ■ ■ 3 ■ · · ■ · ■
2 ■ · ■ · ■ ■ 3 ■ ?
3 ■ ■ · ■ 4 ■ · ■ ·
■ · 2 ■ · ■ ■ ■ 6 ■
■ ■ ■ · ■ · ■ · · ■
· ■ · ■ · ■ · ■ ■ 4
■ 4 ■ · ■ · ■ ■ · ■
· ■ · ■ · ■ ■ · ■ ■
■ ■ ■ · ■ ■ · ■ ■ ·
■ 2 ■ ■ · ■ ■ 4 ■ ■
■ ■ ■ 3 ■ · · ■ · ■
2 ■ · ■ · ■ ■ 3 ■ ?
3 ■ ■ · ■ 4 ■ · ■ ·
■ · 2 ■ · ■ ■ ■ 6 ■
■ ■ ■ · ■ · ■ · · ■
· ■ · ■ · ■ · ■ ■ 4
■ 4 ■ · ■ · ■ ■ · ■
· ■ · ■ · ■ ■ · ■ ■
■ ■ ■ · ■ ■ · ■ ■ ·
■ 2 ■ ■ · ■ ■ 4 ■ ■
■ ■ ■ 3 ■ · · ■ · ■
2 ■ · ■ · ■ ■ 3 ■ ?
3 ■ ■ · ■ 4 ■ · ■ ·
■ · 2 ■ · ■ ■ ■ 6 ■
■ ■ ■ · ■ · ■ · · ■
· ■ · ■ · ■ · ■ ■ 4
■ 4 ■ · ■ · ■ ■ · ■
· ■ · ■ · ■ ■ · ■ ■
■ ■ ■ · ■ ■ · ■ ■ ·
■ 2 ■ ■ · ■ ■ 4 ■ ■
■ ■ ■ 3 ■ · · ■ · ■
2 ■ · ■ · ■ ■ 3 ■ ?
3 ■ ■ · ■ 4 ■ · ■ ·
■ · 2 ■ · ■ ■ ■ 6 ■
■ ■ ■ · ■ · ■ · · ■
· ■ · ■ · ■ · ■ ■ 4
■ 4 ■ · ■ · ■ ■ · ■
· ■ · ■ · ■ ■ · ■ ■
■ ■ ■ · ■ ■ · ■ ■ ·
■ 2 ■ ■ · ■ ■ 4 ■ ■
■ ■ ■ 3 ■ · · ■ · ■
2 ■ · ■ · ■ ■ 3 ■ ?
3 ■ ■ · ■ 4 ■ · ■ ·
■ · 2 ■ · ■ ■ ■ 6 ■
■ ■ ■ · ■ · ■ · · ■
· ■ · ■ · ■ · ■ ■ 4
■ 4 ■ · ■ · ■ ■ · ■
· ■ · ■ · ■ ■ · ■ ■
■ ■ ■ · ■ ■ · ■ ■ ·
■ 2 ■ ■ · ■ ■ 4 ■ ■
■ ■ ■ 3 ■ · · ■ · ■
2 ■ · ■ · ■ ■ 3 ■ ?
3 ■ ■ · ■ 4 ■ · ■ ·
■ · 2 ■ · ■ ■ ■ 6 ■
■ ■ ■ · ■ · ■ · · ■
· ■ · ■ · ■ · ■ ■ 4
■ 4 ■ · ■ · ■ ■ · ■
· ■ · ■ · ■ ■ · ■ ■
■ ■ ■ · ■ ■ · ■ ■ ·
■ 2 ■ ■ · ■ ■ 4 ■ ■
■ ■ ■ 3 ■ · · ■ · ■
2 ■ · ■ · ■ ■ 3 ■ ?
3 ■ ■ · ■ 4 ■ · ■ ·
■ · 2 ■ · ■ ■ ■ 6 ■
■ ■ ■ · ■ · ■ · · ■
· ■ · ■ · ■ · ■ ■ 4
■ 4 ■ · ■ · ■ ■ · ■
· ■ · ■ · ■ ■ · ■ ■
■ ■ ■ · ■ ■ · ■ ■ ·
■ 2 ■ ■ · ■ ■ 4 ■ ■
■ ■ ■ 3 ■ · · ■ · ■
2 ■ · ■ · ■ ■ 3 ■ ?
# Number of solutions found: 10
# CPU time: 0.3569 s
================================= 132 =================================
# Encoding time: 0.4277 s
1 ■ 2 ■ 1 ■ ■ 1 ■ ·
■ ■ ■ · ■ 2 · ■ 1 ■
■ 1 ■ ■ · ■ ■ 2 ■ ·
· ■ ■ 3 ■ ■ · ■ · ■
4 ■ · ■ ■ · ■ · ■ 3
■ · ■ ■ · ■ 6 ■ ■ ·
■ ■ 1 ■ ■ ■ ■ · · ■
1 ■ ■ · ■ 1 ■ ■ ■ ·
■ · ■ 2 ■ ■ ■ 2 ■ ■
1 ■ · ■ 3 ■ · ■ ■ 3
1 ■ 2 ■ 1 ■ ■ 1 ■ ·
■ ■ ■ · ■ 2 · ■ 1 ■
■ 1 ■ ■ · ■ ■ 2 ■ ·
· ■ ■ 3 ■ ■ · ■ · ■
4 ■ · ■ ■ · ■ · ■ 3
■ · ■ ■ · ■ 6 ■ ■ ·
■ ■ 1 ■ ■ ■ ■ · · ■
1 ■ ■ · ■ 1 ■ ■ ■ ·
■ · ■ 2 ■ ■ ■ 2 ■ ■
1 ■ · ■ 3 ■ · ■ ■ 3
1 ■ 2 ■ 1 ■ ■ 1 ■ ·
■ ■ ■ · ■ 2 · ■ 1 ■
■ 1 ■ ■ · ■ ■ 2 ■ ·
· ■ ■ 3 ■ ■ · ■ · ■
4 ■ · ■ ■ · ■ · ■ 3
■ · ■ ■ · ■ 6 ■ ■ ·
■ ■ 1 ■ ■ ■ ■ · · ■
1 ■ ■ · ■ 1 ■ ■ ■ ·
■ · ■ 2 ■ ■ ■ 2 ■ ■
1 ■ · ■ 3 ■ · ■ ■ 3
1 ■ 2 ■ 1 ■ ■ 1 ■ ·
■ ■ ■ · ■ 2 · ■ 1 ■
■ 1 ■ ■ · ■ ■ 2 ■ ·
· ■ ■ 3 ■ ■ · ■ · ■
4 ■ · ■ ■ · ■ · ■ 3
■ · ■ ■ · ■ 6 ■ ■ ·
■ ■ 1 ■ ■ ■ ■ · · ■
1 ■ ■ · ■ 1 ■ ■ ■ ·
■ · ■ 2 ■ ■ ■ 2 ■ ■
1 ■ · ■ 3 ■ · ■ ■ 3
1 ■ 2 ■ 1 ■ ■ 1 ■ ·
■ ■ ■ · ■ 2 · ■ 1 ■
■ 1 ■ ■ · ■ ■ 2 ■ ·
· ■ ■ 3 ■ ■ · ■ · ■
4 ■ · ■ ■ · ■ · ■ 3
■ · ■ ■ · ■ 6 ■ ■ ·
■ ■ 1 ■ ■ ■ ■ · · ■
1 ■ ■ · ■ 1 ■ ■ ■ ·
■ · ■ 2 ■ ■ ■ 2 ■ ■
1 ■ · ■ 3 ■ · ■ ■ 3
1 ■ 2 ■ 1 ■ ■ 1 ■ ·
■ ■ ■ · ■ 2 · ■ 1 ■
■ 1 ■ ■ · ■ ■ 2 ■ ·
· ■ ■ 3 ■ ■ · ■ · ■
4 ■ · ■ ■ · ■ · ■ 3
■ · ■ ■ · ■ 6 ■ ■ ·
■ ■ 1 ■ ■ ■ ■ · · ■
1 ■ ■ · ■ 1 ■ ■ ■ ·
■ · ■ 2 ■ ■ ■ 2 ■ ■
1 ■ · ■ 3 ■ · ■ ■ 3
1 ■ 2 ■ 1 ■ ■ 1 ■ ·
■ ■ ■ · ■ 2 · ■ 1 ■
■ 1 ■ ■ · ■ ■ 2 ■ ·
· ■ ■ 3 ■ ■ · ■ · ■
4 ■ · ■ ■ · ■ · ■ 3
■ · ■ ■ · ■ 6 ■ ■ ·
■ ■ 1 ■ ■ ■ ■ · · ■
1 ■ ■ · ■ 1 ■ ■ ■ ·
■ · ■ 2 ■ ■ ■ 2 ■ ■
1 ■ · ■ 3 ■ · ■ ■ 3
1 ■ 2 ■ 1 ■ ■ 1 ■ ·
■ ■ ■ · ■ 2 · ■ 1 ■
■ 1 ■ ■ · ■ ■ 2 ■ ·
· ■ ■ 3 ■ ■ · ■ · ■
4 ■ · ■ ■ · ■ · ■ 3
■ · ■ ■ · ■ 6 ■ ■ ·
■ ■ 1 ■ ■ ■ ■ · · ■
1 ■ ■ · ■ 1 ■ ■ ■ ·
■ · ■ 2 ■ ■ ■ 2 ■ ■
1 ■ · ■ 3 ■ · ■ ■ 3
1 ■ 2 ■ 1 ■ ■ 1 ■ ·
■ ■ ■ · ■ 2 · ■ 1 ■
■ 1 ■ ■ · ■ ■ 2 ■ ·
· ■ ■ 3 ■ ■ · ■ · ■
4 ■ · ■ ■ · ■ · ■ 3
■ · ■ ■ · ■ 6 ■ ■ ·
■ ■ 1 ■ ■ ■ ■ · · ■
1 ■ ■ · ■ 1 ■ ■ ■ ·
■ · ■ 2 ■ ■ ■ 2 ■ ■
1 ■ · ■ 3 ■ · ■ ■ 3
1 ■ 2 ■ 1 ■ ■ 1 ■ ·
■ ■ ■ · ■ 2 · ■ 1 ■
■ 1 ■ ■ · ■ ■ 2 ■ ·
· ■ ■ 3 ■ ■ · ■ · ■
4 ■ · ■ ■ · ■ · ■ 3
■ · ■ ■ · ■ 6 ■ ■ ·
■ ■ 1 ■ ■ ■ ■ · · ■
1 ■ ■ · ■ 1 ■ ■ ■ ·
■ · ■ 2 ■ ■ ■ 2 ■ ■
1 ■ · ■ 3 ■ · ■ ■ 3
# Number of solutions found: 10
# CPU time: 0.5334 s
================================= 133 =================================
# Encoding time: 0.01874 s
1 ■ ■ · ■
■ ■ 2 ■ ·
· ■ · ■ ■
4 · ■ · 3
1 ■ ■ · ■
■ ■ 2 ■ ·
· ■ · ■ ■
4 · ■ · 3
1 ■ ■ · ■
■ ■ 2 ■ ·
· ■ · ■ ■
4 · ■ · 3
1 ■ ■ · ■
■ ■ 2 ■ ·
· ■ · ■ ■
4 · ■ · 3
1 ■ ■ · ■
■ ■ 2 ■ ·
· ■ · ■ ■
4 · ■ · 3
1 ■ ■ · ■
■ ■ 2 ■ ·
· ■ · ■ ■
4 · ■ · 3
1 ■ ■ · ■
■ ■ 2 ■ ·
· ■ · ■ ■
4 · ■ · 3
1 ■ ■ · ■
■ ■ 2 ■ ·
· ■ · ■ ■
4 · ■ · 3
1 ■ ■ · ■
■ ■ 2 ■ ·
· ■ · ■ ■
4 · ■ · 3
1 ■ ■ · ■
■ ■ 2 ■ ·
· ■ · ■ ■
4 · ■ · 3
# Number of solutions found: 10
# CPU time: 0.02492 s
================================= 134 =================================
# Encoding time: 0.03331 s
■ · ■ · ■ ■
2 ■ ■ 7 ■ 3
· ■ · ■ · ■
■ ■ ■ ■ · ■
1 ■ · ■ ■ ·
■ ■ ■ ■ · ■
■ · ■ · ■ ■
2 ■ ■ 7 ■ 3
· ■ · ■ · ■
■ ■ ■ ■ · ■
1 ■ · ■ ■ ·
■ ■ ■ ■ · ■
■ · ■ · ■ ■
2 ■ ■ 7 ■ 3
· ■ · ■ · ■
■ ■ ■ ■ · ■
1 ■ · ■ ■ ·
■ ■ ■ ■ · ■
■ · ■ · ■ ■
2 ■ ■ 7 ■ 3
· ■ · ■ · ■
■ ■ ■ ■ · ■
1 ■ · ■ ■ ·
■ ■ ■ ■ · ■
■ · ■ · ■ ■
2 ■ ■ 7 ■ 3
· ■ · ■ · ■
■ ■ ■ ■ · ■
1 ■ · ■ ■ ·
■ ■ ■ ■ · ■
■ · ■ · ■ ■
2 ■ ■ 7 ■ 3
· ■ · ■ · ■
■ ■ ■ ■ · ■
1 ■ · ■ ■ ·
■ ■ ■ ■ · ■
■ · ■ · ■ ■
2 ■ ■ 7 ■ 3
· ■ · ■ · ■
■ ■ ■ ■ · ■
1 ■ · ■ ■ ·
■ ■ ■ ■ · ■
■ · ■ · ■ ■
2 ■ ■ 7 ■ 3
· ■ · ■ · ■
■ ■ ■ ■ · ■
1 ■ · ■ ■ ·
■ ■ ■ ■ · ■
■ · ■ · ■ ■
2 ■ ■ 7 ■ 3
· ■ · ■ · ■
■ ■ ■ ■ · ■
1 ■ · ■ ■ ·
■ ■ ■ ■ · ■
■ · ■ · ■ ■
2 ■ ■ 7 ■ 3
· ■ · ■ · ■
■ ■ ■ ■ · ■
1 ■ · ■ ■ ·
■ ■ ■ ■ · ■
# Number of solutions found: 10
# CPU time: 0.04529 s
================================= 135 =================================
# Encoding time: 0.06389 s
■ · ■ 4 ■ · ·
■ ■ · ■ · ■ ■
3 ■ ■ ■ ■ · 5
■ · ■ 3 ■ ■ ■
■ ■ · ■ · ■ ·
· ■ ■ ■ ■ ■ ■
■ 2 ■ · ■ 1 ■
■ · ■ 4 ■ · ·
■ ■ · ■ · ■ ■
3 ■ ■ ■ ■ · 5
■ · ■ 3 ■ ■ ■
■ ■ · ■ · ■ ·
· ■ ■ ■ ■ ■ ■
■ 2 ■ · ■ 1 ■
■ · ■ 4 ■ · ·
■ ■ · ■ · ■ ■
3 ■ ■ ■ ■ · 5
■ · ■ 3 ■ ■ ■
■ ■ · ■ · ■ ·
· ■ ■ ■ ■ ■ ■
■ 2 ■ · ■ 1 ■
■ · ■ 4 ■ · ·
■ ■ · ■ · ■ ■
3 ■ ■ ■ ■ · 5
■ · ■ 3 ■ ■ ■
■ ■ · ■ · ■ ·
· ■ ■ ■ ■ ■ ■
■ 2 ■ · ■ 1 ■
■ · ■ 4 ■ · ·
■ ■ · ■ · ■ ■
3 ■ ■ ■ ■ · 5
■ · ■ 3 ■ ■ ■
■ ■ · ■ · ■ ·
· ■ ■ ■ ■ ■ ■
■ 2 ■ · ■ 1 ■
■ · ■ 4 ■ · ·
■ ■ · ■ · ■ ■
3 ■ ■ ■ ■ · 5
■ · ■ 3 ■ ■ ■
■ ■ · ■ · ■ ·
· ■ ■ ■ ■ ■ ■
■ 2 ■ · ■ 1 ■
■ · ■ 4 ■ · ·
■ ■ · ■ · ■ ■
3 ■ ■ ■ ■ · 5
■ · ■ 3 ■ ■ ■
■ ■ · ■ · ■ ·
· ■ ■ ■ ■ ■ ■
■ 2 ■ · ■ 1 ■
■ · ■ 4 ■ · ·
■ ■ · ■ · ■ ■
3 ■ ■ ■ ■ · 5
■ · ■ 3 ■ ■ ■
■ ■ · ■ · ■ ·
· ■ ■ ■ ■ ■ ■
■ 2 ■ · ■ 1 ■
■ · ■ 4 ■ · ·
■ ■ · ■ · ■ ■
3 ■ ■ ■ ■ · 5
■ · ■ 3 ■ ■ ■
■ ■ · ■ · ■ ·
· ■ ■ ■ ■ ■ ■
■ 2 ■ · ■ 1 ■
■ · ■ 4 ■ · ·
■ ■ · ■ · ■ ■
3 ■ ■ ■ ■ · 5
■ · ■ 3 ■ ■ ■
■ ■ · ■ · ■ ·
· ■ ■ ■ ■ ■ ■
■ 2 ■ · ■ 1 ■
# Number of solutions found: 10
# CPU time: 0.0874 s
================================= 136 =================================
# Encoding time: 0.2164 s
■ · ■ ■ 4 ■ ■ · ■
· ■ · ■ ■ ■ · ■ ·
■ 1 ■ · ■ · ■ 3 ■
2 ■ · ■ 3 ■ · ■ 2
■ ■ ■ · ■ · ■ · ■
■ · ■ ■ 5 ■ · ■ ■
1 ■ ■ · ■ · ■ ■ 1
■ 5 ■ ■ · ■ ■ 4 ■
■ ■ ■ · ■ · ■ ■ ·
· ■ · ■ 6 ■ · ■ ·
■ · ■ ■ 4 ■ ■ · ■
· ■ · ■ ■ ■ · ■ ·
■ 1 ■ · ■ · ■ 3 ■
2 ■ · ■ 3 ■ · ■ 2
■ ■ ■ · ■ · ■ · ■
■ · ■ ■ 5 ■ · ■ ■
1 ■ ■ · ■ · ■ ■ 1
■ 5 ■ ■ · ■ ■ 4 ■
■ ■ ■ · ■ · ■ ■ ·
· ■ · ■ 6 ■ · ■ ·
■ · ■ ■ 4 ■ ■ · ■
· ■ · ■ ■ ■ · ■ ·
■ 1 ■ · ■ · ■ 3 ■
2 ■ · ■ 3 ■ · ■ 2
■ ■ ■ · ■ · ■ · ■
■ · ■ ■ 5 ■ · ■ ■
1 ■ ■ · ■ · ■ ■ 1
■ 5 ■ ■ · ■ ■ 4 ■
■ ■ ■ · ■ · ■ ■ ·
· ■ · ■ 6 ■ · ■ ·
■ · ■ ■ 4 ■ ■ · ■
· ■ · ■ ■ ■ · ■ ·
■ 1 ■ · ■ · ■ 3 ■
2 ■ · ■ 3 ■ · ■ 2
■ ■ ■ · ■ · ■ · ■
■ · ■ ■ 5 ■ · ■ ■
1 ■ ■ · ■ · ■ ■ 1
■ 5 ■ ■ · ■ ■ 4 ■
■ ■ ■ · ■ · ■ ■ ·
· ■ · ■ 6 ■ · ■ ·
■ · ■ ■ 4 ■ ■ · ■
· ■ · ■ ■ ■ · ■ ·
■ 1 ■ · ■ · ■ 3 ■
2 ■ · ■ 3 ■ · ■ 2
■ ■ ■ · ■ · ■ · ■
■ · ■ ■ 5 ■ · ■ ■
1 ■ ■ · ■ · ■ ■ 1
■ 5 ■ ■ · ■ ■ 4 ■
■ ■ ■ · ■ · ■ ■ ·
· ■ · ■ 6 ■ · ■ ·
■ · ■ ■ 4 ■ ■ · ■
· ■ · ■ ■ ■ · ■ ·
■ 1 ■ · ■ · ■ 3 ■
2 ■ · ■ 3 ■ · ■ 2
■ ■ ■ · ■ · ■ · ■
■ · ■ ■ 5 ■ · ■ ■
1 ■ ■ · ■ · ■ ■ 1
■ 5 ■ ■ · ■ ■ 4 ■
■ ■ ■ · ■ · ■ ■ ·
· ■ · ■ 6 ■ · ■ ·
■ · ■ ■ 4 ■ ■ · ■
· ■ · ■ ■ ■ · ■ ·
■ 1 ■ · ■ · ■ 3 ■
2 ■ · ■ 3 ■ · ■ 2
■ ■ ■ · ■ · ■ · ■
■ · ■ ■ 5 ■ · ■ ■
1 ■ ■ · ■ · ■ ■ 1
■ 5 ■ ■ · ■ ■ 4 ■
■ ■ ■ · ■ · ■ ■ ·
· ■ · ■ 6 ■ · ■ ·
■ · ■ ■ 4 ■ ■ · ■
· ■ · ■ ■ ■ · ■ ·
■ 1 ■ · ■ · ■ 3 ■
2 ■ · ■ 3 ■ · ■ 2
■ ■ ■ · ■ · ■ · ■
■ · ■ ■ 5 ■ · ■ ■
1 ■ ■ · ■ · ■ ■ 1
■ 5 ■ ■ · ■ ■ 4 ■
■ ■ ■ · ■ · ■ ■ ·
· ■ · ■ 6 ■ · ■ ·
■ · ■ ■ 4 ■ ■ · ■
· ■ · ■ ■ ■ · ■ ·
■ 1 ■ · ■ · ■ 3 ■
2 ■ · ■ 3 ■ · ■ 2
■ ■ ■ · ■ · ■ · ■
■ · ■ ■ 5 ■ · ■ ■
1 ■ ■ · ■ · ■ ■ 1
■ 5 ■ ■ · ■ ■ 4 ■
■ ■ ■ · ■ · ■ ■ ·
· ■ · ■ 6 ■ · ■ ·
■ · ■ ■ 4 ■ ■ · ■
· ■ · ■ ■ ■ · ■ ·
■ 1 ■ · ■ · ■ 3 ■
2 ■ · ■ 3 ■ · ■ 2
■ ■ ■ · ■ · ■ · ■
■ · ■ ■ 5 ■ · ■ ■
1 ■ ■ · ■ · ■ ■ 1
■ 5 ■ ■ · ■ ■ 4 ■
■ ■ ■ · ■ · ■ ■ ·
· ■ · ■ 6 ■ · ■ ·
# Number of solutions found: 10
# CPU time: 0.3125 s
================================= 137 =================================
# Encoding time: 0.1444 s
■ ■ · · ■ ■ · ■
· ■ · ■ 5 · ■ ·
■ 1 ■ · ■ ■ ■ ■
· ■ 2 ■ ■ · ■ ·
■ 3 ■ · 6 ■ · ■
· ■ 4 ■ ■ · ■ ■
■ · ■ ■ · · ■ ·
■ ■ ■ · ■ ■ 7 ■
■ · ■ ■ ■ 8 ■ ■
■ ■ ■ · ■ ■ · ·
· · · ■ ■ · ■ ■
■ ■ · · ■ ■ · ■
· ■ · ■ 5 · ■ ·
■ 1 ■ · ■ ■ ■ ■
· ■ 2 ■ ■ · ■ ·
■ 3 ■ · 6 ■ · ■
· ■ 4 ■ ■ · ■ ■
■ · ■ ■ · · ■ ·
■ ■ ■ · ■ ■ 7 ■
■ · ■ ■ ■ 8 ■ ■
■ ■ ■ · ■ ■ · ·
· · · ■ ■ · ■ ■
■ ■ · · ■ ■ · ■
· ■ · ■ 5 · ■ ·
■ 1 ■ · ■ ■ ■ ■
· ■ 2 ■ ■ · ■ ·
■ 3 ■ · 6 ■ · ■
· ■ 4 ■ ■ · ■ ■
■ · ■ ■ · · ■ ·
■ ■ ■ · ■ ■ 7 ■
■ · ■ ■ ■ 8 ■ ■
■ ■ ■ · ■ ■ · ·
· · · ■ ■ · ■ ■
■ ■ · · ■ ■ · ■
· ■ · ■ 5 · ■ ·
■ 1 ■ · ■ ■ ■ ■
· ■ 2 ■ ■ · ■ ·
■ 3 ■ · 6 ■ · ■
· ■ 4 ■ ■ · ■ ■
■ · ■ ■ · · ■ ·
■ ■ ■ · ■ ■ 7 ■
■ · ■ ■ ■ 8 ■ ■
■ ■ ■ · ■ ■ · ·
· · · ■ ■ · ■ ■
■ ■ · · ■ ■ · ■
· ■ · ■ 5 · ■ ·
■ 1 ■ · ■ ■ ■ ■
· ■ 2 ■ ■ · ■ ·
■ 3 ■ · 6 ■ · ■
· ■ 4 ■ ■ · ■ ■
■ · ■ ■ · · ■ ·
■ ■ ■ · ■ ■ 7 ■
■ · ■ ■ ■ 8 ■ ■
■ ■ ■ · ■ ■ · ·
· · · ■ ■ · ■ ■
■ ■ · · ■ ■ · ■
· ■ · ■ 5 · ■ ·
■ 1 ■ · ■ ■ ■ ■
· ■ 2 ■ ■ · ■ ·
■ 3 ■ · 6 ■ · ■
· ■ 4 ■ ■ · ■ ■
■ · ■ ■ · · ■ ·
■ ■ ■ · ■ ■ 7 ■
■ · ■ ■ ■ 8 ■ ■
■ ■ ■ · ■ ■ · ·
· · · ■ ■ · ■ ■
■ ■ · · ■ ■ · ■
· ■ · ■ 5 · ■ ·
■ 1 ■ · ■ ■ ■ ■
· ■ 2 ■ ■ · ■ ·
■ 3 ■ · 6 ■ · ■
· ■ 4 ■ ■ · ■ ■
■ · ■ ■ · · ■ ·
■ ■ ■ · ■ ■ 7 ■
■ · ■ ■ ■ 8 ■ ■
■ ■ ■ · ■ ■ · ·
· · · ■ ■ · ■ ■
■ ■ · · ■ ■ · ■
· ■ · ■ 5 · ■ ·
■ 1 ■ · ■ ■ ■ ■
· ■ 2 ■ ■ · ■ ·
■ 3 ■ · 6 ■ · ■
· ■ 4 ■ ■ · ■ ■
■ · ■ ■ · · ■ ·
■ ■ ■ · ■ ■ 7 ■
■ · ■ ■ ■ 8 ■ ■
■ ■ ■ · ■ ■ · ·
· · · ■ ■ · ■ ■
■ ■ · · ■ ■ · ■
· ■ · ■ 5 · ■ ·
■ 1 ■ · ■ ■ ■ ■
· ■ 2 ■ ■ · ■ ·
■ 3 ■ · 6 ■ · ■
· ■ 4 ■ ■ · ■ ■
■ · ■ ■ · · ■ ·
■ ■ ■ · ■ ■ 7 ■
■ · ■ ■ ■ 8 ■ ■
■ ■ ■ · ■ ■ · ·
· · · ■ ■ · ■ ■
■ ■ · · ■ ■ · ■
· ■ · ■ 5 · ■ ·
■ 1 ■ · ■ ■ ■ ■
· ■ 2 ■ ■ · ■ ·
■ 3 ■ · 6 ■ · ■
· ■ 4 ■ ■ · ■ ■
■ · ■ ■ · · ■ ·
■ ■ ■ · ■ ■ 7 ■
■ · ■ ■ ■ 8 ■ ■
■ ■ ■ · ■ ■ · ·
· · · ■ ■ · ■ ■
# Number of solutions found: 10
# CPU time: 0.2282 s
================================= 138 =================================
# Encoding time: 0.1615 s
7 ■ · ■ · ■ ? ■ ■ ·
■ ■ · · ■ · ■ ■ ? ■
· 7 ■ 8 · ■ · ■ ■ ·
■ ■ · · ■ ■ ■ ■ · ■
■ · ■ ■ ■ 3 · ■ ■ ·
■ · ■ · · ■ ■ ■ · ■
· ■ · · ■ 2 ■ · ■ ·
■ · ■ ■ ■ ■ · ■ ■ ■
· ■ · ■ · ■ ■ · · ■
■ · ■ 3 ■ · ■ ■ ■ ·
7 ■ · ■ · ■ ? ■ ■ ·
■ ■ · · ■ · ■ ■ ? ■
· 7 ■ 8 · ■ · ■ ■ ·
■ ■ · · ■ ■ ■ ■ · ■
■ · ■ ■ ■ 3 · ■ ■ ·
■ · ■ · · ■ ■ ■ · ■
· ■ · · ■ 2 ■ · ■ ·
■ · ■ ■ ■ ■ · ■ ■ ■
· ■ · ■ · ■ ■ · · ■
■ · ■ 3 ■ · ■ ■ ■ ·
7 ■ · ■ · ■ ? ■ ■ ·
■ ■ · · ■ · ■ ■ ? ■
· 7 ■ 8 · ■ · ■ ■ ·
■ ■ · · ■ ■ ■ ■ · ■
■ · ■ ■ ■ 3 · ■ ■ ·
■ · ■ · · ■ ■ ■ · ■
· ■ · · ■ 2 ■ · ■ ·
■ · ■ ■ ■ ■ · ■ ■ ■
· ■ · ■ · ■ ■ · · ■
■ · ■ 3 ■ · ■ ■ ■ ·
7 ■ · ■ · ■ ? ■ ■ ·
■ ■ · · ■ · ■ ■ ? ■
· 7 ■ 8 · ■ · ■ ■ ·
■ ■ · · ■ ■ ■ ■ · ■
■ · ■ ■ ■ 3 · ■ ■ ·
■ · ■ · · ■ ■ ■ · ■
· ■ · · ■ 2 ■ · ■ ·
■ · ■ ■ ■ ■ · ■ ■ ■
· ■ · ■ · ■ ■ · · ■
■ · ■ 3 ■ · ■ ■ ■ ·
7 ■ · ■ · ■ ? ■ ■ ·
■ ■ · · ■ · ■ ■ ? ■
· 7 ■ 8 · ■ · ■ ■ ·
■ ■ · · ■ ■ ■ ■ · ■
■ · ■ ■ ■ 3 · ■ ■ ·
■ · ■ · · ■ ■ ■ · ■
· ■ · · ■ 2 ■ · ■ ·
■ · ■ ■ ■ ■ · ■ ■ ■
· ■ · ■ · ■ ■ · · ■
■ · ■ 3 ■ · ■ ■ ■ ·
7 ■ · ■ · ■ ? ■ ■ ·
■ ■ · · ■ · ■ ■ ? ■
· 7 ■ 8 · ■ · ■ ■ ·
■ ■ · · ■ ■ ■ ■ · ■
■ · ■ ■ ■ 3 · ■ ■ ·
■ · ■ · · ■ ■ ■ · ■
· ■ · · ■ 2 ■ · ■ ·
■ · ■ ■ ■ ■ · ■ ■ ■
· ■ · ■ · ■ ■ · · ■
■ · ■ 3 ■ · ■ ■ ■ ·
7 ■ · ■ · ■ ? ■ ■ ·
■ ■ · · ■ · ■ ■ ? ■
· 7 ■ 8 · ■ · ■ ■ ·
■ ■ · · ■ ■ ■ ■ · ■
■ · ■ ■ ■ 3 · ■ ■ ·
■ · ■ · · ■ ■ ■ · ■
· ■ · · ■ 2 ■ · ■ ·
■ · ■ ■ ■ ■ · ■ ■ ■
· ■ · ■ · ■ ■ · · ■
■ · ■ 3 ■ · ■ ■ ■ ·
7 ■ · ■ · ■ ? ■ ■ ·
■ ■ · · ■ · ■ ■ ? ■
· 7 ■ 8 · ■ · ■ ■ ·
■ ■ · · ■ ■ ■ ■ · ■
■ · ■ ■ ■ 3 · ■ ■ ·
■ · ■ · · ■ ■ ■ · ■
· ■ · · ■ 2 ■ · ■ ·
■ · ■ ■ ■ ■ · ■ ■ ■
· ■ · ■ · ■ ■ · · ■
■ · ■ 3 ■ · ■ ■ ■ ·
7 ■ · ■ · ■ ? ■ ■ ·
■ ■ · · ■ · ■ ■ ? ■
· 7 ■ 8 · ■ · ■ ■ ·
■ ■ · · ■ ■ ■ ■ · ■
■ · ■ ■ ■ 3 · ■ ■ ·
■ · ■ · · ■ ■ ■ · ■
· ■ · · ■ 2 ■ · ■ ·
■ · ■ ■ ■ ■ · ■ ■ ■
· ■ · ■ · ■ ■ · · ■
■ · ■ 3 ■ · ■ ■ ■ ·
7 ■ · ■ · ■ ? ■ ■ ·
■ ■ · · ■ · ■ ■ ? ■
· 7 ■ 8 · ■ · ■ ■ ·
■ ■ · · ■ ■ ■ ■ · ■
■ · ■ ■ ■ 3 · ■ ■ ·
■ · ■ · · ■ ■ ■ · ■
· ■ · · ■ 2 ■ · ■ ·
■ · ■ ■ ■ ■ · ■ ■ ■
· ■ · ■ · ■ ■ · · ■
■ · ■ 3 ■ · ■ ■ ■ ·
# Number of solutions found: 10
# CPU time: 0.2244 s
================================= 139 =================================
# Encoding time: 0.1558 s
1 ■ 3 ■ 3 ■ ■ 2
■ · ■ · ■ · · ■
2 ■ ■ · ■ ■ ■ ·
■ ■ · ■ 3 · ■ ■
■ · ■ 2 ■ ■ · ■
· ■ · ■ · · ■ 3
■ · ■ ■ ■ ■ · ■
3 ■ ■ 3 ■ 2 ■ 1
1 ■ 3 ■ 3 ■ ■ 2
■ · ■ · ■ · · ■
2 ■ ■ · ■ ■ ■ ·
■ ■ · ■ 3 · ■ ■
■ · ■ 2 ■ ■ · ■
· ■ · ■ · · ■ 3
■ · ■ ■ ■ ■ · ■
3 ■ ■ 3 ■ 2 ■ 1
1 ■ 3 ■ 3 ■ ■ 2
■ · ■ · ■ · · ■
2 ■ ■ · ■ ■ ■ ·
■ ■ · ■ 3 · ■ ■
■ · ■ 2 ■ ■ · ■
· ■ · ■ · · ■ 3
■ · ■ ■ ■ ■ · ■
3 ■ ■ 3 ■ 2 ■ 1
1 ■ 3 ■ 3 ■ ■ 2
■ · ■ · ■ · · ■
2 ■ ■ · ■ ■ ■ ·
■ ■ · ■ 3 · ■ ■
■ · ■ 2 ■ ■ · ■
· ■ · ■ · · ■ 3
■ · ■ ■ ■ ■ · ■
3 ■ ■ 3 ■ 2 ■ 1
1 ■ 3 ■ 3 ■ ■ 2
■ · ■ · ■ · · ■
2 ■ ■ · ■ ■ ■ ·
■ ■ · ■ 3 · ■ ■
■ · ■ 2 ■ ■ · ■
· ■ · ■ · · ■ 3
■ · ■ ■ ■ ■ · ■
3 ■ ■ 3 ■ 2 ■ 1
1 ■ 3 ■ 3 ■ ■ 2
■ · ■ · ■ · · ■
2 ■ ■ · ■ ■ ■ ·
■ ■ · ■ 3 · ■ ■
■ · ■ 2 ■ ■ · ■
· ■ · ■ · · ■ 3
■ · ■ ■ ■ ■ · ■
3 ■ ■ 3 ■ 2 ■ 1
1 ■ 3 ■ 3 ■ ■ 2
■ · ■ · ■ · · ■
2 ■ ■ · ■ ■ ■ ·
■ ■ · ■ 3 · ■ ■
■ · ■ 2 ■ ■ · ■
· ■ · ■ · · ■ 3
■ · ■ ■ ■ ■ · ■
3 ■ ■ 3 ■ 2 ■ 1
1 ■ 3 ■ 3 ■ ■ 2
■ · ■ · ■ · · ■
2 ■ ■ · ■ ■ ■ ·
■ ■ · ■ 3 · ■ ■
■ · ■ 2 ■ ■ · ■
· ■ · ■ · · ■ 3
■ · ■ ■ ■ ■ · ■
3 ■ ■ 3 ■ 2 ■ 1
1 ■ 3 ■ 3 ■ ■ 2
■ · ■ · ■ · · ■
2 ■ ■ · ■ ■ ■ ·
■ ■ · ■ 3 · ■ ■
■ · ■ 2 ■ ■ · ■
· ■ · ■ · · ■ 3
■ · ■ ■ ■ ■ · ■
3 ■ ■ 3 ■ 2 ■ 1
1 ■ 3 ■ 3 ■ ■ 2
■ · ■ · ■ · · ■
2 ■ ■ · ■ ■ ■ ·
■ ■ · ■ 3 · ■ ■
■ · ■ 2 ■ ■ · ■
· ■ · ■ · · ■ 3
■ · ■ ■ ■ ■ · ■
3 ■ ■ 3 ■ 2 ■ 1
# Number of solutions found: 10
# CPU time: 0.2037 s
================================= 140 =================================
# Encoding time: 0.285 s
■ 2 ■ ■ · ■ ■ ■ ■ ·
· ■ ■ 2 ■ 1 ■ 2 ■ ■
■ ■ 5 ■ 1 ■ · ■ · ■
■ · ■ ■ ■ · ■ · ■ ■
■ · ■ 2 ■ ■ 2 ■ ■ ·
· ■ · ■ ■ · ■ 5 ■ ■
■ ■ ■ ■ · ■ 5 ■ ■ ·
■ 2 ■ · ■ · ■ · ■ ■
■ ■ 5 ■ 2 ■ · ■ 2 ■
■ · ■ · ■ · ■ · ■ ·
■ 2 ■ ■ · ■ ■ ■ ■ ·
· ■ ■ 2 ■ 1 ■ 2 ■ ■
■ ■ 5 ■ 1 ■ · ■ · ■
■ · ■ ■ ■ · ■ · ■ ■
■ · ■ 2 ■ ■ 2 ■ ■ ·
· ■ · ■ ■ · ■ 5 ■ ■
■ ■ ■ ■ · ■ 5 ■ ■ ·
■ 2 ■ · ■ · ■ · ■ ■
■ ■ 5 ■ 2 ■ · ■ 2 ■
■ · ■ · ■ · ■ · ■ ·
■ 2 ■ ■ · ■ ■ ■ ■ ·
· ■ ■ 2 ■ 1 ■ 2 ■ ■
■ ■ 5 ■ 1 ■ · ■ · ■
■ · ■ ■ ■ · ■ · ■ ■
■ · ■ 2 ■ ■ 2 ■ ■ ·
· ■ · ■ ■ · ■ 5 ■ ■
■ ■ ■ ■ · ■ 5 ■ ■ ·
■ 2 ■ · ■ · ■ · ■ ■
■ ■ 5 ■ 2 ■ · ■ 2 ■
■ · ■ · ■ · ■ · ■ ·
■ 2 ■ ■ · ■ ■ ■ ■ ·
· ■ ■ 2 ■ 1 ■ 2 ■ ■
■ ■ 5 ■ 1 ■ · ■ · ■
■ · ■ ■ ■ · ■ · ■ ■
■ · ■ 2 ■ ■ 2 ■ ■ ·
· ■ · ■ ■ · ■ 5 ■ ■
■ ■ ■ ■ · ■ 5 ■ ■ ·
■ 2 ■ · ■ · ■ · ■ ■
■ ■ 5 ■ 2 ■ · ■ 2 ■
■ · ■ · ■ · ■ · ■ ·
■ 2 ■ ■ · ■ ■ ■ ■ ·
· ■ ■ 2 ■ 1 ■ 2 ■ ■
■ ■ 5 ■ 1 ■ · ■ · ■
■ · ■ ■ ■ · ■ · ■ ■
■ · ■ 2 ■ ■ 2 ■ ■ ·
· ■ · ■ ■ · ■ 5 ■ ■
■ ■ ■ ■ · ■ 5 ■ ■ ·
■ 2 ■ · ■ · ■ · ■ ■
■ ■ 5 ■ 2 ■ · ■ 2 ■
■ · ■ · ■ · ■ · ■ ·
■ 2 ■ ■ · ■ ■ ■ ■ ·
· ■ ■ 2 ■ 1 ■ 2 ■ ■
■ ■ 5 ■ 1 ■ · ■ · ■
■ · ■ ■ ■ · ■ · ■ ■
■ · ■ 2 ■ ■ 2 ■ ■ ·
· ■ · ■ ■ · ■ 5 ■ ■
■ ■ ■ ■ · ■ 5 ■ ■ ·
■ 2 ■ · ■ · ■ · ■ ■
■ ■ 5 ■ 2 ■ · ■ 2 ■
■ · ■ · ■ · ■ · ■ ·
■ 2 ■ ■ · ■ ■ ■ ■ ·
· ■ ■ 2 ■ 1 ■ 2 ■ ■
■ ■ 5 ■ 1 ■ · ■ · ■
■ · ■ ■ ■ · ■ · ■ ■
■ · ■ 2 ■ ■ 2 ■ ■ ·
· ■ · ■ ■ · ■ 5 ■ ■
■ ■ ■ ■ · ■ 5 ■ ■ ·
■ 2 ■ · ■ · ■ · ■ ■
■ ■ 5 ■ 2 ■ · ■ 2 ■
■ · ■ · ■ · ■ · ■ ·
■ 2 ■ ■ · ■ ■ ■ ■ ·
· ■ ■ 2 ■ 1 ■ 2 ■ ■
■ ■ 5 ■ 1 ■ · ■ · ■
■ · ■ ■ ■ · ■ · ■ ■
■ · ■ 2 ■ ■ 2 ■ ■ ·
· ■ · ■ ■ · ■ 5 ■ ■
■ ■ ■ ■ · ■ 5 ■ ■ ·
■ 2 ■ · ■ · ■ · ■ ■
■ ■ 5 ■ 2 ■ · ■ 2 ■
■ · ■ · ■ · ■ · ■ ·
■ 2 ■ ■ · ■ ■ ■ ■ ·
· ■ ■ 2 ■ 1 ■ 2 ■ ■
■ ■ 5 ■ 1 ■ · ■ · ■
■ · ■ ■ ■ · ■ · ■ ■
■ · ■ 2 ■ ■ 2 ■ ■ ·
· ■ · ■ ■ · ■ 5 ■ ■
■ ■ ■ ■ · ■ 5 ■ ■ ·
■ 2 ■ · ■ · ■ · ■ ■
■ ■ 5 ■ 2 ■ · ■ 2 ■
■ · ■ · ■ · ■ · ■ ·
■ 2 ■ ■ · ■ ■ ■ ■ ·
· ■ ■ 2 ■ 1 ■ 2 ■ ■
■ ■ 5 ■ 1 ■ · ■ · ■
■ · ■ ■ ■ · ■ · ■ ■
■ · ■ 2 ■ ■ 2 ■ ■ ·
· ■ · ■ ■ · ■ 5 ■ ■
■ ■ ■ ■ · ■ 5 ■ ■ ·
■ 2 ■ · ■ · ■ · ■ ■
■ ■ 5 ■ 2 ■ · ■ 2 ■
■ · ■ · ■ · ■ · ■ ·
# Number of solutions found: 10
# CPU time: 0.4085 s
================================= 141 =================================
# Encoding time: 1.521 s
■ 2 ■ · ■ 4 ■ · ■ · ■ · ■ 2 ·
■ ■ 2 ■ · ■ · ■ · ■ 1 ■ 2 ■ ■
11 ■ ■ · ■ · ■ 1 ■ 1 ■ · ■ · ·
■ · · ■ 3 ■ · ■ 1 ■ 5 ■ ■ ■ ■
■ ■ ■ · ■ 1 ■ 1 ■ ■ ■ ■ · ■ ·
1 ■ · ■ ■ ■ 1 ■ · 2 ■ · ■ 5 ■
■ · ■ ■ · · ■ · ■ ■ · ■ · ■ ·
· ■ 1 ■ ■ ■ 3 ■ · · ■ · 4 ■ 4
■ · ■ · · ■ ■ · ■ ■ ■ ■ · ■ ·
· ■ · ■ ■ ■ 1 ■ · · · · ■ · ■
■ · ■ · ■ · ■ ■ · ■ ■ ■ 2 ■ ·
5 ■ ■ ■ 1 ■ ■ 3 ■ · · ■ ■ 1 ■
■ · · · ■ 3 ■ ■ · · ■ 8 ■ ■ ·
2 ■ ■ ■ · ■ · ■ · · ■ ■ ■ · ■
■ ■ 1 ■ · ■ ■ · ■ ■ · ■ · ■ A
■ 2 ■ · ■ 4 ■ · ■ · ■ · ■ 2 ·
■ ■ 2 ■ · ■ · ■ · ■ 1 ■ 2 ■ ■
11 ■ ■ · ■ · ■ 1 ■ 1 ■ · ■ · ·
■ · · ■ 3 ■ · ■ 1 ■ 5 ■ ■ ■ ■
■ ■ ■ · ■ 1 ■ 1 ■ ■ ■ ■ · ■ ·
1 ■ · ■ ■ ■ 1 ■ · 2 ■ · ■ 5 ■
■ · ■ ■ · · ■ · ■ ■ · ■ · ■ ·
· ■ 1 ■ ■ ■ 3 ■ · · ■ · 4 ■ 4
■ · ■ · · ■ ■ · ■ ■ ■ ■ · ■ ·
· ■ · ■ ■ ■ 1 ■ · · · · ■ · ■
■ · ■ · ■ · ■ ■ · ■ ■ ■ 2 ■ ·
5 ■ ■ ■ 1 ■ ■ 3 ■ · · ■ ■ 1 ■
■ · · · ■ 3 ■ ■ · · ■ 8 ■ ■ ·
2 ■ ■ ■ · ■ · ■ · · ■ ■ ■ · ■
■ ■ 1 ■ · ■ ■ · ■ ■ · ■ · ■ A
■ 2 ■ · ■ 4 ■ · ■ · ■ · ■ 2 ·
■ ■ 2 ■ · ■ · ■ · ■ 1 ■ 2 ■ ■
11 ■ ■ · ■ · ■ 1 ■ 1 ■ · ■ · ·
■ · · ■ 3 ■ · ■ 1 ■ 5 ■ ■ ■ ■
■ ■ ■ · ■ 1 ■ 1 ■ ■ ■ ■ · ■ ·
1 ■ · ■ ■ ■ 1 ■ · 2 ■ · ■ 5 ■
■ · ■ ■ · · ■ · ■ ■ · ■ · ■ ·
· ■ 1 ■ ■ ■ 3 ■ · · ■ · 4 ■ 4
■ · ■ · · ■ ■ · ■ ■ ■ ■ · ■ ·
· ■ · ■ ■ ■ 1 ■ · · · · ■ · ■
■ · ■ · ■ · ■ ■ · ■ ■ ■ 2 ■ ·
5 ■ ■ ■ 1 ■ ■ 3 ■ · · ■ ■ 1 ■
■ · · · ■ 3 ■ ■ · · ■ 8 ■ ■ ·
2 ■ ■ ■ · ■ · ■ · · ■ ■ ■ · ■
■ ■ 1 ■ · ■ ■ · ■ ■ · ■ · ■ A
■ 2 ■ · ■ 4 ■ · ■ · ■ · ■ 2 ·
■ ■ 2 ■ · ■ · ■ · ■ 1 ■ 2 ■ ■
11 ■ ■ · ■ · ■ 1 ■ 1 ■ · ■ · ·
■ · · ■ 3 ■ · ■ 1 ■ 5 ■ ■ ■ ■
■ ■ ■ · ■ 1 ■ 1 ■ ■ ■ ■ · ■ ·
1 ■ · ■ ■ ■ 1 ■ · 2 ■ · ■ 5 ■
■ · ■ ■ · · ■ · ■ ■ · ■ · ■ ·
· ■ 1 ■ ■ ■ 3 ■ · · ■ · 4 ■ 4
■ · ■ · · ■ ■ · ■ ■ ■ ■ · ■ ·
· ■ · ■ ■ ■ 1 ■ · · · · ■ · ■
■ · ■ · ■ · ■ ■ · ■ ■ ■ 2 ■ ·
5 ■ ■ ■ 1 ■ ■ 3 ■ · · ■ ■ 1 ■
■ · · · ■ 3 ■ ■ · · ■ 8 ■ ■ ·
2 ■ ■ ■ · ■ · ■ · · ■ ■ ■ · ■
■ ■ 1 ■ · ■ ■ · ■ ■ · ■ · ■ A
■ 2 ■ · ■ 4 ■ · ■ · ■ · ■ 2 ·
■ ■ 2 ■ · ■ · ■ · ■ 1 ■ 2 ■ ■
11 ■ ■ · ■ · ■ 1 ■ 1 ■ · ■ · ·
■ · · ■ 3 ■ · ■ 1 ■ 5 ■ ■ ■ ■
■ ■ ■ · ■ 1 ■ 1 ■ ■ ■ ■ · ■ ·
1 ■ · ■ ■ ■ 1 ■ · 2 ■ · ■ 5 ■
■ · ■ ■ · · ■ · ■ ■ · ■ · ■ ·
· ■ 1 ■ ■ ■ 3 ■ · · ■ · 4 ■ 4
■ · ■ · · ■ ■ · ■ ■ ■ ■ · ■ ·
· ■ · ■ ■ ■ 1 ■ · · · · ■ · ■
■ · ■ · ■ · ■ ■ · ■ ■ ■ 2 ■ ·
5 ■ ■ ■ 1 ■ ■ 3 ■ · · ■ ■ 1 ■
■ · · · ■ 3 ■ ■ · · ■ 8 ■ ■ ·
2 ■ ■ ■ · ■ · ■ · · ■ ■ ■ · ■
■ ■ 1 ■ · ■ ■ · ■ ■ · ■ · ■ A
■ 2 ■ · ■ 4 ■ · ■ · ■ · ■ 2 ·
■ ■ 2 ■ · ■ · ■ · ■ 1 ■ 2 ■ ■
11 ■ ■ · ■ · ■ 1 ■ 1 ■ · ■ · ·
■ · · ■ 3 ■ · ■ 1 ■ 5 ■ ■ ■ ■
■ ■ ■ · ■ 1 ■ 1 ■ ■ ■ ■ · ■ ·
1 ■ · ■ ■ ■ 1 ■ · 2 ■ · ■ 5 ■
■ · ■ ■ · · ■ · ■ ■ · ■ · ■ ·
· ■ 1 ■ ■ ■ 3 ■ · · ■ · 4 ■ 4
■ · ■ · · ■ ■ · ■ ■ ■ ■ · ■ ·
· ■ · ■ ■ ■ 1 ■ · · · · ■ · ■
■ · ■ · ■ · ■ ■ · ■ ■ ■ 2 ■ ·
5 ■ ■ ■ 1 ■ ■ 3 ■ · · ■ ■ 1 ■
■ · · · ■ 3 ■ ■ · · ■ 8 ■ ■ ·
2 ■ ■ ■ · ■ · ■ · · ■ ■ ■ · ■
■ ■ 1 ■ · ■ ■ · ■ ■ · ■ · ■ A
■ 2 ■ · ■ 4 ■ · ■ · ■ · ■ 2 ·
■ ■ 2 ■ · ■ · ■ · ■ 1 ■ 2 ■ ■
11 ■ ■ · ■ · ■ 1 ■ 1 ■ · ■ · ·
■ · · ■ 3 ■ · ■ 1 ■ 5 ■ ■ ■ ■
■ ■ ■ · ■ 1 ■ 1 ■ ■ ■ ■ · ■ ·
1 ■ · ■ ■ ■ 1 ■ · 2 ■ · ■ 5 ■
■ · ■ ■ · · ■ · ■ ■ · ■ · ■ ·
· ■ 1 ■ ■ ■ 3 ■ · · ■ · 4 ■ 4
■ · ■ · · ■ ■ · ■ ■ ■ ■ · ■ ·
· ■ · ■ ■ ■ 1 ■ · · · · ■ · ■
■ · ■ · ■ · ■ ■ · ■ ■ ■ 2 ■ ·
5 ■ ■ ■ 1 ■ ■ 3 ■ · · ■ ■ 1 ■
■ · · · ■ 3 ■ ■ · · ■ 8 ■ ■ ·
2 ■ ■ ■ · ■ · ■ · · ■ ■ ■ · ■
■ ■ 1 ■ · ■ ■ · ■ ■ · ■ · ■ A
■ 2 ■ · ■ 4 ■ · ■ · ■ · ■ 2 ·
■ ■ 2 ■ · ■ · ■ · ■ 1 ■ 2 ■ ■
11 ■ ■ · ■ · ■ 1 ■ 1 ■ · ■ · ·
■ · · ■ 3 ■ · ■ 1 ■ 5 ■ ■ ■ ■
■ ■ ■ · ■ 1 ■ 1 ■ ■ ■ ■ · ■ ·
1 ■ · ■ ■ ■ 1 ■ · 2 ■ · ■ 5 ■
■ · ■ ■ · · ■ · ■ ■ · ■ · ■ ·
· ■ 1 ■ ■ ■ 3 ■ · · ■ · 4 ■ 4
■ · ■ · · ■ ■ · ■ ■ ■ ■ · ■ ·
· ■ · ■ ■ ■ 1 ■ · · · · ■ · ■
■ · ■ · ■ · ■ ■ · ■ ■ ■ 2 ■ ·
5 ■ ■ ■ 1 ■ ■ 3 ■ · · ■ ■ 1 ■
■ · · · ■ 3 ■ ■ · · ■ 8 ■ ■ ·
2 ■ ■ ■ · ■ · ■ · · ■ ■ ■ · ■
■ ■ 1 ■ · ■ ■ · ■ ■ · ■ · ■ A
■ 2 ■ · ■ 4 ■ · ■ · ■ · ■ 2 ·
■ ■ 2 ■ · ■ · ■ · ■ 1 ■ 2 ■ ■
11 ■ ■ · ■ · ■ 1 ■ 1 ■ · ■ · ·
■ · · ■ 3 ■ · ■ 1 ■ 5 ■ ■ ■ ■
■ ■ ■ · ■ 1 ■ 1 ■ ■ ■ ■ · ■ ·
1 ■ · ■ ■ ■ 1 ■ · 2 ■ · ■ 5 ■
■ · ■ ■ · · ■ · ■ ■ · ■ · ■ ·
· ■ 1 ■ ■ ■ 3 ■ · · ■ · 4 ■ 4
■ · ■ · · ■ ■ · ■ ■ ■ ■ · ■ ·
· ■ · ■ ■ ■ 1 ■ · · · · ■ · ■
■ · ■ · ■ · ■ ■ · ■ ■ ■ 2 ■ ·
5 ■ ■ ■ 1 ■ ■ 3 ■ · · ■ ■ 1 ■
■ · · · ■ 3 ■ ■ · · ■ 8 ■ ■ ·
2 ■ ■ ■ · ■ · ■ · · ■ ■ ■ · ■
■ ■ 1 ■ · ■ ■ · ■ ■ · ■ · ■ A
■ 2 ■ · ■ 4 ■ · ■ · ■ · ■ 2 ·
■ ■ 2 ■ · ■ · ■ · ■ 1 ■ 2 ■ ■
11 ■ ■ · ■ · ■ 1 ■ 1 ■ · ■ · ·
■ · · ■ 3 ■ · ■ 1 ■ 5 ■ ■ ■ ■
■ ■ ■ · ■ 1 ■ 1 ■ ■ ■ ■ · ■ ·
1 ■ · ■ ■ ■ 1 ■ · 2 ■ · ■ 5 ■
■ · ■ ■ · · ■ · ■ ■ · ■ · ■ ·
· ■ 1 ■ ■ ■ 3 ■ · · ■ · 4 ■ 4
■ · ■ · · ■ ■ · ■ ■ ■ ■ · ■ ·
· ■ · ■ ■ ■ 1 ■ · · · · ■ · ■
■ · ■ · ■ · ■ ■ · ■ ■ ■ 2 ■ ·
5 ■ ■ ■ 1 ■ ■ 3 ■ · · ■ ■ 1 ■
■ · · · ■ 3 ■ ■ · · ■ 8 ■ ■ ·
2 ■ ■ ■ · ■ · ■ · · ■ ■ ■ · ■
■ ■ 1 ■ · ■ ■ · ■ ■ · ■ · ■ A
# Number of solutions found: 10
# CPU time: 3.063 s
================================= 142 =================================
# Encoding time: 0.355 s
· ■ ■ · · ■ · ■ · ■ ·
■ 7 ■ ■ ■ 1 ■ · ■ 4 ■
· ■ 5 · ■ ■ · ■ 2 ■ ·
■ · ■ ■ · · ■ ■ · ■ ■
5 ■ · · ■ ■ · ■ ■ ■ 6
■ · ■ · ■ · ■ · ■ · ■
3 ■ · ■ · ■ ■ ■ · ■ 4
· ■ · ■ · ■ · ■ ■ · ■
■ · ■ 3 ■ 2 ■ 6 ■ · ■
· ■ · ■ · ■ · ■ · ■ ·
■ 2 ■ · ■ · ■ · ■ 6 ■
· ■ ■ · · ■ · ■ · ■ ·
■ 7 ■ ■ ■ 1 ■ · ■ 4 ■
· ■ 5 · ■ ■ · ■ 2 ■ ·
■ · ■ ■ · · ■ ■ · ■ ■
5 ■ · · ■ ■ · ■ ■ ■ 6
■ · ■ · ■ · ■ · ■ · ■
3 ■ · ■ · ■ ■ ■ · ■ 4
· ■ · ■ · ■ · ■ ■ · ■
■ · ■ 3 ■ 2 ■ 6 ■ · ■
· ■ · ■ · ■ · ■ · ■ ·
■ 2 ■ · ■ · ■ · ■ 6 ■
· ■ ■ · · ■ · ■ · ■ ·
■ 7 ■ ■ ■ 1 ■ · ■ 4 ■
· ■ 5 · ■ ■ · ■ 2 ■ ·
■ · ■ ■ · · ■ ■ · ■ ■
5 ■ · · ■ ■ · ■ ■ ■ 6
■ · ■ · ■ · ■ · ■ · ■
3 ■ · ■ · ■ ■ ■ · ■ 4
· ■ · ■ · ■ · ■ ■ · ■
■ · ■ 3 ■ 2 ■ 6 ■ · ■
· ■ · ■ · ■ · ■ · ■ ·
■ 2 ■ · ■ · ■ · ■ 6 ■
· ■ ■ · · ■ · ■ · ■ ·
■ 7 ■ ■ ■ 1 ■ · ■ 4 ■
· ■ 5 · ■ ■ · ■ 2 ■ ·
■ · ■ ■ · · ■ ■ · ■ ■
5 ■ · · ■ ■ · ■ ■ ■ 6
■ · ■ · ■ · ■ · ■ · ■
3 ■ · ■ · ■ ■ ■ · ■ 4
· ■ · ■ · ■ · ■ ■ · ■
■ · ■ 3 ■ 2 ■ 6 ■ · ■
· ■ · ■ · ■ · ■ · ■ ·
■ 2 ■ · ■ · ■ · ■ 6 ■
· ■ ■ · · ■ · ■ · ■ ·
■ 7 ■ ■ ■ 1 ■ · ■ 4 ■
· ■ 5 · ■ ■ · ■ 2 ■ ·
■ · ■ ■ · · ■ ■ · ■ ■
5 ■ · · ■ ■ · ■ ■ ■ 6
■ · ■ · ■ · ■ · ■ · ■
3 ■ · ■ · ■ ■ ■ · ■ 4
· ■ · ■ · ■ · ■ ■ · ■
■ · ■ 3 ■ 2 ■ 6 ■ · ■
· ■ · ■ · ■ · ■ · ■ ·
■ 2 ■ · ■ · ■ · ■ 6 ■
· ■ ■ · · ■ · ■ · ■ ·
■ 7 ■ ■ ■ 1 ■ · ■ 4 ■
· ■ 5 · ■ ■ · ■ 2 ■ ·
■ · ■ ■ · · ■ ■ · ■ ■
5 ■ · · ■ ■ · ■ ■ ■ 6
■ · ■ · ■ · ■ · ■ · ■
3 ■ · ■ · ■ ■ ■ · ■ 4
· ■ · ■ · ■ · ■ ■ · ■
■ · ■ 3 ■ 2 ■ 6 ■ · ■
· ■ · ■ · ■ · ■ · ■ ·
■ 2 ■ · ■ · ■ · ■ 6 ■
· ■ ■ · · ■ · ■ · ■ ·
■ 7 ■ ■ ■ 1 ■ · ■ 4 ■
· ■ 5 · ■ ■ · ■ 2 ■ ·
■ · ■ ■ · · ■ ■ · ■ ■
5 ■ · · ■ ■ · ■ ■ ■ 6
■ · ■ · ■ · ■ · ■ · ■
3 ■ · ■ · ■ ■ ■ · ■ 4
· ■ · ■ · ■ · ■ ■ · ■
■ · ■ 3 ■ 2 ■ 6 ■ · ■
· ■ · ■ · ■ · ■ · ■ ·
■ 2 ■ · ■ · ■ · ■ 6 ■
· ■ ■ · · ■ · ■ · ■ ·
■ 7 ■ ■ ■ 1 ■ · ■ 4 ■
· ■ 5 · ■ ■ · ■ 2 ■ ·
■ · ■ ■ · · ■ ■ · ■ ■
5 ■ · · ■ ■ · ■ ■ ■ 6
■ · ■ · ■ · ■ · ■ · ■
3 ■ · ■ · ■ ■ ■ · ■ 4
· ■ · ■ · ■ · ■ ■ · ■
■ · ■ 3 ■ 2 ■ 6 ■ · ■
· ■ · ■ · ■ · ■ · ■ ·
■ 2 ■ · ■ · ■ · ■ 6 ■
· ■ ■ · · ■ · ■ · ■ ·
■ 7 ■ ■ ■ 1 ■ · ■ 4 ■
· ■ 5 · ■ ■ · ■ 2 ■ ·
■ · ■ ■ · · ■ ■ · ■ ■
5 ■ · · ■ ■ · ■ ■ ■ 6
■ · ■ · ■ · ■ · ■ · ■
3 ■ · ■ · ■ ■ ■ · ■ 4
· ■ · ■ · ■ · ■ ■ · ■
■ · ■ 3 ■ 2 ■ 6 ■ · ■
· ■ · ■ · ■ · ■ · ■ ·
■ 2 ■ · ■ · ■ · ■ 6 ■
· ■ ■ · · ■ · ■ · ■ ·
■ 7 ■ ■ ■ 1 ■ · ■ 4 ■
· ■ 5 · ■ ■ · ■ 2 ■ ·
■ · ■ ■ · · ■ ■ · ■ ■
5 ■ · · ■ ■ · ■ ■ ■ 6
■ · ■ · ■ · ■ · ■ · ■
3 ■ · ■ · ■ ■ ■ · ■ 4
· ■ · ■ · ■ · ■ ■ · ■
■ · ■ 3 ■ 2 ■ 6 ■ · ■
· ■ · ■ · ■ · ■ · ■ ·
■ 2 ■ · ■ · ■ · ■ 6 ■
# Number of solutions found: 10
# CPU time: 0.6452 s
================================= 143 =================================
# Encoding time: 0.1669 s
■ · ■ · · ■ 1 ■ · ·
5 ■ ■ · · · ■ ■ · ■
■ ■ · ■ · ■ ■ · ■ ·
■ · ■ 3 ■ · · ■ 2 ■
· ■ · ■ ■ · · · ■ ·
■ · ■ · ■ ■ ■ ■ · ■
■ D · ■ · · ■ 2 ■ ·
· ■ ■ · ■ ■ · ■ · ■
■ · ■ ■ ■ · ■ · ■ 5
· ■ ■ 11 ■ ■ · · · ■
■ · ■ · · ■ 1 ■ · ·
5 ■ ■ · · · ■ ■ · ■
■ ■ · ■ · ■ ■ · ■ ·
■ · ■ 3 ■ · · ■ 2 ■
· ■ · ■ ■ · · · ■ ·
■ · ■ · ■ ■ ■ ■ · ■
■ D · ■ · · ■ 2 ■ ·
· ■ ■ · ■ ■ · ■ · ■
■ · ■ ■ ■ · ■ · ■ 5
· ■ ■ 11 ■ ■ · · · ■
■ · ■ · · ■ 1 ■ · ·
5 ■ ■ · · · ■ ■ · ■
■ ■ · ■ · ■ ■ · ■ ·
■ · ■ 3 ■ · · ■ 2 ■
· ■ · ■ ■ · · · ■ ·
■ · ■ · ■ ■ ■ ■ · ■
■ D · ■ · · ■ 2 ■ ·
· ■ ■ · ■ ■ · ■ · ■
■ · ■ ■ ■ · ■ · ■ 5
· ■ ■ 11 ■ ■ · · · ■
■ · ■ · · ■ 1 ■ · ·
5 ■ ■ · · · ■ ■ · ■
■ ■ · ■ · ■ ■ · ■ ·
■ · ■ 3 ■ · · ■ 2 ■
· ■ · ■ ■ · · · ■ ·
■ · ■ · ■ ■ ■ ■ · ■
■ D · ■ · · ■ 2 ■ ·
· ■ ■ · ■ ■ · ■ · ■
■ · ■ ■ ■ · ■ · ■ 5
· ■ ■ 11 ■ ■ · · · ■
■ · ■ · · ■ 1 ■ · ·
5 ■ ■ · · · ■ ■ · ■
■ ■ · ■ · ■ ■ · ■ ·
■ · ■ 3 ■ · · ■ 2 ■
· ■ · ■ ■ · · · ■ ·
■ · ■ · ■ ■ ■ ■ · ■
■ D · ■ · · ■ 2 ■ ·
· ■ ■ · ■ ■ · ■ · ■
■ · ■ ■ ■ · ■ · ■ 5
· ■ ■ 11 ■ ■ · · · ■
■ · ■ · · ■ 1 ■ · ·
5 ■ ■ · · · ■ ■ · ■
■ ■ · ■ · ■ ■ · ■ ·
■ · ■ 3 ■ · · ■ 2 ■
· ■ · ■ ■ · · · ■ ·
■ · ■ · ■ ■ ■ ■ · ■
■ D · ■ · · ■ 2 ■ ·
· ■ ■ · ■ ■ · ■ · ■
■ · ■ ■ ■ · ■ · ■ 5
· ■ ■ 11 ■ ■ · · · ■
■ · ■ · · ■ 1 ■ · ·
5 ■ ■ · · · ■ ■ · ■
■ ■ · ■ · ■ ■ · ■ ·
■ · ■ 3 ■ · · ■ 2 ■
· ■ · ■ ■ · · · ■ ·
■ · ■ · ■ ■ ■ ■ · ■
■ D · ■ · · ■ 2 ■ ·
· ■ ■ · ■ ■ · ■ · ■
■ · ■ ■ ■ · ■ · ■ 5
· ■ ■ 11 ■ ■ · · · ■
■ · ■ · · ■ 1 ■ · ·
5 ■ ■ · · · ■ ■ · ■
■ ■ · ■ · ■ ■ · ■ ·
■ · ■ 3 ■ · · ■ 2 ■
· ■ · ■ ■ · · · ■ ·
■ · ■ · ■ ■ ■ ■ · ■
■ D · ■ · · ■ 2 ■ ·
· ■ ■ · ■ ■ · ■ · ■
■ · ■ ■ ■ · ■ · ■ 5
· ■ ■ 11 ■ ■ · · · ■
■ · ■ · · ■ 1 ■ · ·
5 ■ ■ · · · ■ ■ · ■
■ ■ · ■ · ■ ■ · ■ ·
■ · ■ 3 ■ · · ■ 2 ■
· ■ · ■ ■ · · · ■ ·
■ · ■ · ■ ■ ■ ■ · ■
■ D · ■ · · ■ 2 ■ ·
· ■ ■ · ■ ■ · ■ · ■
■ · ■ ■ ■ · ■ · ■ 5
· ■ ■ 11 ■ ■ · · · ■
■ · ■ · · ■ 1 ■ · ·
5 ■ ■ · · · ■ ■ · ■
■ ■ · ■ · ■ ■ · ■ ·
■ · ■ 3 ■ · · ■ 2 ■
· ■ · ■ ■ · · · ■ ·
■ · ■ · ■ ■ ■ ■ · ■
■ D · ■ · · ■ 2 ■ ·
· ■ ■ · ■ ■ · ■ · ■
■ · ■ ■ ■ · ■ · ■ 5
· ■ ■ 11 ■ ■ · · · ■
# Number of solutions found: 10
# CPU time: 0.2782 s
================================= 144 =================================
# Encoding time: 0.1805 s
1 ■ ■ · ■ · ■ · ■ ·
■ 7 ■ · ■ ■ ■ ■ 8 ■
· ■ · ■ ■ · · ■ · ·
■ · ■ ■ B ■ · ■ ■ ■
· ■ ■ 4 ■ 3 ■ ■ · ■
■ · ■ · ■ ■ · ■ ■ ·
· · ■ ■ · ■ · · · ■
· ■ · ■ ■ · ■ ■ ■ ■
■ 2 ■ 5 ■ ■ · ■ · ■
■ ■ 1 ■ · ■ ■ · ■ ·
1 ■ ■ · ■ · ■ · ■ ·
■ 7 ■ · ■ ■ ■ ■ 8 ■
· ■ · ■ ■ · · ■ · ·
■ · ■ ■ B ■ · ■ ■ ■
· ■ ■ 4 ■ 3 ■ ■ · ■
■ · ■ · ■ ■ · ■ ■ ·
· · ■ ■ · ■ · · · ■
· ■ · ■ ■ · ■ ■ ■ ■
■ 2 ■ 5 ■ ■ · ■ · ■
■ ■ 1 ■ · ■ ■ · ■ ·
1 ■ ■ · ■ · ■ · ■ ·
■ 7 ■ · ■ ■ ■ ■ 8 ■
· ■ · ■ ■ · · ■ · ·
■ · ■ ■ B ■ · ■ ■ ■
· ■ ■ 4 ■ 3 ■ ■ · ■
■ · ■ · ■ ■ · ■ ■ ·
· · ■ ■ · ■ · · · ■
· ■ · ■ ■ · ■ ■ ■ ■
■ 2 ■ 5 ■ ■ · ■ · ■
■ ■ 1 ■ · ■ ■ · ■ ·
1 ■ ■ · ■ · ■ · ■ ·
■ 7 ■ · ■ ■ ■ ■ 8 ■
· ■ · ■ ■ · · ■ · ·
■ · ■ ■ B ■ · ■ ■ ■
· ■ ■ 4 ■ 3 ■ ■ · ■
■ · ■ · ■ ■ · ■ ■ ·
· · ■ ■ · ■ · · · ■
· ■ · ■ ■ · ■ ■ ■ ■
■ 2 ■ 5 ■ ■ · ■ · ■
■ ■ 1 ■ · ■ ■ · ■ ·
1 ■ ■ · ■ · ■ · ■ ·
■ 7 ■ · ■ ■ ■ ■ 8 ■
· ■ · ■ ■ · · ■ · ·
■ · ■ ■ B ■ · ■ ■ ■
· ■ ■ 4 ■ 3 ■ ■ · ■
■ · ■ · ■ ■ · ■ ■ ·
· · ■ ■ · ■ · · · ■
· ■ · ■ ■ · ■ ■ ■ ■
■ 2 ■ 5 ■ ■ · ■ · ■
■ ■ 1 ■ · ■ ■ · ■ ·
1 ■ ■ · ■ · ■ · ■ ·
■ 7 ■ · ■ ■ ■ ■ 8 ■
· ■ · ■ ■ · · ■ · ·
■ · ■ ■ B ■ · ■ ■ ■
· ■ ■ 4 ■ 3 ■ ■ · ■
■ · ■ · ■ ■ · ■ ■ ·
· · ■ ■ · ■ · · · ■
· ■ · ■ ■ · ■ ■ ■ ■
■ 2 ■ 5 ■ ■ · ■ · ■
■ ■ 1 ■ · ■ ■ · ■ ·
1 ■ ■ · ■ · ■ · ■ ·
■ 7 ■ · ■ ■ ■ ■ 8 ■
· ■ · ■ ■ · · ■ · ·
■ · ■ ■ B ■ · ■ ■ ■
· ■ ■ 4 ■ 3 ■ ■ · ■
■ · ■ · ■ ■ · ■ ■ ·
· · ■ ■ · ■ · · · ■
· ■ · ■ ■ · ■ ■ ■ ■
■ 2 ■ 5 ■ ■ · ■ · ■
■ ■ 1 ■ · ■ ■ · ■ ·
1 ■ ■ · ■ · ■ · ■ ·
■ 7 ■ · ■ ■ ■ ■ 8 ■
· ■ · ■ ■ · · ■ · ·
■ · ■ ■ B ■ · ■ ■ ■
· ■ ■ 4 ■ 3 ■ ■ · ■
■ · ■ · ■ ■ · ■ ■ ·
· · ■ ■ · ■ · · · ■
· ■ · ■ ■ · ■ ■ ■ ■
■ 2 ■ 5 ■ ■ · ■ · ■
■ ■ 1 ■ · ■ ■ · ■ ·
1 ■ ■ · ■ · ■ · ■ ·
■ 7 ■ · ■ ■ ■ ■ 8 ■
· ■ · ■ ■ · · ■ · ·
■ · ■ ■ B ■ · ■ ■ ■
· ■ ■ 4 ■ 3 ■ ■ · ■
■ · ■ · ■ ■ · ■ ■ ·
· · ■ ■ · ■ · · · ■
· ■ · ■ ■ · ■ ■ ■ ■
■ 2 ■ 5 ■ ■ · ■ · ■
■ ■ 1 ■ · ■ ■ · ■ ·
1 ■ ■ · ■ · ■ · ■ ·
■ 7 ■ · ■ ■ ■ ■ 8 ■
· ■ · ■ ■ · · ■ · ·
■ · ■ ■ B ■ · ■ ■ ■
· ■ ■ 4 ■ 3 ■ ■ · ■
■ · ■ · ■ ■ · ■ ■ ·
· · ■ ■ · ■ · · · ■
· ■ · ■ ■ · ■ ■ ■ ■
■ 2 ■ 5 ■ ■ · ■ · ■
■ ■ 1 ■ · ■ ■ · ■ ·
# Number of solutions found: 10
# CPU time: 0.2923 s
================================= 145 =================================
# Encoding time: 0.1711 s
■ A ■ · ■ · ■ · ■ ·
■ ■ 5 ■ · ■ · ■ · ■
· ■ ■ · ■ · 3 ■ ■ ·
· ■ · · ■ ■ ■ ■ · ■
■ · ■ ■ · · · · ■ 7
3 ■ · ■ · ■ · ■ · ■
■ · ■ ■ ■ · ■ · ■ ·
■ ■ ■ 4 ■ ■ · ■ · ■
· ■ · ■ · · ■ 4 ■ ■
■ · · · ■ · ■ ■ B ·
■ A ■ · ■ · ■ · ■ ·
■ ■ 5 ■ · ■ · ■ · ■
· ■ ■ · ■ · 3 ■ ■ ·
· ■ · · ■ ■ ■ ■ · ■
■ · ■ ■ · · · · ■ 7
3 ■ · ■ · ■ · ■ · ■
■ · ■ ■ ■ · ■ · ■ ·
■ ■ ■ 4 ■ ■ · ■ · ■
· ■ · ■ · · ■ 4 ■ ■
■ · · · ■ · ■ ■ B ·
■ A ■ · ■ · ■ · ■ ·
■ ■ 5 ■ · ■ · ■ · ■
· ■ ■ · ■ · 3 ■ ■ ·
· ■ · · ■ ■ ■ ■ · ■
■ · ■ ■ · · · · ■ 7
3 ■ · ■ · ■ · ■ · ■
■ · ■ ■ ■ · ■ · ■ ·
■ ■ ■ 4 ■ ■ · ■ · ■
· ■ · ■ · · ■ 4 ■ ■
■ · · · ■ · ■ ■ B ·
■ A ■ · ■ · ■ · ■ ·
■ ■ 5 ■ · ■ · ■ · ■
· ■ ■ · ■ · 3 ■ ■ ·
· ■ · · ■ ■ ■ ■ · ■
■ · ■ ■ · · · · ■ 7
3 ■ · ■ · ■ · ■ · ■
■ · ■ ■ ■ · ■ · ■ ·
■ ■ ■ 4 ■ ■ · ■ · ■
· ■ · ■ · · ■ 4 ■ ■
■ · · · ■ · ■ ■ B ·
■ A ■ · ■ · ■ · ■ ·
■ ■ 5 ■ · ■ · ■ · ■
· ■ ■ · ■ · 3 ■ ■ ·
· ■ · · ■ ■ ■ ■ · ■
■ · ■ ■ · · · · ■ 7
3 ■ · ■ · ■ · ■ · ■
■ · ■ ■ ■ · ■ · ■ ·
■ ■ ■ 4 ■ ■ · ■ · ■
· ■ · ■ · · ■ 4 ■ ■
■ · · · ■ · ■ ■ B ·
■ A ■ · ■ · ■ · ■ ·
■ ■ 5 ■ · ■ · ■ · ■
· ■ ■ · ■ · 3 ■ ■ ·
· ■ · · ■ ■ ■ ■ · ■
■ · ■ ■ · · · · ■ 7
3 ■ · ■ · ■ · ■ · ■
■ · ■ ■ ■ · ■ · ■ ·
■ ■ ■ 4 ■ ■ · ■ · ■
· ■ · ■ · · ■ 4 ■ ■
■ · · · ■ · ■ ■ B ·
■ A ■ · ■ · ■ · ■ ·
■ ■ 5 ■ · ■ · ■ · ■
· ■ ■ · ■ · 3 ■ ■ ·
· ■ · · ■ ■ ■ ■ · ■
■ · ■ ■ · · · · ■ 7
3 ■ · ■ · ■ · ■ · ■
■ · ■ ■ ■ · ■ · ■ ·
■ ■ ■ 4 ■ ■ · ■ · ■
· ■ · ■ · · ■ 4 ■ ■
■ · · · ■ · ■ ■ B ·
■ A ■ · ■ · ■ · ■ ·
■ ■ 5 ■ · ■ · ■ · ■
· ■ ■ · ■ · 3 ■ ■ ·
· ■ · · ■ ■ ■ ■ · ■
■ · ■ ■ · · · · ■ 7
3 ■ · ■ · ■ · ■ · ■
■ · ■ ■ ■ · ■ · ■ ·
■ ■ ■ 4 ■ ■ · ■ · ■
· ■ · ■ · · ■ 4 ■ ■
■ · · · ■ · ■ ■ B ·
■ A ■ · ■ · ■ · ■ ·
■ ■ 5 ■ · ■ · ■ · ■
· ■ ■ · ■ · 3 ■ ■ ·
· ■ · · ■ ■ ■ ■ · ■
■ · ■ ■ · · · · ■ 7
3 ■ · ■ · ■ · ■ · ■
■ · ■ ■ ■ · ■ · ■ ·
■ ■ ■ 4 ■ ■ · ■ · ■
· ■ · ■ · · ■ 4 ■ ■
■ · · · ■ · ■ ■ B ·
■ A ■ · ■ · ■ · ■ ·
■ ■ 5 ■ · ■ · ■ · ■
· ■ ■ · ■ · 3 ■ ■ ·
· ■ · · ■ ■ ■ ■ · ■
■ · ■ ■ · · · · ■ 7
3 ■ · ■ · ■ · ■ · ■
■ · ■ ■ ■ · ■ · ■ ·
■ ■ ■ 4 ■ ■ · ■ · ■
· ■ · ■ · · ■ 4 ■ ■
■ · · · ■ · ■ ■ B ·
# Number of solutions found: 10
# CPU time: 0.2785 s
================================= 146 =================================
# Encoding time: 0.5236 s
? ■ ? ■ ■ ? ■ · ■ ?
■ ■ ■ ■ ? ■ · ■ ? ■
■ ? ■ ? ■ · ■ ? ■ ·
? ■ · ■ ? ■ · ■ · ■
■ · ■ · ■ ? ■ ? ■ ?
? ■ ■ ■ ? ■ ■ ■ · ■
■ ■ ? ■ ■ ■ ? ■ ■ ?
? ■ ■ ? ■ ? ■ ■ ? ■
■ ■ ? ■ ■ ■ · ■ ■ ■
? ■ ■ ? ■ ? ■ ? ■ ?
? ■ ? ■ ■ ? ■ · ■ ?
■ ■ ■ ■ ? ■ · ■ ? ■
■ ? ■ ? ■ · ■ ? ■ ·
? ■ · ■ ? ■ · ■ · ■
■ · ■ · ■ ? ■ ? ■ ?
? ■ ■ ■ ? ■ ■ ■ · ■
■ ■ ? ■ ■ ■ ? ■ ■ ?
? ■ ■ ? ■ ? ■ ■ ? ■
■ ■ ? ■ ■ ■ · ■ ■ ■
? ■ ■ ? ■ ? ■ ? ■ ?
? ■ ? ■ ■ ? ■ · ■ ?
■ ■ ■ ■ ? ■ · ■ ? ■
■ ? ■ ? ■ · ■ ? ■ ·
? ■ · ■ ? ■ · ■ · ■
■ · ■ · ■ ? ■ ? ■ ?
? ■ ■ ■ ? ■ ■ ■ · ■
■ ■ ? ■ ■ ■ ? ■ ■ ?
? ■ ■ ? ■ ? ■ ■ ? ■
■ ■ ? ■ ■ ■ · ■ ■ ■
? ■ ■ ? ■ ? ■ ? ■ ?
? ■ ? ■ ■ ? ■ · ■ ?
■ ■ ■ ■ ? ■ · ■ ? ■
■ ? ■ ? ■ · ■ ? ■ ·
? ■ · ■ ? ■ · ■ · ■
■ · ■ · ■ ? ■ ? ■ ?
? ■ ■ ■ ? ■ ■ ■ · ■
■ ■ ? ■ ■ ■ ? ■ ■ ?
? ■ ■ ? ■ ? ■ ■ ? ■
■ ■ ? ■ ■ ■ · ■ ■ ■
? ■ ■ ? ■ ? ■ ? ■ ?
? ■ ? ■ ■ ? ■ · ■ ?
■ ■ ■ ■ ? ■ · ■ ? ■
■ ? ■ ? ■ · ■ ? ■ ·
? ■ · ■ ? ■ · ■ · ■
■ · ■ · ■ ? ■ ? ■ ?
? ■ ■ ■ ? ■ ■ ■ · ■
■ ■ ? ■ ■ ■ ? ■ ■ ?
? ■ ■ ? ■ ? ■ ■ ? ■
■ ■ ? ■ ■ ■ · ■ ■ ■
? ■ ■ ? ■ ? ■ ? ■ ?
? ■ ? ■ ■ ? ■ · ■ ?
■ ■ ■ ■ ? ■ · ■ ? ■
■ ? ■ ? ■ · ■ ? ■ ·
? ■ · ■ ? ■ · ■ · ■
■ · ■ · ■ ? ■ ? ■ ?
? ■ ■ ■ ? ■ ■ ■ · ■
■ ■ ? ■ ■ ■ ? ■ ■ ?
? ■ ■ ? ■ ? ■ ■ ? ■
■ ■ ? ■ ■ ■ · ■ ■ ■
? ■ ■ ? ■ ? ■ ? ■ ?
? ■ ? ■ ■ ? ■ · ■ ?
■ ■ ■ ■ ? ■ · ■ ? ■
■ ? ■ ? ■ · ■ ? ■ ·
? ■ · ■ ? ■ · ■ · ■
■ · ■ · ■ ? ■ ? ■ ?
? ■ ■ ■ ? ■ ■ ■ · ■
■ ■ ? ■ ■ ■ ? ■ ■ ?
? ■ ■ ? ■ ? ■ ■ ? ■
■ ■ ? ■ ■ ■ · ■ ■ ■
? ■ ■ ? ■ ? ■ ? ■ ?
? ■ ? ■ ■ ? ■ · ■ ?
■ ■ ■ ■ ? ■ · ■ ? ■
■ ? ■ ? ■ · ■ ? ■ ·
? ■ · ■ ? ■ · ■ · ■
■ · ■ · ■ ? ■ ? ■ ?
? ■ ■ ■ ? ■ ■ ■ · ■
■ ■ ? ■ ■ ■ ? ■ ■ ?
? ■ ■ ? ■ ? ■ ■ ? ■
■ ■ ? ■ ■ ■ · ■ ■ ■
? ■ ■ ? ■ ? ■ ? ■ ?
? ■ ? ■ ■ ? ■ · ■ ?
■ ■ ■ ■ ? ■ · ■ ? ■
■ ? ■ ? ■ · ■ ? ■ ·
? ■ · ■ ? ■ · ■ · ■
■ · ■ · ■ ? ■ ? ■ ?
? ■ ■ ■ ? ■ ■ ■ · ■
■ ■ ? ■ ■ ■ ? ■ ■ ?
? ■ ■ ? ■ ? ■ ■ ? ■
■ ■ ? ■ ■ ■ · ■ ■ ■
? ■ ■ ? ■ ? ■ ? ■ ?
? ■ ? ■ ■ ? ■ · ■ ?
■ ■ ■ ■ ? ■ · ■ ? ■
■ ? ■ ? ■ · ■ ? ■ ·
? ■ · ■ ? ■ · ■ · ■
■ · ■ · ■ ? ■ ? ■ ?
? ■ ■ ■ ? ■ ■ ■ · ■
■ ■ ? ■ ■ ■ ? ■ ■ ?
? ■ ■ ? ■ ? ■ ■ ? ■
■ ■ ? ■ ■ ■ · ■ ■ ■
? ■ ■ ? ■ ? ■ ? ■ ?
# Number of solutions found: 10
# CPU time: 0.5786 s
================================= 147 =================================
# Encoding time: 0.01771 s
· · ■ ■ ■
■ ■ · · ·
· · ■ ■ ■
■ ■ · 4 ■
■ 6 ■ ■ 1
· · ■ ■ ■
■ ■ · · ·
· · ■ ■ ■
■ ■ · 4 ■
■ 6 ■ ■ 1
· · ■ ■ ■
■ ■ · · ·
· · ■ ■ ■
■ ■ · 4 ■
■ 6 ■ ■ 1
· · ■ ■ ■
■ ■ · · ·
· · ■ ■ ■
■ ■ · 4 ■
■ 6 ■ ■ 1
· · ■ ■ ■
■ ■ · · ·
· · ■ ■ ■
■ ■ · 4 ■
■ 6 ■ ■ 1
· · ■ ■ ■
■ ■ · · ·
· · ■ ■ ■
■ ■ · 4 ■
■ 6 ■ ■ 1
· · ■ ■ ■
■ ■ · · ·
· · ■ ■ ■
■ ■ · 4 ■
■ 6 ■ ■ 1
· · ■ ■ ■
■ ■ · · ·
· · ■ ■ ■
■ ■ · 4 ■
■ 6 ■ ■ 1
· · ■ ■ ■
■ ■ · · ·
· · ■ ■ ■
■ ■ · 4 ■
■ 6 ■ ■ 1
· · ■ ■ ■
■ ■ · · ·
· · ■ ■ ■
■ ■ · 4 ■
■ 6 ■ ■ 1
# Number of solutions found: 10
# CPU time: 0.02544 s
================================= 148 =================================
# Encoding time: 0.04623 s
■ ■ ■ · ■ · ■
■ · ■ ■ · ■ ■
· ■ ■ · ■ 2 ■
· · · ■ 4 ■ ■
■ ■ ■ · ■ 1 ■
■ · ■ ■ 8 ■ ■
■ ■ · ■ ■ 2 ■
■ ■ ■ · ■ · ■
■ · ■ ■ · ■ ■
· ■ ■ · ■ 2 ■
· · · ■ 4 ■ ■
■ ■ ■ · ■ 1 ■
■ · ■ ■ 8 ■ ■
■ ■ · ■ ■ 2 ■
■ ■ ■ · ■ · ■
■ · ■ ■ · ■ ■
· ■ ■ · ■ 2 ■
· · · ■ 4 ■ ■
■ ■ ■ · ■ 1 ■
■ · ■ ■ 8 ■ ■
■ ■ · ■ ■ 2 ■
■ ■ ■ · ■ · ■
■ · ■ ■ · ■ ■
· ■ ■ · ■ 2 ■
· · · ■ 4 ■ ■
■ ■ ■ · ■ 1 ■
■ · ■ ■ 8 ■ ■
■ ■ · ■ ■ 2 ■
■ ■ ■ · ■ · ■
■ · ■ ■ · ■ ■
· ■ ■ · ■ 2 ■
· · · ■ 4 ■ ■
■ ■ ■ · ■ 1 ■
■ · ■ ■ 8 ■ ■
■ ■ · ■ ■ 2 ■
■ ■ ■ · ■ · ■
■ · ■ ■ · ■ ■
· ■ ■ · ■ 2 ■
· · · ■ 4 ■ ■
■ ■ ■ · ■ 1 ■
■ · ■ ■ 8 ■ ■
■ ■ · ■ ■ 2 ■
■ ■ ■ · ■ · ■
■ · ■ ■ · ■ ■
· ■ ■ · ■ 2 ■
· · · ■ 4 ■ ■
■ ■ ■ · ■ 1 ■
■ · ■ ■ 8 ■ ■
■ ■ · ■ ■ 2 ■
■ ■ ■ · ■ · ■
■ · ■ ■ · ■ ■
· ■ ■ · ■ 2 ■
· · · ■ 4 ■ ■
■ ■ ■ · ■ 1 ■
■ · ■ ■ 8 ■ ■
■ ■ · ■ ■ 2 ■
■ ■ ■ · ■ · ■
■ · ■ ■ · ■ ■
· ■ ■ · ■ 2 ■
· · · ■ 4 ■ ■
■ ■ ■ · ■ 1 ■
■ · ■ ■ 8 ■ ■
■ ■ · ■ ■ 2 ■
■ ■ ■ · ■ · ■
■ · ■ ■ · ■ ■
· ■ ■ · ■ 2 ■
· · · ■ 4 ■ ■
■ ■ ■ · ■ 1 ■
■ · ■ ■ 8 ■ ■
■ ■ · ■ ■ 2 ■
# Number of solutions found: 10
# CPU time: 0.06665 s
================================= 149 =================================
# Encoding time: 0.2602 s
■ · ■ ■ ■ 1 ■ ■ ■ ■
3 ■ ■ 3 ■ ■ A · ■ ·
■ · · ■ · 4 ■ ■ ■ ■
· ■ ■ · ■ ■ 2 ■ · ·
■ ■ 1 ■ ■ · ■ ■ ■ ■
· ■ ■ ■ · ■ ■ · · ■
· ■ · · ■ ■ 1 ■ ■ ·
■ · ■ ■ ■ 3 ■ · ■ ■
4 ■ ■ 4 ■ ■ 1 ■ · ■
■ · · ■ ■ 1 ■ · ■ ■
■ · ■ ■ ■ 1 ■ ■ ■ ■
3 ■ ■ 3 ■ ■ A · ■ ·
■ · · ■ · 4 ■ ■ ■ ■
· ■ ■ · ■ ■ 2 ■ · ·
■ ■ 1 ■ ■ · ■ ■ ■ ■
· ■ ■ ■ · ■ ■ · · ■
· ■ · · ■ ■ 1 ■ ■ ·
■ · ■ ■ ■ 3 ■ · ■ ■
4 ■ ■ 4 ■ ■ 1 ■ · ■
■ · · ■ ■ 1 ■ · ■ ■
■ · ■ ■ ■ 1 ■ ■ ■ ■
3 ■ ■ 3 ■ ■ A · ■ ·
■ · · ■ · 4 ■ ■ ■ ■
· ■ ■ · ■ ■ 2 ■ · ·
■ ■ 1 ■ ■ · ■ ■ ■ ■
· ■ ■ ■ · ■ ■ · · ■
· ■ · · ■ ■ 1 ■ ■ ·
■ · ■ ■ ■ 3 ■ · ■ ■
4 ■ ■ 4 ■ ■ 1 ■ · ■
■ · · ■ ■ 1 ■ · ■ ■
■ · ■ ■ ■ 1 ■ ■ ■ ■
3 ■ ■ 3 ■ ■ A · ■ ·
■ · · ■ · 4 ■ ■ ■ ■
· ■ ■ · ■ ■ 2 ■ · ·
■ ■ 1 ■ ■ · ■ ■ ■ ■
· ■ ■ ■ · ■ ■ · · ■
· ■ · · ■ ■ 1 ■ ■ ·
■ · ■ ■ ■ 3 ■ · ■ ■
4 ■ ■ 4 ■ ■ 1 ■ · ■
■ · · ■ ■ 1 ■ · ■ ■
■ · ■ ■ ■ 1 ■ ■ ■ ■
3 ■ ■ 3 ■ ■ A · ■ ·
■ · · ■ · 4 ■ ■ ■ ■
· ■ ■ · ■ ■ 2 ■ · ·
■ ■ 1 ■ ■ · ■ ■ ■ ■
· ■ ■ ■ · ■ ■ · · ■
· ■ · · ■ ■ 1 ■ ■ ·
■ · ■ ■ ■ 3 ■ · ■ ■
4 ■ ■ 4 ■ ■ 1 ■ · ■
■ · · ■ ■ 1 ■ · ■ ■
■ · ■ ■ ■ 1 ■ ■ ■ ■
3 ■ ■ 3 ■ ■ A · ■ ·
■ · · ■ · 4 ■ ■ ■ ■
· ■ ■ · ■ ■ 2 ■ · ·
■ ■ 1 ■ ■ · ■ ■ ■ ■
· ■ ■ ■ · ■ ■ · · ■
· ■ · · ■ ■ 1 ■ ■ ·
■ · ■ ■ ■ 3 ■ · ■ ■
4 ■ ■ 4 ■ ■ 1 ■ · ■
■ · · ■ ■ 1 ■ · ■ ■
■ · ■ ■ ■ 1 ■ ■ ■ ■
3 ■ ■ 3 ■ ■ A · ■ ·
■ · · ■ · 4 ■ ■ ■ ■
· ■ ■ · ■ ■ 2 ■ · ·
■ ■ 1 ■ ■ · ■ ■ ■ ■
· ■ ■ ■ · ■ ■ · · ■
· ■ · · ■ ■ 1 ■ ■ ·
■ · ■ ■ ■ 3 ■ · ■ ■
4 ■ ■ 4 ■ ■ 1 ■ · ■
■ · · ■ ■ 1 ■ · ■ ■
■ · ■ ■ ■ 1 ■ ■ ■ ■
3 ■ ■ 3 ■ ■ A · ■ ·
■ · · ■ · 4 ■ ■ ■ ■
· ■ ■ · ■ ■ 2 ■ · ·
■ ■ 1 ■ ■ · ■ ■ ■ ■
· ■ ■ ■ · ■ ■ · · ■
· ■ · · ■ ■ 1 ■ ■ ·
■ · ■ ■ ■ 3 ■ · ■ ■
4 ■ ■ 4 ■ ■ 1 ■ · ■
■ · · ■ ■ 1 ■ · ■ ■
■ · ■ ■ ■ 1 ■ ■ ■ ■
3 ■ ■ 3 ■ ■ A · ■ ·
■ · · ■ · 4 ■ ■ ■ ■
· ■ ■ · ■ ■ 2 ■ · ·
■ ■ 1 ■ ■ · ■ ■ ■ ■
· ■ ■ ■ · ■ ■ · · ■
· ■ · · ■ ■ 1 ■ ■ ·
■ · ■ ■ ■ 3 ■ · ■ ■
4 ■ ■ 4 ■ ■ 1 ■ · ■
■ · · ■ ■ 1 ■ · ■ ■
■ · ■ ■ ■ 1 ■ ■ ■ ■
3 ■ ■ 3 ■ ■ A · ■ ·
■ · · ■ · 4 ■ ■ ■ ■
· ■ ■ · ■ ■ 2 ■ · ·
■ ■ 1 ■ ■ · ■ ■ ■ ■
· ■ ■ ■ · ■ ■ · · ■
· ■ · · ■ ■ 1 ■ ■ ·
■ · ■ ■ ■ 3 ■ · ■ ■
4 ■ ■ 4 ■ ■ 1 ■ · ■
■ · · ■ ■ 1 ■ · ■ ■
# Number of solutions found: 10
# CPU time: 0.3665 s
================================= 150 =================================
Caught Command '['python3', 'nurikabe.py', '-s10', '-p', '150']' timed out after 60 seconds
================================= 151 =================================
# Encoding time: 0.085 s
· ■ ■ · ■
■ · ■ ■ 2
· ■ 3 · ■
■ 4 ■ ■ ■
■ ■ ■ · ■
· ■ ■ · ■
■ · ■ ■ 2
· ■ 3 · ■
■ 4 ■ ■ ■
■ ■ ■ · ■
· ■ ■ · ■
■ · ■ ■ 2
· ■ 3 · ■
■ 4 ■ ■ ■
■ ■ ■ · ■
· ■ ■ · ■
■ · ■ ■ 2
· ■ 3 · ■
■ 4 ■ ■ ■
■ ■ ■ · ■
· ■ ■ · ■
■ · ■ ■ 2
· ■ 3 · ■
■ 4 ■ ■ ■
■ ■ ■ · ■
· ■ ■ · ■
■ · ■ ■ 2
· ■ 3 · ■
■ 4 ■ ■ ■
■ ■ ■ · ■
· ■ ■ · ■
■ · ■ ■ 2
· ■ 3 · ■
■ 4 ■ ■ ■
■ ■ ■ · ■
· ■ ■ · ■
■ · ■ ■ 2
· ■ 3 · ■
■ 4 ■ ■ ■
■ ■ ■ · ■
· ■ ■ · ■
■ · ■ ■ 2
· ■ 3 · ■
■ 4 ■ ■ ■
■ ■ ■ · ■
· ■ ■ · ■
■ · ■ ■ 2
· ■ 3 · ■
■ 4 ■ ■ ■
■ ■ ■ · ■
# Number of solutions found: 10
# CPU time: 0.1076 s
================================= 152 =================================
# Encoding time: 0.1224 s
■ · · ■ ■ ·
5 ■ · · ■ ■
■ A · ■ ■ 2
■ ■ ■ ■ · ■
· · ■ · ■ ·
■ ■ · ■ · ·
■ · · ■ ■ ·
5 ■ · · ■ ■
■ A · ■ ■ 2
■ ■ ■ ■ · ■
· · ■ · ■ ·
■ ■ · ■ · ·
■ · · ■ ■ ·
5 ■ · · ■ ■
■ A · ■ ■ 2
■ ■ ■ ■ · ■
· · ■ · ■ ·
■ ■ · ■ · ·
■ · · ■ ■ ·
5 ■ · · ■ ■
■ A · ■ ■ 2
■ ■ ■ ■ · ■
· · ■ · ■ ·
■ ■ · ■ · ·
■ · · ■ ■ ·
5 ■ · · ■ ■
■ A · ■ ■ 2
■ ■ ■ ■ · ■
· · ■ · ■ ·
■ ■ · ■ · ·
■ · · ■ ■ ·
5 ■ · · ■ ■
■ A · ■ ■ 2
■ ■ ■ ■ · ■
· · ■ · ■ ·
■ ■ · ■ · ·
■ · · ■ ■ ·
5 ■ · · ■ ■
■ A · ■ ■ 2
■ ■ ■ ■ · ■
· · ■ · ■ ·
■ ■ · ■ · ·
■ · · ■ ■ ·
5 ■ · · ■ ■
■ A · ■ ■ 2
■ ■ ■ ■ · ■
· · ■ · ■ ·
■ ■ · ■ · ·
■ · · ■ ■ ·
5 ■ · · ■ ■
■ A · ■ ■ 2
■ ■ ■ ■ · ■
· · ■ · ■ ·
■ ■ · ■ · ·
■ · · ■ ■ ·
5 ■ · · ■ ■
■ A · ■ ■ 2
■ ■ ■ ■ · ■
· · ■ · ■ ·
■ ■ · ■ · ·
# Number of solutions found: 10
# CPU time: 0.1825 s
================================= 153 =================================
# Encoding time: 0.1542 s
■ · · · · ■
5 ■ ■ ■ ■ ·
■ 2 ■ 3 ■ ■
· ■ · ■ ■ ·
■ ■ ■ · · ■
7 · · ■ · ■
■ · · · · ■
5 ■ ■ ■ ■ ·
■ 2 ■ 3 ■ ■
· ■ · ■ ■ ·
■ ■ ■ · · ■
7 · · ■ · ■
■ · · · · ■
5 ■ ■ ■ ■ ·
■ 2 ■ 3 ■ ■
· ■ · ■ ■ ·
■ ■ ■ · · ■
7 · · ■ · ■
■ · · · · ■
5 ■ ■ ■ ■ ·
■ 2 ■ 3 ■ ■
· ■ · ■ ■ ·
■ ■ ■ · · ■
7 · · ■ · ■
■ · · · · ■
5 ■ ■ ■ ■ ·
■ 2 ■ 3 ■ ■
· ■ · ■ ■ ·
■ ■ ■ · · ■
7 · · ■ · ■
■ · · · · ■
5 ■ ■ ■ ■ ·
■ 2 ■ 3 ■ ■
· ■ · ■ ■ ·
■ ■ ■ · · ■
7 · · ■ · ■
■ · · · · ■
5 ■ ■ ■ ■ ·
■ 2 ■ 3 ■ ■
· ■ · ■ ■ ·
■ ■ ■ · · ■
7 · · ■ · ■
■ · · · · ■
5 ■ ■ ■ ■ ·
■ 2 ■ 3 ■ ■
· ■ · ■ ■ ·
■ ■ ■ · · ■
7 · · ■ · ■
■ · · · · ■
5 ■ ■ ■ ■ ·
■ 2 ■ 3 ■ ■
· ■ · ■ ■ ·
■ ■ ■ · · ■
7 · · ■ · ■
■ · · · · ■
5 ■ ■ ■ ■ ·
■ 2 ■ 3 ■ ■
· ■ · ■ ■ ·
■ ■ ■ · · ■
7 · · ■ · ■
# Number of solutions found: 10
# CPU time: 0.2007 s
================================= 154 =================================
# Encoding time: 0.9554 s
3 ■ · 2 ■ · ■ · 4 · ■
■ · ■ ■ 2 ■ · ■ ■ ■ ·
· ■ · 2 ■ · ■ ■ 4 · ■
■ · ■ ■ 2 ■ · · ■ ■ 2
1 ■ · 2 ■ · ■ ■ ■ · ■
■ ■ ■ ■ · ■ · · 8 ■ ·
4 ■ · · ■ 2 ■ · ■ · ■
3 ■ · 2 ■ · ■ · 4 · ■
■ · ■ ■ 2 ■ · ■ ■ ■ ·
· ■ · 2 ■ · ■ ■ 4 · ■
■ · ■ ■ 2 ■ · · ■ ■ 2
1 ■ · 2 ■ · ■ ■ ■ · ■
■ ■ ■ ■ · ■ · · 8 ■ ·
4 ■ · · ■ 2 ■ · ■ · ■
3 ■ · 2 ■ · ■ · 4 · ■
■ · ■ ■ 2 ■ · ■ ■ ■ ·
· ■ · 2 ■ · ■ ■ 4 · ■
■ · ■ ■ 2 ■ · · ■ ■ 2
1 ■ · 2 ■ · ■ ■ ■ · ■
■ ■ ■ ■ · ■ · · 8 ■ ·
4 ■ · · ■ 2 ■ · ■ · ■
3 ■ · 2 ■ · ■ · 4 · ■
■ · ■ ■ 2 ■ · ■ ■ ■ ·
· ■ · 2 ■ · ■ ■ 4 · ■
■ · ■ ■ 2 ■ · · ■ ■ 2
1 ■ · 2 ■ · ■ ■ ■ · ■
■ ■ ■ ■ · ■ · · 8 ■ ·
4 ■ · · ■ 2 ■ · ■ · ■
3 ■ · 2 ■ · ■ · 4 · ■
■ · ■ ■ 2 ■ · ■ ■ ■ ·
· ■ · 2 ■ · ■ ■ 4 · ■
■ · ■ ■ 2 ■ · · ■ ■ 2
1 ■ · 2 ■ · ■ ■ ■ · ■
■ ■ ■ ■ · ■ · · 8 ■ ·
4 ■ · · ■ 2 ■ · ■ · ■
3 ■ · 2 ■ · ■ · 4 · ■
■ · ■ ■ 2 ■ · ■ ■ ■ ·
· ■ · 2 ■ · ■ ■ 4 · ■
■ · ■ ■ 2 ■ · · ■ ■ 2
1 ■ · 2 ■ · ■ ■ ■ · ■
■ ■ ■ ■ · ■ · · 8 ■ ·
4 ■ · · ■ 2 ■ · ■ · ■
3 ■ · 2 ■ · ■ · 4 · ■
■ · ■ ■ 2 ■ · ■ ■ ■ ·
· ■ · 2 ■ · ■ ■ 4 · ■
■ · ■ ■ 2 ■ · · ■ ■ 2
1 ■ · 2 ■ · ■ ■ ■ · ■
■ ■ ■ ■ · ■ · · 8 ■ ·
4 ■ · · ■ 2 ■ · ■ · ■
3 ■ · 2 ■ · ■ · 4 · ■
■ · ■ ■ 2 ■ · ■ ■ ■ ·
· ■ · 2 ■ · ■ ■ 4 · ■
■ · ■ ■ 2 ■ · · ■ ■ 2
1 ■ · 2 ■ · ■ ■ ■ · ■
■ ■ ■ ■ · ■ · · 8 ■ ·
4 ■ · · ■ 2 ■ · ■ · ■
3 ■ · 2 ■ · ■ · 4 · ■
■ · ■ ■ 2 ■ · ■ ■ ■ ·
· ■ · 2 ■ · ■ ■ 4 · ■
■ · ■ ■ 2 ■ · · ■ ■ 2
1 ■ · 2 ■ · ■ ■ ■ · ■
■ ■ ■ ■ · ■ · · 8 ■ ·
4 ■ · · ■ 2 ■ · ■ · ■
3 ■ · 2 ■ · ■ · 4 · ■
■ · ■ ■ 2 ■ · ■ ■ ■ ·
· ■ · 2 ■ · ■ ■ 4 · ■
■ · ■ ■ 2 ■ · · ■ ■ 2
1 ■ · 2 ■ · ■ ■ ■ · ■
■ ■ ■ ■ · ■ · · 8 ■ ·
4 ■ · · ■ 2 ■ · ■ · ■
# Number of solutions found: 10
# CPU time: 1.345 s
================================= 155 =================================
# Encoding time: 6.26 s
· ■ · · ■ 1 ■ ■ 1 ■ · ■ ■ · ■ ·
■ · ■ ■ · ■ · ■ ■ · ■ 2 ■ ■ · ■
· ■ ■ · ■ ■ · ■ · ■ · ■ · 8 ■ ·
· ■ · ■ ■ 8 ■ · ■ · ■ · ■ ■ · ■
■ · ■ ■ · ■ · ■ 3 ■ · D ■ · ■ ·
· ■ · 9 ■ ■ · · ■ · ■ · · ■ · ■
■ · ■ · ■ 3 ■ ■ · ■ ■ · ■ 2 ■ ·
2 ■ · ■ · ■ · B ■ · 3 ■ · ■ · ■
· ■ ■ · ■ · ■ ■ · ■ ■ · ■ ■ · ·
■ 2 · ■ 3 ■ · 3 ■ · ■ ■ · · ■ ■
· ■ ■ · ■ · ■ ■ · ■ ■ 3 ■ ■ · ·
· ■ · ■ · ■ 4 · ■ ■ 6 ■ ■ · ■ ■
■ 7 ■ · ■ · ■ ■ · ■ ■ ■ 3 ■ ■ ·
· ■ 1 ■ ■ ■ · ■ · ■ · ■ ■ 6 ■ ■
■ · ■ 7 · · ■ · ■ · ■ ■ · ■ ■ ·
· ■ · ■ ■ ■ · ■ · ■ 7 · ■ · ■ ■
· ■ · · ■ 1 ■ ■ 1 ■ · ■ ■ · ■ ·
■ · ■ ■ · ■ · ■ ■ · ■ 2 ■ ■ · ■
· ■ ■ · ■ ■ · ■ · ■ · ■ · 8 ■ ·
· ■ · ■ ■ 8 ■ · ■ · ■ · ■ ■ · ■
■ · ■ ■ · ■ · ■ 3 ■ · D ■ · ■ ·
· ■ · 9 ■ ■ · · ■ · ■ · · ■ · ■
■ · ■ · ■ 3 ■ ■ · ■ ■ · ■ 2 ■ ·
2 ■ · ■ · ■ · B ■ · 3 ■ · ■ · ■
· ■ ■ · ■ · ■ ■ · ■ ■ · ■ ■ · ·
■ 2 · ■ 3 ■ · 3 ■ · ■ ■ · · ■ ■
· ■ ■ · ■ · ■ ■ · ■ ■ 3 ■ ■ · ·
· ■ · ■ · ■ 4 · ■ ■ 6 ■ ■ · ■ ■
■ 7 ■ · ■ · ■ ■ · ■ ■ ■ 3 ■ ■ ·
· ■ 1 ■ ■ ■ · ■ · ■ · ■ ■ 6 ■ ■
■ · ■ 7 · · ■ · ■ · ■ ■ · ■ ■ ·
· ■ · ■ ■ ■ · ■ · ■ 7 · ■ · ■ ■
· ■ · · ■ 1 ■ ■ 1 ■ · ■ ■ · ■ ·
■ · ■ ■ · ■ · ■ ■ · ■ 2 ■ ■ · ■
· ■ ■ · ■ ■ · ■ · ■ · ■ · 8 ■ ·
· ■ · ■ ■ 8 ■ · ■ · ■ · ■ ■ · ■
■ · ■ ■ · ■ · ■ 3 ■ · D ■ · ■ ·
· ■ · 9 ■ ■ · · ■ · ■ · · ■ · ■
■ · ■ · ■ 3 ■ ■ · ■ ■ · ■ 2 ■ ·
2 ■ · ■ · ■ · B ■ · 3 ■ · ■ · ■
· ■ ■ · ■ · ■ ■ · ■ ■ · ■ ■ · ·
■ 2 · ■ 3 ■ · 3 ■ · ■ ■ · · ■ ■
· ■ ■ · ■ · ■ ■ · ■ ■ 3 ■ ■ · ·
· ■ · ■ · ■ 4 · ■ ■ 6 ■ ■ · ■ ■
■ 7 ■ · ■ · ■ ■ · ■ ■ ■ 3 ■ ■ ·
· ■ 1 ■ ■ ■ · ■ · ■ · ■ ■ 6 ■ ■
■ · ■ 7 · · ■ · ■ · ■ ■ · ■ ■ ·
· ■ · ■ ■ ■ · ■ · ■ 7 · ■ · ■ ■
· ■ · · ■ 1 ■ ■ 1 ■ · ■ ■ · ■ ·
■ · ■ ■ · ■ · ■ ■ · ■ 2 ■ ■ · ■
· ■ ■ · ■ ■ · ■ · ■ · ■ · 8 ■ ·
· ■ · ■ ■ 8 ■ · ■ · ■ · ■ ■ · ■
■ · ■ ■ · ■ · ■ 3 ■ · D ■ · ■ ·
· ■ · 9 ■ ■ · · ■ · ■ · · ■ · ■
■ · ■ · ■ 3 ■ ■ · ■ ■ · ■ 2 ■ ·
2 ■ · ■ · ■ · B ■ · 3 ■ · ■ · ■
· ■ ■ · ■ · ■ ■ · ■ ■ · ■ ■ · ·
■ 2 · ■ 3 ■ · 3 ■ · ■ ■ · · ■ ■
· ■ ■ · ■ · ■ ■ · ■ ■ 3 ■ ■ · ·
· ■ · ■ · ■ 4 · ■ ■ 6 ■ ■ · ■ ■
■ 7 ■ · ■ · ■ ■ · ■ ■ ■ 3 ■ ■ ·
· ■ 1 ■ ■ ■ · ■ · ■ · ■ ■ 6 ■ ■
■ · ■ 7 · · ■ · ■ · ■ ■ · ■ ■ ·
· ■ · ■ ■ ■ · ■ · ■ 7 · ■ · ■ ■
· ■ · · ■ 1 ■ ■ 1 ■ · ■ ■ · ■ ·
■ · ■ ■ · ■ · ■ ■ · ■ 2 ■ ■ · ■
· ■ ■ · ■ ■ · ■ · ■ · ■ · 8 ■ ·
· ■ · ■ ■ 8 ■ · ■ · ■ · ■ ■ · ■
■ · ■ ■ · ■ · ■ 3 ■ · D ■ · ■ ·
· ■ · 9 ■ ■ · · ■ · ■ · · ■ · ■
■ · ■ · ■ 3 ■ ■ · ■ ■ · ■ 2 ■ ·
2 ■ · ■ · ■ · B ■ · 3 ■ · ■ · ■
· ■ ■ · ■ · ■ ■ · ■ ■ · ■ ■ · ·
■ 2 · ■ 3 ■ · 3 ■ · ■ ■ · · ■ ■
· ■ ■ · ■ · ■ ■ · ■ ■ 3 ■ ■ · ·
· ■ · ■ · ■ 4 · ■ ■ 6 ■ ■ · ■ ■
■ 7 ■ · ■ · ■ ■ · ■ ■ ■ 3 ■ ■ ·
· ■ 1 ■ ■ ■ · ■ · ■ · ■ ■ 6 ■ ■
■ · ■ 7 · · ■ · ■ · ■ ■ · ■ ■ ·
· ■ · ■ ■ ■ · ■ · ■ 7 · ■ · ■ ■
· ■ · · ■ 1 ■ ■ 1 ■ · ■ ■ · ■ ·
■ · ■ ■ · ■ · ■ ■ · ■ 2 ■ ■ · ■
· ■ ■ · ■ ■ · ■ · ■ · ■ · 8 ■ ·
· ■ · ■ ■ 8 ■ · ■ · ■ · ■ ■ · ■
■ · ■ ■ · ■ · ■ 3 ■ · D ■ · ■ ·
· ■ · 9 ■ ■ · · ■ · ■ · · ■ · ■
■ · ■ · ■ 3 ■ ■ · ■ ■ · ■ 2 ■ ·
2 ■ · ■ · ■ · B ■ · 3 ■ · ■ · ■
· ■ ■ · ■ · ■ ■ · ■ ■ · ■ ■ · ·
■ 2 · ■ 3 ■ · 3 ■ · ■ ■ · · ■ ■
· ■ ■ · ■ · ■ ■ · ■ ■ 3 ■ ■ · ·
· ■ · ■ · ■ 4 · ■ ■ 6 ■ ■ · ■ ■
■ 7 ■ · ■ · ■ ■ · ■ ■ ■ 3 ■ ■ ·
· ■ 1 ■ ■ ■ · ■ · ■ · ■ ■ 6 ■ ■
■ · ■ 7 · · ■ · ■ · ■ ■ · ■ ■ ·
· ■ · ■ ■ ■ · ■ · ■ 7 · ■ · ■ ■
· ■ · · ■ 1 ■ ■ 1 ■ · ■ ■ · ■ ·
■ · ■ ■ · ■ · ■ ■ · ■ 2 ■ ■ · ■
· ■ ■ · ■ ■ · ■ · ■ · ■ · 8 ■ ·
· ■ · ■ ■ 8 ■ · ■ · ■ · ■ ■ · ■
■ · ■ ■ · ■ · ■ 3 ■ · D ■ · ■ ·
· ■ · 9 ■ ■ · · ■ · ■ · · ■ · ■
■ · ■ · ■ 3 ■ ■ · ■ ■ · ■ 2 ■ ·
2 ■ · ■ · ■ · B ■ · 3 ■ · ■ · ■
· ■ ■ · ■ · ■ ■ · ■ ■ · ■ ■ · ·
■ 2 · ■ 3 ■ · 3 ■ · ■ ■ · · ■ ■
· ■ ■ · ■ · ■ ■ · ■ ■ 3 ■ ■ · ·
· ■ · ■ · ■ 4 · ■ ■ 6 ■ ■ · ■ ■
■ 7 ■ · ■ · ■ ■ · ■ ■ ■ 3 ■ ■ ·
· ■ 1 ■ ■ ■ · ■ · ■ · ■ ■ 6 ■ ■
■ · ■ 7 · · ■ · ■ · ■ ■ · ■ ■ ·
· ■ · ■ ■ ■ · ■ · ■ 7 · ■ · ■ ■
· ■ · · ■ 1 ■ ■ 1 ■ · ■ ■ · ■ ·
■ · ■ ■ · ■ · ■ ■ · ■ 2 ■ ■ · ■
· ■ ■ · ■ ■ · ■ · ■ · ■ · 8 ■ ·
· ■ · ■ ■ 8 ■ · ■ · ■ · ■ ■ · ■
■ · ■ ■ · ■ · ■ 3 ■ · D ■ · ■ ·
· ■ · 9 ■ ■ · · ■ · ■ · · ■ · ■
■ · ■ · ■ 3 ■ ■ · ■ ■ · ■ 2 ■ ·
2 ■ · ■ · ■ · B ■ · 3 ■ · ■ · ■
· ■ ■ · ■ · ■ ■ · ■ ■ · ■ ■ · ·
■ 2 · ■ 3 ■ · 3 ■ · ■ ■ · · ■ ■
· ■ ■ · ■ · ■ ■ · ■ ■ 3 ■ ■ · ·
· ■ · ■ · ■ 4 · ■ ■ 6 ■ ■ · ■ ■
■ 7 ■ · ■ · ■ ■ · ■ ■ ■ 3 ■ ■ ·
· ■ 1 ■ ■ ■ · ■ · ■ · ■ ■ 6 ■ ■
■ · ■ 7 · · ■ · ■ · ■ ■ · ■ ■ ·
· ■ · ■ ■ ■ · ■ · ■ 7 · ■ · ■ ■
· ■ · · ■ 1 ■ ■ 1 ■ · ■ ■ · ■ ·
■ · ■ ■ · ■ · ■ ■ · ■ 2 ■ ■ · ■
· ■ ■ · ■ ■ · ■ · ■ · ■ · 8 ■ ·
· ■ · ■ ■ 8 ■ · ■ · ■ · ■ ■ · ■
■ · ■ ■ · ■ · ■ 3 ■ · D ■ · ■ ·
· ■ · 9 ■ ■ · · ■ · ■ · · ■ · ■
■ · ■ · ■ 3 ■ ■ · ■ ■ · ■ 2 ■ ·
2 ■ · ■ · ■ · B ■ · 3 ■ · ■ · ■
· ■ ■ · ■ · ■ ■ · ■ ■ · ■ ■ · ·
■ 2 · ■ 3 ■ · 3 ■ · ■ ■ · · ■ ■
· ■ ■ · ■ · ■ ■ · ■ ■ 3 ■ ■ · ·
· ■ · ■ · ■ 4 · ■ ■ 6 ■ ■ · ■ ■
■ 7 ■ · ■ · ■ ■ · ■ ■ ■ 3 ■ ■ ·
· ■ 1 ■ ■ ■ · ■ · ■ · ■ ■ 6 ■ ■
■ · ■ 7 · · ■ · ■ · ■ ■ · ■ ■ ·
· ■ · ■ ■ ■ · ■ · ■ 7 · ■ · ■ ■
· ■ · · ■ 1 ■ ■ 1 ■ · ■ ■ · ■ ·
■ · ■ ■ · ■ · ■ ■ · ■ 2 ■ ■ · ■
· ■ ■ · ■ ■ · ■ · ■ · ■ · 8 ■ ·
· ■ · ■ ■ 8 ■ · ■ · ■ · ■ ■ · ■
■ · ■ ■ · ■ · ■ 3 ■ · D ■ · ■ ·
· ■ · 9 ■ ■ · · ■ · ■ · · ■ · ■
■ · ■ · ■ 3 ■ ■ · ■ ■ · ■ 2 ■ ·
2 ■ · ■ · ■ · B ■ · 3 ■ · ■ · ■
· ■ ■ · ■ · ■ ■ · ■ ■ · ■ ■ · ·
■ 2 · ■ 3 ■ · 3 ■ · ■ ■ · · ■ ■
· ■ ■ · ■ · ■ ■ · ■ ■ 3 ■ ■ · ·
· ■ · ■ · ■ 4 · ■ ■ 6 ■ ■ · ■ ■
■ 7 ■ · ■ · ■ ■ · ■ ■ ■ 3 ■ ■ ·
· ■ 1 ■ ■ ■ · ■ · ■ · ■ ■ 6 ■ ■
■ · ■ 7 · · ■ · ■ · ■ ■ · ■ ■ ·
· ■ · ■ ■ ■ · ■ · ■ 7 · ■ · ■ ■
# Number of solutions found: 10
# CPU time: 15.36 s
================================= 156 =================================
# Encoding time: 0.05292 s
· ■ 4 ■ · · ■
■ 2 ■ ■ ■ ■ ■
■ ■ · ■ · 2 ■
· ■ ■ ■ ■ ■ ·
■ 2 ■ · · ■ ■
· ■ ■ ■ ■ 3 ■
■ ■ · ■ 4 ■ ■
· ■ 4 ■ · · ■
■ 2 ■ ■ ■ ■ ■
■ ■ · ■ · 2 ■
· ■ ■ ■ ■ ■ ·
■ 2 ■ · · ■ ■
· ■ ■ ■ ■ 3 ■
■ ■ · ■ 4 ■ ■
· ■ 4 ■ · · ■
■ 2 ■ ■ ■ ■ ■
■ ■ · ■ · 2 ■
· ■ ■ ■ ■ ■ ·
■ 2 ■ · · ■ ■
· ■ ■ ■ ■ 3 ■
■ ■ · ■ 4 ■ ■
· ■ 4 ■ · · ■
■ 2 ■ ■ ■ ■ ■
■ ■ · ■ · 2 ■
· ■ ■ ■ ■ ■ ·
■ 2 ■ · · ■ ■
· ■ ■ ■ ■ 3 ■
■ ■ · ■ 4 ■ ■
· ■ 4 ■ · · ■
■ 2 ■ ■ ■ ■ ■
■ ■ · ■ · 2 ■
· ■ ■ ■ ■ ■ ·
■ 2 ■ · · ■ ■
· ■ ■ ■ ■ 3 ■
■ ■ · ■ 4 ■ ■
· ■ 4 ■ · · ■
■ 2 ■ ■ ■ ■ ■
■ ■ · ■ · 2 ■
· ■ ■ ■ ■ ■ ·
■ 2 ■ · · ■ ■
· ■ ■ ■ ■ 3 ■
■ ■ · ■ 4 ■ ■
· ■ 4 ■ · · ■
■ 2 ■ ■ ■ ■ ■
■ ■ · ■ · 2 ■
· ■ ■ ■ ■ ■ ·
■ 2 ■ · · ■ ■
· ■ ■ ■ ■ 3 ■
■ ■ · ■ 4 ■ ■
· ■ 4 ■ · · ■
■ 2 ■ ■ ■ ■ ■
■ ■ · ■ · 2 ■
· ■ ■ ■ ■ ■ ·
■ 2 ■ · · ■ ■
· ■ ■ ■ ■ 3 ■
■ ■ · ■ 4 ■ ■
· ■ 4 ■ · · ■
■ 2 ■ ■ ■ ■ ■
■ ■ · ■ · 2 ■
· ■ ■ ■ ■ ■ ·
■ 2 ■ · · ■ ■
· ■ ■ ■ ■ 3 ■
■ ■ · ■ 4 ■ ■
· ■ 4 ■ · · ■
■ 2 ■ ■ ■ ■ ■
■ ■ · ■ · 2 ■
· ■ ■ ■ ■ ■ ·
■ 2 ■ · · ■ ■
· ■ ■ ■ ■ 3 ■
■ ■ · ■ 4 ■ ■
# Number of solutions found: 10
# CPU time: 0.06629 s
================================= 157 =================================
# Encoding time: 0.01866 s
· ■ ■ ■ ·
■ · ■ 1 ■
6 ■ ■ ■ ·
■ 2 ■ · ■
· ■ · ■ 2
· ■ ■ ■ ·
■ · ■ 1 ■
6 ■ ■ ■ ·
■ 2 ■ · ■
· ■ · ■ 2
· ■ ■ ■ ·
■ · ■ 1 ■
6 ■ ■ ■ ·
■ 2 ■ · ■
· ■ · ■ 2
· ■ ■ ■ ·
■ · ■ 1 ■
6 ■ ■ ■ ·
■ 2 ■ · ■
· ■ · ■ 2
· ■ ■ ■ ·
■ · ■ 1 ■
6 ■ ■ ■ ·
■ 2 ■ · ■
· ■ · ■ 2
· ■ ■ ■ ·
■ · ■ 1 ■
6 ■ ■ ■ ·
■ 2 ■ · ■
· ■ · ■ 2
· ■ ■ ■ ·
■ · ■ 1 ■
6 ■ ■ ■ ·
■ 2 ■ · ■
· ■ · ■ 2
· ■ ■ ■ ·
■ · ■ 1 ■
6 ■ ■ ■ ·
■ 2 ■ · ■
· ■ · ■ 2
· ■ ■ ■ ·
■ · ■ 1 ■
6 ■ ■ ■ ·
■ 2 ■ · ■
· ■ · ■ 2
· ■ ■ ■ ·
■ · ■ 1 ■
6 ■ ■ ■ ·
■ 2 ■ · ■
· ■ · ■ 2
# Number of solutions found: 10
# CPU time: 0.02514 s
================================= 158 =================================
# Encoding time: 0.2008 s
■ · ■ · ■ · ■ ■ 1 ■
5 ■ · ■ · ■ 3 · ■ ·
■ 9 ■ · ■ ■ ■ ■ ■ ·
· ■ ■ 4 ■ · ■ · 2 ■
■ · · ■ ■ ■ · ■ ■ ·
· ■ ■ · · · ■ · · ■
■ 2 · ■ ■ ■ 2 ■ ■ ·
· ■ ■ ■ · · ■ ■ 6 ■
· ■ · 6 ■ ■ ■ · ■ 3
■ 2 ■ ■ · ■ · ■ · ■
■ · ■ · ■ · ■ ■ 1 ■
5 ■ · ■ · ■ 3 · ■ ·
■ 9 ■ · ■ ■ ■ ■ ■ ·
· ■ ■ 4 ■ · ■ · 2 ■
■ · · ■ ■ ■ · ■ ■ ·
· ■ ■ · · · ■ · · ■
■ 2 · ■ ■ ■ 2 ■ ■ ·
· ■ ■ ■ · · ■ ■ 6 ■
· ■ · 6 ■ ■ ■ · ■ 3
■ 2 ■ ■ · ■ · ■ · ■
■ · ■ · ■ · ■ ■ 1 ■
5 ■ · ■ · ■ 3 · ■ ·
■ 9 ■ · ■ ■ ■ ■ ■ ·
· ■ ■ 4 ■ · ■ · 2 ■
■ · · ■ ■ ■ · ■ ■ ·
· ■ ■ · · · ■ · · ■
■ 2 · ■ ■ ■ 2 ■ ■ ·
· ■ ■ ■ · · ■ ■ 6 ■
· ■ · 6 ■ ■ ■ · ■ 3
■ 2 ■ ■ · ■ · ■ · ■
■ · ■ · ■ · ■ ■ 1 ■
5 ■ · ■ · ■ 3 · ■ ·
■ 9 ■ · ■ ■ ■ ■ ■ ·
· ■ ■ 4 ■ · ■ · 2 ■
■ · · ■ ■ ■ · ■ ■ ·
· ■ ■ · · · ■ · · ■
■ 2 · ■ ■ ■ 2 ■ ■ ·
· ■ ■ ■ · · ■ ■ 6 ■
· ■ · 6 ■ ■ ■ · ■ 3
■ 2 ■ ■ · ■ · ■ · ■
■ · ■ · ■ · ■ ■ 1 ■
5 ■ · ■ · ■ 3 · ■ ·
■ 9 ■ · ■ ■ ■ ■ ■ ·
· ■ ■ 4 ■ · ■ · 2 ■
■ · · ■ ■ ■ · ■ ■ ·
· ■ ■ · · · ■ · · ■
■ 2 · ■ ■ ■ 2 ■ ■ ·
· ■ ■ ■ · · ■ ■ 6 ■
· ■ · 6 ■ ■ ■ · ■ 3
■ 2 ■ ■ · ■ · ■ · ■
■ · ■ · ■ · ■ ■ 1 ■
5 ■ · ■ · ■ 3 · ■ ·
■ 9 ■ · ■ ■ ■ ■ ■ ·
· ■ ■ 4 ■ · ■ · 2 ■
■ · · ■ ■ ■ · ■ ■ ·
· ■ ■ · · · ■ · · ■
■ 2 · ■ ■ ■ 2 ■ ■ ·
· ■ ■ ■ · · ■ ■ 6 ■
· ■ · 6 ■ ■ ■ · ■ 3
■ 2 ■ ■ · ■ · ■ · ■
■ · ■ · ■ · ■ ■ 1 ■
5 ■ · ■ · ■ 3 · ■ ·
■ 9 ■ · ■ ■ ■ ■ ■ ·
· ■ ■ 4 ■ · ■ · 2 ■
■ · · ■ ■ ■ · ■ ■ ·
· ■ ■ · · · ■ · · ■
■ 2 · ■ ■ ■ 2 ■ ■ ·
· ■ ■ ■ · · ■ ■ 6 ■
· ■ · 6 ■ ■ ■ · ■ 3
■ 2 ■ ■ · ■ · ■ · ■
■ · ■ · ■ · ■ ■ 1 ■
5 ■ · ■ · ■ 3 · ■ ·
■ 9 ■ · ■ ■ ■ ■ ■ ·
· ■ ■ 4 ■ · ■ · 2 ■
■ · · ■ ■ ■ · ■ ■ ·
· ■ ■ · · · ■ · · ■
■ 2 · ■ ■ ■ 2 ■ ■ ·
· ■ ■ ■ · · ■ ■ 6 ■
· ■ · 6 ■ ■ ■ · ■ 3
■ 2 ■ ■ · ■ · ■ · ■
■ · ■ · ■ · ■ ■ 1 ■
5 ■ · ■ · ■ 3 · ■ ·
■ 9 ■ · ■ ■ ■ ■ ■ ·
· ■ ■ 4 ■ · ■ · 2 ■
■ · · ■ ■ ■ · ■ ■ ·
· ■ ■ · · · ■ · · ■
■ 2 · ■ ■ ■ 2 ■ ■ ·
· ■ ■ ■ · · ■ ■ 6 ■
· ■ · 6 ■ ■ ■ · ■ 3
■ 2 ■ ■ · ■ · ■ · ■
■ · ■ · ■ · ■ ■ 1 ■
5 ■ · ■ · ■ 3 · ■ ·
■ 9 ■ · ■ ■ ■ ■ ■ ·
· ■ ■ 4 ■ · ■ · 2 ■
■ · · ■ ■ ■ · ■ ■ ·
· ■ ■ · · · ■ · · ■
■ 2 · ■ ■ ■ 2 ■ ■ ·
· ■ ■ ■ · · ■ ■ 6 ■
· ■ · 6 ■ ■ ■ · ■ 3
■ 2 ■ ■ · ■ · ■ · ■
# Number of solutions found: 10
# CPU time: 0.3289 s
================================= 159 =================================
# Encoding time: 0.05062 s
· ■ ■ 5 ■ ■ ·
■ ■ · ■ ■ 4 ■
■ · ■ ■ · ■ ·
■ ■ 2 ■ ■ ■ ■
■ 2 ■ · ■ · ■
· ■ · ■ 2 ■ ■
■ ■ ■ ■ ■ ■ 1
· ■ ■ 5 ■ ■ ·
■ ■ · ■ ■ 4 ■
■ · ■ ■ · ■ ·
■ ■ 2 ■ ■ ■ ■
■ 2 ■ · ■ · ■
· ■ · ■ 2 ■ ■
■ ■ ■ ■ ■ ■ 1
· ■ ■ 5 ■ ■ ·
■ ■ · ■ ■ 4 ■
■ · ■ ■ · ■ ·
■ ■ 2 ■ ■ ■ ■
■ 2 ■ · ■ · ■
· ■ · ■ 2 ■ ■
■ ■ ■ ■ ■ ■ 1
· ■ ■ 5 ■ ■ ·
■ ■ · ■ ■ 4 ■
■ · ■ ■ · ■ ·
■ ■ 2 ■ ■ ■ ■
■ 2 ■ · ■ · ■
· ■ · ■ 2 ■ ■
■ ■ ■ ■ ■ ■ 1
· ■ ■ 5 ■ ■ ·
■ ■ · ■ ■ 4 ■
■ · ■ ■ · ■ ·
■ ■ 2 ■ ■ ■ ■
■ 2 ■ · ■ · ■
· ■ · ■ 2 ■ ■
■ ■ ■ ■ ■ ■ 1
· ■ ■ 5 ■ ■ ·
■ ■ · ■ ■ 4 ■
■ · ■ ■ · ■ ·
■ ■ 2 ■ ■ ■ ■
■ 2 ■ · ■ · ■
· ■ · ■ 2 ■ ■
■ ■ ■ ■ ■ ■ 1
· ■ ■ 5 ■ ■ ·
■ ■ · ■ ■ 4 ■
■ · ■ ■ · ■ ·
■ ■ 2 ■ ■ ■ ■
■ 2 ■ · ■ · ■
· ■ · ■ 2 ■ ■
■ ■ ■ ■ ■ ■ 1
· ■ ■ 5 ■ ■ ·
■ ■ · ■ ■ 4 ■
■ · ■ ■ · ■ ·
■ ■ 2 ■ ■ ■ ■
■ 2 ■ · ■ · ■
· ■ · ■ 2 ■ ■
■ ■ ■ ■ ■ ■ 1
· ■ ■ 5 ■ ■ ·
■ ■ · ■ ■ 4 ■
■ · ■ ■ · ■ ·
■ ■ 2 ■ ■ ■ ■
■ 2 ■ · ■ · ■
· ■ · ■ 2 ■ ■
■ ■ ■ ■ ■ ■ 1
· ■ ■ 5 ■ ■ ·
■ ■ · ■ ■ 4 ■
■ · ■ ■ · ■ ·
■ ■ 2 ■ ■ ■ ■
■ 2 ■ · ■ · ■
· ■ · ■ 2 ■ ■
■ ■ ■ ■ ■ ■ 1
# Number of solutions found: 10
# CPU time: 0.06956 s
================================= 160 =================================
# Encoding time: 0.2546 s
■ · ■ · ■ ■ · ■ 1 ■ ·
· ■ · ■ ■ · ■ · ■ · ■
■ · ■ · ■ · ■ ■ ■ · ■
2 ■ · ■ ■ ■ · · ■ ■ ·
■ · ■ ■ 6 ■ 7 ■ ■ · ■
■ ■ ■ 7 ■ ■ ■ 9 · ■ 3
2 ■ · ■ 1 ■ 1 ■ ■ · ■
■ · ■ · ■ 9 ■ ■ · ■ ■
· ■ ■ ■ · ■ ■ · ■ · ■
■ ■ · ■ ■ ■ · ■ · ■ ·
· · ■ · ■ 1 ■ ■ ■ · ■
■ · ■ · ■ ■ · ■ 1 ■ ·
· ■ · ■ ■ · ■ · ■ · ■
■ · ■ · ■ · ■ ■ ■ · ■
2 ■ · ■ ■ ■ · · ■ ■ ·
■ · ■ ■ 6 ■ 7 ■ ■ · ■
■ ■ ■ 7 ■ ■ ■ 9 · ■ 3
2 ■ · ■ 1 ■ 1 ■ ■ · ■
■ · ■ · ■ 9 ■ ■ · ■ ■
· ■ ■ ■ · ■ ■ · ■ · ■
■ ■ · ■ ■ ■ · ■ · ■ ·
· · ■ · ■ 1 ■ ■ ■ · ■
■ · ■ · ■ ■ · ■ 1 ■ ·
· ■ · ■ ■ · ■ · ■ · ■
■ · ■ · ■ · ■ ■ ■ · ■
2 ■ · ■ ■ ■ · · ■ ■ ·
■ · ■ ■ 6 ■ 7 ■ ■ · ■
■ ■ ■ 7 ■ ■ ■ 9 · ■ 3
2 ■ · ■ 1 ■ 1 ■ ■ · ■
■ · ■ · ■ 9 ■ ■ · ■ ■
· ■ ■ ■ · ■ ■ · ■ · ■
■ ■ · ■ ■ ■ · ■ · ■ ·
· · ■ · ■ 1 ■ ■ ■ · ■
■ · ■ · ■ ■ · ■ 1 ■ ·
· ■ · ■ ■ · ■ · ■ · ■
■ · ■ · ■ · ■ ■ ■ · ■
2 ■ · ■ ■ ■ · · ■ ■ ·
■ · ■ ■ 6 ■ 7 ■ ■ · ■
■ ■ ■ 7 ■ ■ ■ 9 · ■ 3
2 ■ · ■ 1 ■ 1 ■ ■ · ■
■ · ■ · ■ 9 ■ ■ · ■ ■
· ■ ■ ■ · ■ ■ · ■ · ■
■ ■ · ■ ■ ■ · ■ · ■ ·
· · ■ · ■ 1 ■ ■ ■ · ■
■ · ■ · ■ ■ · ■ 1 ■ ·
· ■ · ■ ■ · ■ · ■ · ■
■ · ■ · ■ · ■ ■ ■ · ■
2 ■ · ■ ■ ■ · · ■ ■ ·
■ · ■ ■ 6 ■ 7 ■ ■ · ■
■ ■ ■ 7 ■ ■ ■ 9 · ■ 3
2 ■ · ■ 1 ■ 1 ■ ■ · ■
■ · ■ · ■ 9 ■ ■ · ■ ■
· ■ ■ ■ · ■ ■ · ■ · ■
■ ■ · ■ ■ ■ · ■ · ■ ·
· · ■ · ■ 1 ■ ■ ■ · ■
■ · ■ · ■ ■ · ■ 1 ■ ·
· ■ · ■ ■ · ■ · ■ · ■
■ · ■ · ■ · ■ ■ ■ · ■
2 ■ · ■ ■ ■ · · ■ ■ ·
■ · ■ ■ 6 ■ 7 ■ ■ · ■
■ ■ ■ 7 ■ ■ ■ 9 · ■ 3
2 ■ · ■ 1 ■ 1 ■ ■ · ■
■ · ■ · ■ 9 ■ ■ · ■ ■
· ■ ■ ■ · ■ ■ · ■ · ■
■ ■ · ■ ■ ■ · ■ · ■ ·
· · ■ · ■ 1 ■ ■ ■ · ■
■ · ■ · ■ ■ · ■ 1 ■ ·
· ■ · ■ ■ · ■ · ■ · ■
■ · ■ · ■ · ■ ■ ■ · ■
2 ■ · ■ ■ ■ · · ■ ■ ·
■ · ■ ■ 6 ■ 7 ■ ■ · ■
■ ■ ■ 7 ■ ■ ■ 9 · ■ 3
2 ■ · ■ 1 ■ 1 ■ ■ · ■
■ · ■ · ■ 9 ■ ■ · ■ ■
· ■ ■ ■ · ■ ■ · ■ · ■
■ ■ · ■ ■ ■ · ■ · ■ ·
· · ■ · ■ 1 ■ ■ ■ · ■
■ · ■ · ■ ■ · ■ 1 ■ ·
· ■ · ■ ■ · ■ · ■ · ■
■ · ■ · ■ · ■ ■ ■ · ■
2 ■ · ■ ■ ■ · · ■ ■ ·
■ · ■ ■ 6 ■ 7 ■ ■ · ■
■ ■ ■ 7 ■ ■ ■ 9 · ■ 3
2 ■ · ■ 1 ■ 1 ■ ■ · ■
■ · ■ · ■ 9 ■ ■ · ■ ■
· ■ ■ ■ · ■ ■ · ■ · ■
■ ■ · ■ ■ ■ · ■ · ■ ·
· · ■ · ■ 1 ■ ■ ■ · ■
■ · ■ · ■ ■ · ■ 1 ■ ·
· ■ · ■ ■ · ■ · ■ · ■
■ · ■ · ■ · ■ ■ ■ · ■
2 ■ · ■ ■ ■ · · ■ ■ ·
■ · ■ ■ 6 ■ 7 ■ ■ · ■
■ ■ ■ 7 ■ ■ ■ 9 · ■ 3
2 ■ · ■ 1 ■ 1 ■ ■ · ■
■ · ■ · ■ 9 ■ ■ · ■ ■
· ■ ■ ■ · ■ ■ · ■ · ■
■ ■ · ■ ■ ■ · ■ · ■ ·
· · ■ · ■ 1 ■ ■ ■ · ■
■ · ■ · ■ ■ · ■ 1 ■ ·
· ■ · ■ ■ · ■ · ■ · ■
■ · ■ · ■ · ■ ■ ■ · ■
2 ■ · ■ ■ ■ · · ■ ■ ·
■ · ■ ■ 6 ■ 7 ■ ■ · ■
■ ■ ■ 7 ■ ■ ■ 9 · ■ 3
2 ■ · ■ 1 ■ 1 ■ ■ · ■
■ · ■ · ■ 9 ■ ■ · ■ ■
· ■ ■ ■ · ■ ■ · ■ · ■
■ ■ · ■ ■ ■ · ■ · ■ ·
· · ■ · ■ 1 ■ ■ ■ · ■
# Number of solutions found: 10
# CPU time: 0.4242 s
================================= 161 =================================
# Encoding time: 1.355 s
2 ■ 1 ■ · ■ · ■ 1 ■ · ■ · ■ ·
■ · ■ · ■ ■ ■ · ■ ■ ■ 2 ■ 1 ■
· ■ 1 ■ · 3 ■ ■ ■ 6 ■ ■ · ■ ·
■ · ■ · ■ ■ · ■ · ■ · ■ ■ ■ ■
■ ■ ■ ■ ■ 5 ■ 2 ■ ■ ■ 6 ■ · ■
■ 3 ■ 1 ■ ■ · ■ ■ 2 ■ · · ■ 2
2 ■ · ■ · ■ ■ ■ · ■ · ■ ■ ■ ·
■ · ■ 2 ■ 2 ■ · ■ 2 ■ 2 ■ · ■
■ ■ · ■ · ■ · ■ ■ ■ · ■ · ■ 2
2 ■ · ■ ■ 3 ■ ■ · ■ ■ 1 ■ 2 ■
■ · ■ 2 ■ ■ ■ 1 ■ 4 ■ ■ · ■ ·
· ■ · ■ · ■ · ■ · ■ ■ 1 ■ · ■
■ ■ ■ ■ ■ 1 ■ · ■ 4 ■ ■ 9 ■ ·
■ 1 ■ 5 ■ ■ · ■ · ■ · · ■ · ■
■ ■ · ■ 1 ■ ■ · ■ ■ ■ ■ ■ ■ 3
2 ■ 1 ■ · ■ · ■ 1 ■ · ■ · ■ ·
■ · ■ · ■ ■ ■ · ■ ■ ■ 2 ■ 1 ■
· ■ 1 ■ · 3 ■ ■ ■ 6 ■ ■ · ■ ·
■ · ■ · ■ ■ · ■ · ■ · ■ ■ ■ ■
■ ■ ■ ■ ■ 5 ■ 2 ■ ■ ■ 6 ■ · ■
■ 3 ■ 1 ■ ■ · ■ ■ 2 ■ · · ■ 2
2 ■ · ■ · ■ ■ ■ · ■ · ■ ■ ■ ·
■ · ■ 2 ■ 2 ■ · ■ 2 ■ 2 ■ · ■
■ ■ · ■ · ■ · ■ ■ ■ · ■ · ■ 2
2 ■ · ■ ■ 3 ■ ■ · ■ ■ 1 ■ 2 ■
■ · ■ 2 ■ ■ ■ 1 ■ 4 ■ ■ · ■ ·
· ■ · ■ · ■ · ■ · ■ ■ 1 ■ · ■
■ ■ ■ ■ ■ 1 ■ · ■ 4 ■ ■ 9 ■ ·
■ 1 ■ 5 ■ ■ · ■ · ■ · · ■ · ■
■ ■ · ■ 1 ■ ■ · ■ ■ ■ ■ ■ ■ 3
2 ■ 1 ■ · ■ · ■ 1 ■ · ■ · ■ ·
■ · ■ · ■ ■ ■ · ■ ■ ■ 2 ■ 1 ■
· ■ 1 ■ · 3 ■ ■ ■ 6 ■ ■ · ■ ·
■ · ■ · ■ ■ · ■ · ■ · ■ ■ ■ ■
■ ■ ■ ■ ■ 5 ■ 2 ■ ■ ■ 6 ■ · ■
■ 3 ■ 1 ■ ■ · ■ ■ 2 ■ · · ■ 2
2 ■ · ■ · ■ ■ ■ · ■ · ■ ■ ■ ·
■ · ■ 2 ■ 2 ■ · ■ 2 ■ 2 ■ · ■
■ ■ · ■ · ■ · ■ ■ ■ · ■ · ■ 2
2 ■ · ■ ■ 3 ■ ■ · ■ ■ 1 ■ 2 ■
■ · ■ 2 ■ ■ ■ 1 ■ 4 ■ ■ · ■ ·
· ■ · ■ · ■ · ■ · ■ ■ 1 ■ · ■
■ ■ ■ ■ ■ 1 ■ · ■ 4 ■ ■ 9 ■ ·
■ 1 ■ 5 ■ ■ · ■ · ■ · · ■ · ■
■ ■ · ■ 1 ■ ■ · ■ ■ ■ ■ ■ ■ 3
2 ■ 1 ■ · ■ · ■ 1 ■ · ■ · ■ ·
■ · ■ · ■ ■ ■ · ■ ■ ■ 2 ■ 1 ■
· ■ 1 ■ · 3 ■ ■ ■ 6 ■ ■ · ■ ·
■ · ■ · ■ ■ · ■ · ■ · ■ ■ ■ ■
■ ■ ■ ■ ■ 5 ■ 2 ■ ■ ■ 6 ■ · ■
■ 3 ■ 1 ■ ■ · ■ ■ 2 ■ · · ■ 2
2 ■ · ■ · ■ ■ ■ · ■ · ■ ■ ■ ·
■ · ■ 2 ■ 2 ■ · ■ 2 ■ 2 ■ · ■
■ ■ · ■ · ■ · ■ ■ ■ · ■ · ■ 2
2 ■ · ■ ■ 3 ■ ■ · ■ ■ 1 ■ 2 ■
■ · ■ 2 ■ ■ ■ 1 ■ 4 ■ ■ · ■ ·
· ■ · ■ · ■ · ■ · ■ ■ 1 ■ · ■
■ ■ ■ ■ ■ 1 ■ · ■ 4 ■ ■ 9 ■ ·
■ 1 ■ 5 ■ ■ · ■ · ■ · · ■ · ■
■ ■ · ■ 1 ■ ■ · ■ ■ ■ ■ ■ ■ 3
2 ■ 1 ■ · ■ · ■ 1 ■ · ■ · ■ ·
■ · ■ · ■ ■ ■ · ■ ■ ■ 2 ■ 1 ■
· ■ 1 ■ · 3 ■ ■ ■ 6 ■ ■ · ■ ·
■ · ■ · ■ ■ · ■ · ■ · ■ ■ ■ ■
■ ■ ■ ■ ■ 5 ■ 2 ■ ■ ■ 6 ■ · ■
■ 3 ■ 1 ■ ■ · ■ ■ 2 ■ · · ■ 2
2 ■ · ■ · ■ ■ ■ · ■ · ■ ■ ■ ·
■ · ■ 2 ■ 2 ■ · ■ 2 ■ 2 ■ · ■
■ ■ · ■ · ■ · ■ ■ ■ · ■ · ■ 2
2 ■ · ■ ■ 3 ■ ■ · ■ ■ 1 ■ 2 ■
■ · ■ 2 ■ ■ ■ 1 ■ 4 ■ ■ · ■ ·
· ■ · ■ · ■ · ■ · ■ ■ 1 ■ · ■
■ ■ ■ ■ ■ 1 ■ · ■ 4 ■ ■ 9 ■ ·
■ 1 ■ 5 ■ ■ · ■ · ■ · · ■ · ■
■ ■ · ■ 1 ■ ■ · ■ ■ ■ ■ ■ ■ 3
2 ■ 1 ■ · ■ · ■ 1 ■ · ■ · ■ ·
■ · ■ · ■ ■ ■ · ■ ■ ■ 2 ■ 1 ■
· ■ 1 ■ · 3 ■ ■ ■ 6 ■ ■ · ■ ·
■ · ■ · ■ ■ · ■ · ■ · ■ ■ ■ ■
■ ■ ■ ■ ■ 5 ■ 2 ■ ■ ■ 6 ■ · ■
■ 3 ■ 1 ■ ■ · ■ ■ 2 ■ · · ■ 2
2 ■ · ■ · ■ ■ ■ · ■ · ■ ■ ■ ·
■ · ■ 2 ■ 2 ■ · ■ 2 ■ 2 ■ · ■
■ ■ · ■ · ■ · ■ ■ ■ · ■ · ■ 2
2 ■ · ■ ■ 3 ■ ■ · ■ ■ 1 ■ 2 ■
■ · ■ 2 ■ ■ ■ 1 ■ 4 ■ ■ · ■ ·
· ■ · ■ · ■ · ■ · ■ ■ 1 ■ · ■
■ ■ ■ ■ ■ 1 ■ · ■ 4 ■ ■ 9 ■ ·
■ 1 ■ 5 ■ ■ · ■ · ■ · · ■ · ■
■ ■ · ■ 1 ■ ■ · ■ ■ ■ ■ ■ ■ 3
2 ■ 1 ■ · ■ · ■ 1 ■ · ■ · ■ ·
■ · ■ · ■ ■ ■ · ■ ■ ■ 2 ■ 1 ■
· ■ 1 ■ · 3 ■ ■ ■ 6 ■ ■ · ■ ·
■ · ■ · ■ ■ · ■ · ■ · ■ ■ ■ ■
■ ■ ■ ■ ■ 5 ■ 2 ■ ■ ■ 6 ■ · ■
■ 3 ■ 1 ■ ■ · ■ ■ 2 ■ · · ■ 2
2 ■ · ■ · ■ ■ ■ · ■ · ■ ■ ■ ·
■ · ■ 2 ■ 2 ■ · ■ 2 ■ 2 ■ · ■
■ ■ · ■ · ■ · ■ ■ ■ · ■ · ■ 2
2 ■ · ■ ■ 3 ■ ■ · ■ ■ 1 ■ 2 ■
■ · ■ 2 ■ ■ ■ 1 ■ 4 ■ ■ · ■ ·
· ■ · ■ · ■ · ■ · ■ ■ 1 ■ · ■
■ ■ ■ ■ ■ 1 ■ · ■ 4 ■ ■ 9 ■ ·
■ 1 ■ 5 ■ ■ · ■ · ■ · · ■ · ■
■ ■ · ■ 1 ■ ■ · ■ ■ ■ ■ ■ ■ 3
2 ■ 1 ■ · ■ · ■ 1 ■ · ■ · ■ ·
■ · ■ · ■ ■ ■ · ■ ■ ■ 2 ■ 1 ■
· ■ 1 ■ · 3 ■ ■ ■ 6 ■ ■ · ■ ·
■ · ■ · ■ ■ · ■ · ■ · ■ ■ ■ ■
■ ■ ■ ■ ■ 5 ■ 2 ■ ■ ■ 6 ■ · ■
■ 3 ■ 1 ■ ■ · ■ ■ 2 ■ · · ■ 2
2 ■ · ■ · ■ ■ ■ · ■ · ■ ■ ■ ·
■ · ■ 2 ■ 2 ■ · ■ 2 ■ 2 ■ · ■
■ ■ · ■ · ■ · ■ ■ ■ · ■ · ■ 2
2 ■ · ■ ■ 3 ■ ■ · ■ ■ 1 ■ 2 ■
■ · ■ 2 ■ ■ ■ 1 ■ 4 ■ ■ · ■ ·
· ■ · ■ · ■ · ■ · ■ ■ 1 ■ · ■
■ ■ ■ ■ ■ 1 ■ · ■ 4 ■ ■ 9 ■ ·
■ 1 ■ 5 ■ ■ · ■ · ■ · · ■ · ■
■ ■ · ■ 1 ■ ■ · ■ ■ ■ ■ ■ ■ 3
2 ■ 1 ■ · ■ · ■ 1 ■ · ■ · ■ ·
■ · ■ · ■ ■ ■ · ■ ■ ■ 2 ■ 1 ■
· ■ 1 ■ · 3 ■ ■ ■ 6 ■ ■ · ■ ·
■ · ■ · ■ ■ · ■ · ■ · ■ ■ ■ ■
■ ■ ■ ■ ■ 5 ■ 2 ■ ■ ■ 6 ■ · ■
■ 3 ■ 1 ■ ■ · ■ ■ 2 ■ · · ■ 2
2 ■ · ■ · ■ ■ ■ · ■ · ■ ■ ■ ·
■ · ■ 2 ■ 2 ■ · ■ 2 ■ 2 ■ · ■
■ ■ · ■ · ■ · ■ ■ ■ · ■ · ■ 2
2 ■ · ■ ■ 3 ■ ■ · ■ ■ 1 ■ 2 ■
■ · ■ 2 ■ ■ ■ 1 ■ 4 ■ ■ · ■ ·
· ■ · ■ · ■ · ■ · ■ ■ 1 ■ · ■
■ ■ ■ ■ ■ 1 ■ · ■ 4 ■ ■ 9 ■ ·
■ 1 ■ 5 ■ ■ · ■ · ■ · · ■ · ■
■ ■ · ■ 1 ■ ■ · ■ ■ ■ ■ ■ ■ 3
2 ■ 1 ■ · ■ · ■ 1 ■ · ■ · ■ ·
■ · ■ · ■ ■ ■ · ■ ■ ■ 2 ■ 1 ■
· ■ 1 ■ · 3 ■ ■ ■ 6 ■ ■ · ■ ·
■ · ■ · ■ ■ · ■ · ■ · ■ ■ ■ ■
■ ■ ■ ■ ■ 5 ■ 2 ■ ■ ■ 6 ■ · ■
■ 3 ■ 1 ■ ■ · ■ ■ 2 ■ · · ■ 2
2 ■ · ■ · ■ ■ ■ · ■ · ■ ■ ■ ·
■ · ■ 2 ■ 2 ■ · ■ 2 ■ 2 ■ · ■
■ ■ · ■ · ■ · ■ ■ ■ · ■ · ■ 2
2 ■ · ■ ■ 3 ■ ■ · ■ ■ 1 ■ 2 ■
■ · ■ 2 ■ ■ ■ 1 ■ 4 ■ ■ · ■ ·
· ■ · ■ · ■ · ■ · ■ ■ 1 ■ · ■
■ ■ ■ ■ ■ 1 ■ · ■ 4 ■ ■ 9 ■ ·
■ 1 ■ 5 ■ ■ · ■ · ■ · · ■ · ■
■ ■ · ■ 1 ■ ■ · ■ ■ ■ ■ ■ ■ 3
# Number of solutions found: 10
# CPU time: 2.858 s
================================= 162 =================================
# Encoding time: 0.04299 s
· ■ · ■ · · ■
■ 1 ■ · ■ ■ ■
■ ■ 4 ■ ■ 3 ■
· 3 ■ · ■ ■ ■
■ ■ ■ · ■ · ■
■ 5 ■ ■ ■ ■ ■
■ ■ ■ · ■ · ■
· ■ · ■ · · ■
■ 1 ■ · ■ ■ ■
■ ■ 4 ■ ■ 3 ■
· 3 ■ · ■ ■ ■
■ ■ ■ · ■ · ■
■ 5 ■ ■ ■ ■ ■
■ ■ ■ · ■ · ■
· ■ · ■ · · ■
■ 1 ■ · ■ ■ ■
■ ■ 4 ■ ■ 3 ■
· 3 ■ · ■ ■ ■
■ ■ ■ · ■ · ■
■ 5 ■ ■ ■ ■ ■
■ ■ ■ · ■ · ■
· ■ · ■ · · ■
■ 1 ■ · ■ ■ ■
■ ■ 4 ■ ■ 3 ■
· 3 ■ · ■ ■ ■
■ ■ ■ · ■ · ■
■ 5 ■ ■ ■ ■ ■
■ ■ ■ · ■ · ■
· ■ · ■ · · ■
■ 1 ■ · ■ ■ ■
■ ■ 4 ■ ■ 3 ■
· 3 ■ · ■ ■ ■
■ ■ ■ · ■ · ■
■ 5 ■ ■ ■ ■ ■
■ ■ ■ · ■ · ■
· ■ · ■ · · ■
■ 1 ■ · ■ ■ ■
■ ■ 4 ■ ■ 3 ■
· 3 ■ · ■ ■ ■
■ ■ ■ · ■ · ■
■ 5 ■ ■ ■ ■ ■
■ ■ ■ · ■ · ■
· ■ · ■ · · ■
■ 1 ■ · ■ ■ ■
■ ■ 4 ■ ■ 3 ■
· 3 ■ · ■ ■ ■
■ ■ ■ · ■ · ■
■ 5 ■ ■ ■ ■ ■
■ ■ ■ · ■ · ■
· ■ · ■ · · ■
■ 1 ■ · ■ ■ ■
■ ■ 4 ■ ■ 3 ■
· 3 ■ · ■ ■ ■
■ ■ ■ · ■ · ■
■ 5 ■ ■ ■ ■ ■
■ ■ ■ · ■ · ■
· ■ · ■ · · ■
■ 1 ■ · ■ ■ ■
■ ■ 4 ■ ■ 3 ■
· 3 ■ · ■ ■ ■
■ ■ ■ · ■ · ■
■ 5 ■ ■ ■ ■ ■
■ ■ ■ · ■ · ■
· ■ · ■ · · ■
■ 1 ■ · ■ ■ ■
■ ■ 4 ■ ■ 3 ■
· 3 ■ · ■ ■ ■
■ ■ ■ · ■ · ■
■ 5 ■ ■ ■ ■ ■
■ ■ ■ · ■ · ■
# Number of solutions found: 10
# CPU time: 0.05944 s
================================= 163 =================================
# Encoding time: 0.2468 s
· ■ · ■ · ■ 2 ■ · ■
■ · ■ 1 ■ · ■ ■ ■ ·
■ ■ · ■ · ■ ■ · ■ ■
■ 3 ■ 2 ■ 2 ■ ■ ■ ·
2 ■ · ■ · ■ ■ 3 · ■
■ ■ 2 ■ ■ · ■ ■ ■ 6
■ · ■ ■ 2 ■ 2 ■ 3 ■
■ ■ · ■ ■ ■ ■ ■ ■ ■
2 ■ ■ · · ■ 3 ■ · ■
■ ■ 2 ■ ■ · ■ · ■ ■
· ■ · ■ · ■ 2 ■ · ■
■ · ■ 1 ■ · ■ ■ ■ ·
■ ■ · ■ · ■ ■ · ■ ■
■ 3 ■ 2 ■ 2 ■ ■ ■ ·
2 ■ · ■ · ■ ■ 3 · ■
■ ■ 2 ■ ■ · ■ ■ ■ 6
■ · ■ ■ 2 ■ 2 ■ 3 ■
■ ■ · ■ ■ ■ ■ ■ ■ ■
2 ■ ■ · · ■ 3 ■ · ■
■ ■ 2 ■ ■ · ■ · ■ ■
· ■ · ■ · ■ 2 ■ · ■
■ · ■ 1 ■ · ■ ■ ■ ·
■ ■ · ■ · ■ ■ · ■ ■
■ 3 ■ 2 ■ 2 ■ ■ ■ ·
2 ■ · ■ · ■ ■ 3 · ■
■ ■ 2 ■ ■ · ■ ■ ■ 6
■ · ■ ■ 2 ■ 2 ■ 3 ■
■ ■ · ■ ■ ■ ■ ■ ■ ■
2 ■ ■ · · ■ 3 ■ · ■
■ ■ 2 ■ ■ · ■ · ■ ■
· ■ · ■ · ■ 2 ■ · ■
■ · ■ 1 ■ · ■ ■ ■ ·
■ ■ · ■ · ■ ■ · ■ ■
■ 3 ■ 2 ■ 2 ■ ■ ■ ·
2 ■ · ■ · ■ ■ 3 · ■
■ ■ 2 ■ ■ · ■ ■ ■ 6
■ · ■ ■ 2 ■ 2 ■ 3 ■
■ ■ · ■ ■ ■ ■ ■ ■ ■
2 ■ ■ · · ■ 3 ■ · ■
■ ■ 2 ■ ■ · ■ · ■ ■
· ■ · ■ · ■ 2 ■ · ■
■ · ■ 1 ■ · ■ ■ ■ ·
■ ■ · ■ · ■ ■ · ■ ■
■ 3 ■ 2 ■ 2 ■ ■ ■ ·
2 ■ · ■ · ■ ■ 3 · ■
■ ■ 2 ■ ■ · ■ ■ ■ 6
■ · ■ ■ 2 ■ 2 ■ 3 ■
■ ■ · ■ ■ ■ ■ ■ ■ ■
2 ■ ■ · · ■ 3 ■ · ■
■ ■ 2 ■ ■ · ■ · ■ ■
· ■ · ■ · ■ 2 ■ · ■
■ · ■ 1 ■ · ■ ■ ■ ·
■ ■ · ■ · ■ ■ · ■ ■
■ 3 ■ 2 ■ 2 ■ ■ ■ ·
2 ■ · ■ · ■ ■ 3 · ■
■ ■ 2 ■ ■ · ■ ■ ■ 6
■ · ■ ■ 2 ■ 2 ■ 3 ■
■ ■ · ■ ■ ■ ■ ■ ■ ■
2 ■ ■ · · ■ 3 ■ · ■
■ ■ 2 ■ ■ · ■ · ■ ■
· ■ · ■ · ■ 2 ■ · ■
■ · ■ 1 ■ · ■ ■ ■ ·
■ ■ · ■ · ■ ■ · ■ ■
■ 3 ■ 2 ■ 2 ■ ■ ■ ·
2 ■ · ■ · ■ ■ 3 · ■
■ ■ 2 ■ ■ · ■ ■ ■ 6
■ · ■ ■ 2 ■ 2 ■ 3 ■
■ ■ · ■ ■ ■ ■ ■ ■ ■
2 ■ ■ · · ■ 3 ■ · ■
■ ■ 2 ■ ■ · ■ · ■ ■
· ■ · ■ · ■ 2 ■ · ■
■ · ■ 1 ■ · ■ ■ ■ ·
■ ■ · ■ · ■ ■ · ■ ■
■ 3 ■ 2 ■ 2 ■ ■ ■ ·
2 ■ · ■ · ■ ■ 3 · ■
■ ■ 2 ■ ■ · ■ ■ ■ 6
■ · ■ ■ 2 ■ 2 ■ 3 ■
■ ■ · ■ ■ ■ ■ ■ ■ ■
2 ■ ■ · · ■ 3 ■ · ■
■ ■ 2 ■ ■ · ■ · ■ ■
· ■ · ■ · ■ 2 ■ · ■
■ · ■ 1 ■ · ■ ■ ■ ·
■ ■ · ■ · ■ ■ · ■ ■
■ 3 ■ 2 ■ 2 ■ ■ ■ ·
2 ■ · ■ · ■ ■ 3 · ■
■ ■ 2 ■ ■ · ■ ■ ■ 6
■ · ■ ■ 2 ■ 2 ■ 3 ■
■ ■ · ■ ■ ■ ■ ■ ■ ■
2 ■ ■ · · ■ 3 ■ · ■
■ ■ 2 ■ ■ · ■ · ■ ■
· ■ · ■ · ■ 2 ■ · ■
■ · ■ 1 ■ · ■ ■ ■ ·
■ ■ · ■ · ■ ■ · ■ ■
■ 3 ■ 2 ■ 2 ■ ■ ■ ·
2 ■ · ■ · ■ ■ 3 · ■
■ ■ 2 ■ ■ · ■ ■ ■ 6
■ · ■ ■ 2 ■ 2 ■ 3 ■
■ ■ · ■ ■ ■ ■ ■ ■ ■
2 ■ ■ · · ■ 3 ■ · ■
■ ■ 2 ■ ■ · ■ · ■ ■
# Number of solutions found: 10
# CPU time: 0.3422 s
================================= 164 =================================
# Encoding time: 0.2011 s
· ■ · ■ · · ■ ■ ■ 1
5 · ■ 3 ■ ■ ■ 1 ■ ■
■ ■ · ■ ■ · ■ ■ ■ ·
7 ■ ■ · 4 ■ · ■ · ■
· ■ · ■ ■ · ■ · ■ ·
■ 1 ■ · ■ ■ ■ ■ ■ ■
■ ■ ■ ■ · ■ 1 ■ 5 ·
7 ■ · ■ ■ · ■ 3 ■ ■
■ · ■ · · ■ · ■ · ■
4 ■ · ■ · ■ ■ · ■ ·
· ■ · ■ · · ■ ■ ■ 1
5 · ■ 3 ■ ■ ■ 1 ■ ■
■ ■ · ■ ■ · ■ ■ ■ ·
7 ■ ■ · 4 ■ · ■ · ■
· ■ · ■ ■ · ■ · ■ ·
■ 1 ■ · ■ ■ ■ ■ ■ ■
■ ■ ■ ■ · ■ 1 ■ 5 ·
7 ■ · ■ ■ · ■ 3 ■ ■
■ · ■ · · ■ · ■ · ■
4 ■ · ■ · ■ ■ · ■ ·
· ■ · ■ · · ■ ■ ■ 1
5 · ■ 3 ■ ■ ■ 1 ■ ■
■ ■ · ■ ■ · ■ ■ ■ ·
7 ■ ■ · 4 ■ · ■ · ■
· ■ · ■ ■ · ■ · ■ ·
■ 1 ■ · ■ ■ ■ ■ ■ ■
■ ■ ■ ■ · ■ 1 ■ 5 ·
7 ■ · ■ ■ · ■ 3 ■ ■
■ · ■ · · ■ · ■ · ■
4 ■ · ■ · ■ ■ · ■ ·
· ■ · ■ · · ■ ■ ■ 1
5 · ■ 3 ■ ■ ■ 1 ■ ■
■ ■ · ■ ■ · ■ ■ ■ ·
7 ■ ■ · 4 ■ · ■ · ■
· ■ · ■ ■ · ■ · ■ ·
■ 1 ■ · ■ ■ ■ ■ ■ ■
■ ■ ■ ■ · ■ 1 ■ 5 ·
7 ■ · ■ ■ · ■ 3 ■ ■
■ · ■ · · ■ · ■ · ■
4 ■ · ■ · ■ ■ · ■ ·
· ■ · ■ · · ■ ■ ■ 1
5 · ■ 3 ■ ■ ■ 1 ■ ■
■ ■ · ■ ■ · ■ ■ ■ ·
7 ■ ■ · 4 ■ · ■ · ■
· ■ · ■ ■ · ■ · ■ ·
■ 1 ■ · ■ ■ ■ ■ ■ ■
■ ■ ■ ■ · ■ 1 ■ 5 ·
7 ■ · ■ ■ · ■ 3 ■ ■
■ · ■ · · ■ · ■ · ■
4 ■ · ■ · ■ ■ · ■ ·
· ■ · ■ · · ■ ■ ■ 1
5 · ■ 3 ■ ■ ■ 1 ■ ■
■ ■ · ■ ■ · ■ ■ ■ ·
7 ■ ■ · 4 ■ · ■ · ■
· ■ · ■ ■ · ■ · ■ ·
■ 1 ■ · ■ ■ ■ ■ ■ ■
■ ■ ■ ■ · ■ 1 ■ 5 ·
7 ■ · ■ ■ · ■ 3 ■ ■
■ · ■ · · ■ · ■ · ■
4 ■ · ■ · ■ ■ · ■ ·
· ■ · ■ · · ■ ■ ■ 1
5 · ■ 3 ■ ■ ■ 1 ■ ■
■ ■ · ■ ■ · ■ ■ ■ ·
7 ■ ■ · 4 ■ · ■ · ■
· ■ · ■ ■ · ■ · ■ ·
■ 1 ■ · ■ ■ ■ ■ ■ ■
■ ■ ■ ■ · ■ 1 ■ 5 ·
7 ■ · ■ ■ · ■ 3 ■ ■
■ · ■ · · ■ · ■ · ■
4 ■ · ■ · ■ ■ · ■ ·
· ■ · ■ · · ■ ■ ■ 1
5 · ■ 3 ■ ■ ■ 1 ■ ■
■ ■ · ■ ■ · ■ ■ ■ ·
7 ■ ■ · 4 ■ · ■ · ■
· ■ · ■ ■ · ■ · ■ ·
■ 1 ■ · ■ ■ ■ ■ ■ ■
■ ■ ■ ■ · ■ 1 ■ 5 ·
7 ■ · ■ ■ · ■ 3 ■ ■
■ · ■ · · ■ · ■ · ■
4 ■ · ■ · ■ ■ · ■ ·
· ■ · ■ · · ■ ■ ■ 1
5 · ■ 3 ■ ■ ■ 1 ■ ■
■ ■ · ■ ■ · ■ ■ ■ ·
7 ■ ■ · 4 ■ · ■ · ■
· ■ · ■ ■ · ■ · ■ ·
■ 1 ■ · ■ ■ ■ ■ ■ ■
■ ■ ■ ■ · ■ 1 ■ 5 ·
7 ■ · ■ ■ · ■ 3 ■ ■
■ · ■ · · ■ · ■ · ■
4 ■ · ■ · ■ ■ · ■ ·
· ■ · ■ · · ■ ■ ■ 1
5 · ■ 3 ■ ■ ■ 1 ■ ■
■ ■ · ■ ■ · ■ ■ ■ ·
7 ■ ■ · 4 ■ · ■ · ■
· ■ · ■ ■ · ■ · ■ ·
■ 1 ■ · ■ ■ ■ ■ ■ ■
■ ■ ■ ■ · ■ 1 ■ 5 ·
7 ■ · ■ ■ · ■ 3 ■ ■
■ · ■ · · ■ · ■ · ■
4 ■ · ■ · ■ ■ · ■ ·
# Number of solutions found: 10
# CPU time: 0.2865 s
================================= 165 =================================
# Encoding time: 0.06671 s
· ■ · ■ ■ 4 ·
4 ■ · ■ 2 ■ ■
■ 2 ■ ■ · ■ ·
· ■ · · ■ · ■
■ · ■ ■ ■ 2 ■
· ■ 2 ■ · ■ 4
■ 4 ■ · ■ · ·
· ■ · ■ ■ 4 ·
4 ■ · ■ 2 ■ ■
■ 2 ■ ■ · ■ ·
· ■ · · ■ · ■
■ · ■ ■ ■ 2 ■
· ■ 2 ■ · ■ 4
■ 4 ■ · ■ · ·
· ■ · ■ ■ 4 ·
4 ■ · ■ 2 ■ ■
■ 2 ■ ■ · ■ ·
· ■ · · ■ · ■
■ · ■ ■ ■ 2 ■
· ■ 2 ■ · ■ 4
■ 4 ■ · ■ · ·
· ■ · ■ ■ 4 ·
4 ■ · ■ 2 ■ ■
■ 2 ■ ■ · ■ ·
· ■ · · ■ · ■
■ · ■ ■ ■ 2 ■
· ■ 2 ■ · ■ 4
■ 4 ■ · ■ · ·
· ■ · ■ ■ 4 ·
4 ■ · ■ 2 ■ ■
■ 2 ■ ■ · ■ ·
· ■ · · ■ · ■
■ · ■ ■ ■ 2 ■
· ■ 2 ■ · ■ 4
■ 4 ■ · ■ · ·
· ■ · ■ ■ 4 ·
4 ■ · ■ 2 ■ ■
■ 2 ■ ■ · ■ ·
· ■ · · ■ · ■
■ · ■ ■ ■ 2 ■
· ■ 2 ■ · ■ 4
■ 4 ■ · ■ · ·
· ■ · ■ ■ 4 ·
4 ■ · ■ 2 ■ ■
■ 2 ■ ■ · ■ ·
· ■ · · ■ · ■
■ · ■ ■ ■ 2 ■
· ■ 2 ■ · ■ 4
■ 4 ■ · ■ · ·
· ■ · ■ ■ 4 ·
4 ■ · ■ 2 ■ ■
■ 2 ■ ■ · ■ ·
· ■ · · ■ · ■
■ · ■ ■ ■ 2 ■
· ■ 2 ■ · ■ 4
■ 4 ■ · ■ · ·
· ■ · ■ ■ 4 ·
4 ■ · ■ 2 ■ ■
■ 2 ■ ■ · ■ ·
· ■ · · ■ · ■
■ · ■ ■ ■ 2 ■
· ■ 2 ■ · ■ 4
■ 4 ■ · ■ · ·
· ■ · ■ ■ 4 ·
4 ■ · ■ 2 ■ ■
■ 2 ■ ■ · ■ ·
· ■ · · ■ · ■
■ · ■ ■ ■ 2 ■
· ■ 2 ■ · ■ 4
■ 4 ■ · ■ · ·
# Number of solutions found: 10
# CPU time: 0.08201 s
================================= 166 =================================
# Encoding time: 0.02258 s
· 4 ■ 2 ·
· ■ · ■ ■
· ■ ■ · 3
■ · ■ ■ ·
■ 2 ■ 2 ■
· 4 ■ 2 ·
· ■ · ■ ■
· ■ ■ · 3
■ · ■ ■ ·
■ 2 ■ 2 ■
· 4 ■ 2 ·
· ■ · ■ ■
· ■ ■ · 3
■ · ■ ■ ·
■ 2 ■ 2 ■
· 4 ■ 2 ·
· ■ · ■ ■
· ■ ■ · 3
■ · ■ ■ ·
■ 2 ■ 2 ■
· 4 ■ 2 ·
· ■ · ■ ■
· ■ ■ · 3
■ · ■ ■ ·
■ 2 ■ 2 ■
· 4 ■ 2 ·
· ■ · ■ ■
· ■ ■ · 3
■ · ■ ■ ·
■ 2 ■ 2 ■
· 4 ■ 2 ·
· ■ · ■ ■
· ■ ■ · 3
■ · ■ ■ ·
■ 2 ■ 2 ■
· 4 ■ 2 ·
· ■ · ■ ■
· ■ ■ · 3
■ · ■ ■ ·
■ 2 ■ 2 ■
· 4 ■ 2 ·
· ■ · ■ ■
· ■ ■ · 3
■ · ■ ■ ·
■ 2 ■ 2 ■
· 4 ■ 2 ·
· ■ · ■ ■
· ■ ■ · 3
■ · ■ ■ ·
■ 2 ■ 2 ■
# Number of solutions found: 10
# CPU time: 0.02796 s
================================= 167 =================================
# Encoding time: 0.1668 s
· ■ · ■ · · ■ ■ · ■
■ 5 ■ ■ ■ ■ · · ■ 4
4 ■ ■ · ■ · ■ ■ 2 ■
■ · ■ ■ · ■ ■ · ■ ·
· ■ · ■ ■ ■ · ■ · ■
■ 9 ■ ■ · · ■ · ■ 3
3 ■ · · ■ ■ · ■ 5 ■
■ · · ■ · · ■ · ■ ·
· ■ · · ■ · ■ ■ · ■
■ 5 ■ ■ · ■ · · ■ 7
· ■ · ■ · · ■ ■ · ■
■ 5 ■ ■ ■ ■ · · ■ 4
4 ■ ■ · ■ · ■ ■ 2 ■
■ · ■ ■ · ■ ■ · ■ ·
· ■ · ■ ■ ■ · ■ · ■
■ 9 ■ ■ · · ■ · ■ 3
3 ■ · · ■ ■ · ■ 5 ■
■ · · ■ · · ■ · ■ ·
· ■ · · ■ · ■ ■ · ■
■ 5 ■ ■ · ■ · · ■ 7
· ■ · ■ · · ■ ■ · ■
■ 5 ■ ■ ■ ■ · · ■ 4
4 ■ ■ · ■ · ■ ■ 2 ■
■ · ■ ■ · ■ ■ · ■ ·
· ■ · ■ ■ ■ · ■ · ■
■ 9 ■ ■ · · ■ · ■ 3
3 ■ · · ■ ■ · ■ 5 ■
■ · · ■ · · ■ · ■ ·
· ■ · · ■ · ■ ■ · ■
■ 5 ■ ■ · ■ · · ■ 7
· ■ · ■ · · ■ ■ · ■
■ 5 ■ ■ ■ ■ · · ■ 4
4 ■ ■ · ■ · ■ ■ 2 ■
■ · ■ ■ · ■ ■ · ■ ·
· ■ · ■ ■ ■ · ■ · ■
■ 9 ■ ■ · · ■ · ■ 3
3 ■ · · ■ ■ · ■ 5 ■
■ · · ■ · · ■ · ■ ·
· ■ · · ■ · ■ ■ · ■
■ 5 ■ ■ · ■ · · ■ 7
· ■ · ■ · · ■ ■ · ■
■ 5 ■ ■ ■ ■ · · ■ 4
4 ■ ■ · ■ · ■ ■ 2 ■
■ · ■ ■ · ■ ■ · ■ ·
· ■ · ■ ■ ■ · ■ · ■
■ 9 ■ ■ · · ■ · ■ 3
3 ■ · · ■ ■ · ■ 5 ■
■ · · ■ · · ■ · ■ ·
· ■ · · ■ · ■ ■ · ■
■ 5 ■ ■ · ■ · · ■ 7
· ■ · ■ · · ■ ■ · ■
■ 5 ■ ■ ■ ■ · · ■ 4
4 ■ ■ · ■ · ■ ■ 2 ■
■ · ■ ■ · ■ ■ · ■ ·
· ■ · ■ ■ ■ · ■ · ■
■ 9 ■ ■ · · ■ · ■ 3
3 ■ · · ■ ■ · ■ 5 ■
■ · · ■ · · ■ · ■ ·
· ■ · · ■ · ■ ■ · ■
■ 5 ■ ■ · ■ · · ■ 7
· ■ · ■ · · ■ ■ · ■
■ 5 ■ ■ ■ ■ · · ■ 4
4 ■ ■ · ■ · ■ ■ 2 ■
■ · ■ ■ · ■ ■ · ■ ·
· ■ · ■ ■ ■ · ■ · ■
■ 9 ■ ■ · · ■ · ■ 3
3 ■ · · ■ ■ · ■ 5 ■
■ · · ■ · · ■ · ■ ·
· ■ · · ■ · ■ ■ · ■
■ 5 ■ ■ · ■ · · ■ 7
· ■ · ■ · · ■ ■ · ■
■ 5 ■ ■ ■ ■ · · ■ 4
4 ■ ■ · ■ · ■ ■ 2 ■
■ · ■ ■ · ■ ■ · ■ ·
· ■ · ■ ■ ■ · ■ · ■
■ 9 ■ ■ · · ■ · ■ 3
3 ■ · · ■ ■ · ■ 5 ■
■ · · ■ · · ■ · ■ ·
· ■ · · ■ · ■ ■ · ■
■ 5 ■ ■ · ■ · · ■ 7
· ■ · ■ · · ■ ■ · ■
■ 5 ■ ■ ■ ■ · · ■ 4
4 ■ ■ · ■ · ■ ■ 2 ■
■ · ■ ■ · ■ ■ · ■ ·
· ■ · ■ ■ ■ · ■ · ■
■ 9 ■ ■ · · ■ · ■ 3
3 ■ · · ■ ■ · ■ 5 ■
■ · · ■ · · ■ · ■ ·
· ■ · · ■ · ■ ■ · ■
■ 5 ■ ■ · ■ · · ■ 7
· ■ · ■ · · ■ ■ · ■
■ 5 ■ ■ ■ ■ · · ■ 4
4 ■ ■ · ■ · ■ ■ 2 ■
■ · ■ ■ · ■ ■ · ■ ·
· ■ · ■ ■ ■ · ■ · ■
■ 9 ■ ■ · · ■ · ■ 3
3 ■ · · ■ ■ · ■ 5 ■
■ · · ■ · · ■ · ■ ·
· ■ · · ■ · ■ ■ · ■
■ 5 ■ ■ · ■ · · ■ 7
# Number of solutions found: 10
# CPU time: 0.2728 s
================================= 168 =================================
# Encoding time: 0.02095 s
· ■ 4 ■ ?
■ · ■ · ■
1 ■ · ■ ·
■ · ■ · ■
· ■ 4 ■ 1
· ■ 4 ■ ?
■ · ■ · ■
1 ■ · ■ ·
■ · ■ · ■
· ■ 4 ■ 1
· ■ 4 ■ ?
■ · ■ · ■
1 ■ · ■ ·
■ · ■ · ■
· ■ 4 ■ 1
· ■ 4 ■ ?
■ · ■ · ■
1 ■ · ■ ·
■ · ■ · ■
· ■ 4 ■ 1
· ■ 4 ■ ?
■ · ■ · ■
1 ■ · ■ ·
■ · ■ · ■
· ■ 4 ■ 1
· ■ 4 ■ ?
■ · ■ · ■
1 ■ · ■ ·
■ · ■ · ■
· ■ 4 ■ 1
· ■ 4 ■ ?
■ · ■ · ■
1 ■ · ■ ·
■ · ■ · ■
· ■ 4 ■ 1
· ■ 4 ■ ?
■ · ■ · ■
1 ■ · ■ ·
■ · ■ · ■
· ■ 4 ■ 1
· ■ 4 ■ ?
■ · ■ · ■
1 ■ · ■ ·
■ · ■ · ■
· ■ 4 ■ 1
· ■ 4 ■ ?
■ · ■ · ■
1 ■ · ■ ·
■ · ■ · ■
· ■ 4 ■ 1
# Number of solutions found: 10
# CPU time: 0.02726 s
================================= 169 =================================
# Encoding time: 0.04823 s
2 ■ · 6 · ■
■ · ■ · ■ ·
1 ■ 1 ■ · ■
■ · ■ 1 ■ 1
· ■ · ■ · ■
■ ■ 4 ■ ■ 2
2 ■ · 6 · ■
■ · ■ · ■ ·
1 ■ 1 ■ · ■
■ · ■ 1 ■ 1
· ■ · ■ · ■
■ ■ 4 ■ ■ 2
2 ■ · 6 · ■
■ · ■ · ■ ·
1 ■ 1 ■ · ■
■ · ■ 1 ■ 1
· ■ · ■ · ■
■ ■ 4 ■ ■ 2
2 ■ · 6 · ■
■ · ■ · ■ ·
1 ■ 1 ■ · ■
■ · ■ 1 ■ 1
· ■ · ■ · ■
■ ■ 4 ■ ■ 2
2 ■ · 6 · ■
■ · ■ · ■ ·
1 ■ 1 ■ · ■
■ · ■ 1 ■ 1
· ■ · ■ · ■
■ ■ 4 ■ ■ 2
2 ■ · 6 · ■
■ · ■ · ■ ·
1 ■ 1 ■ · ■
■ · ■ 1 ■ 1
· ■ · ■ · ■
■ ■ 4 ■ ■ 2
2 ■ · 6 · ■
■ · ■ · ■ ·
1 ■ 1 ■ · ■
■ · ■ 1 ■ 1
· ■ · ■ · ■
■ ■ 4 ■ ■ 2
2 ■ · 6 · ■
■ · ■ · ■ ·
1 ■ 1 ■ · ■
■ · ■ 1 ■ 1
· ■ · ■ · ■
■ ■ 4 ■ ■ 2
2 ■ · 6 · ■
■ · ■ · ■ ·
1 ■ 1 ■ · ■
■ · ■ 1 ■ 1
· ■ · ■ · ■
■ ■ 4 ■ ■ 2
2 ■ · 6 · ■
■ · ■ · ■ ·
1 ■ 1 ■ · ■
■ · ■ 1 ■ 1
· ■ · ■ · ■
■ ■ 4 ■ ■ 2
# Number of solutions found: 10
# CPU time: 0.06086 s
================================= 170 =================================
# Encoding time: 0.0263 s
■ · ■ · ■ ■
■ ■ 5 ■ ■ ·
■ · ■ 2 ■ ■
■ ■ 3 ■ ■ ·
· ■ ■ 2 ■ ■
■ · ■ ■ · ■
■ · ■ · ■ ■
■ ■ 5 ■ ■ ·
■ · ■ 2 ■ ■
■ ■ 3 ■ ■ ·
· ■ ■ 2 ■ ■
■ · ■ ■ · ■
■ · ■ · ■ ■
■ ■ 5 ■ ■ ·
■ · ■ 2 ■ ■
■ ■ 3 ■ ■ ·
· ■ ■ 2 ■ ■
■ · ■ ■ · ■
■ · ■ · ■ ■
■ ■ 5 ■ ■ ·
■ · ■ 2 ■ ■
■ ■ 3 ■ ■ ·
· ■ ■ 2 ■ ■
■ · ■ ■ · ■
■ · ■ · ■ ■
■ ■ 5 ■ ■ ·
■ · ■ 2 ■ ■
■ ■ 3 ■ ■ ·
· ■ ■ 2 ■ ■
■ · ■ ■ · ■
■ · ■ · ■ ■
■ ■ 5 ■ ■ ·
■ · ■ 2 ■ ■
■ ■ 3 ■ ■ ·
· ■ ■ 2 ■ ■
■ · ■ ■ · ■
■ · ■ · ■ ■
■ ■ 5 ■ ■ ·
■ · ■ 2 ■ ■
■ ■ 3 ■ ■ ·
· ■ ■ 2 ■ ■
■ · ■ ■ · ■
■ · ■ · ■ ■
■ ■ 5 ■ ■ ·
■ · ■ 2 ■ ■
■ ■ 3 ■ ■ ·
· ■ ■ 2 ■ ■
■ · ■ ■ · ■
■ · ■ · ■ ■
■ ■ 5 ■ ■ ·
■ · ■ 2 ■ ■
■ ■ 3 ■ ■ ·
· ■ ■ 2 ■ ■
■ · ■ ■ · ■
■ · ■ · ■ ■
■ ■ 5 ■ ■ ·
■ · ■ 2 ■ ■
■ ■ 3 ■ ■ ·
· ■ ■ 2 ■ ■
■ · ■ ■ · ■
# Number of solutions found: 10
# CPU time: 0.03305 s
================================= 171 =================================
# Encoding time: 0.05101 s
· ■ · ■ 5 ■ ·
■ · ■ ■ ■ 1 ■
· ■ ■ · ■ ■ ·
· ■ 3 ■ 4 · ■
■ ■ ■ ■ · ■ ·
■ 2 ■ · ■ · ■
· ■ 6 ■ ■ ■ ·
· ■ · ■ 5 ■ ·
■ · ■ ■ ■ 1 ■
· ■ ■ · ■ ■ ·
· ■ 3 ■ 4 · ■
■ ■ ■ ■ · ■ ·
■ 2 ■ · ■ · ■
· ■ 6 ■ ■ ■ ·
· ■ · ■ 5 ■ ·
■ · ■ ■ ■ 1 ■
· ■ ■ · ■ ■ ·
· ■ 3 ■ 4 · ■
■ ■ ■ ■ · ■ ·
■ 2 ■ · ■ · ■
· ■ 6 ■ ■ ■ ·
· ■ · ■ 5 ■ ·
■ · ■ ■ ■ 1 ■
· ■ ■ · ■ ■ ·
· ■ 3 ■ 4 · ■
■ ■ ■ ■ · ■ ·
■ 2 ■ · ■ · ■
· ■ 6 ■ ■ ■ ·
· ■ · ■ 5 ■ ·
■ · ■ ■ ■ 1 ■
· ■ ■ · ■ ■ ·
· ■ 3 ■ 4 · ■
■ ■ ■ ■ · ■ ·
■ 2 ■ · ■ · ■
· ■ 6 ■ ■ ■ ·
· ■ · ■ 5 ■ ·
■ · ■ ■ ■ 1 ■
· ■ ■ · ■ ■ ·
· ■ 3 ■ 4 · ■
■ ■ ■ ■ · ■ ·
■ 2 ■ · ■ · ■
· ■ 6 ■ ■ ■ ·
· ■ · ■ 5 ■ ·
■ · ■ ■ ■ 1 ■
· ■ ■ · ■ ■ ·
· ■ 3 ■ 4 · ■
■ ■ ■ ■ · ■ ·
■ 2 ■ · ■ · ■
· ■ 6 ■ ■ ■ ·
· ■ · ■ 5 ■ ·
■ · ■ ■ ■ 1 ■
· ■ ■ · ■ ■ ·
· ■ 3 ■ 4 · ■
■ ■ ■ ■ · ■ ·
■ 2 ■ · ■ · ■
· ■ 6 ■ ■ ■ ·
· ■ · ■ 5 ■ ·
■ · ■ ■ ■ 1 ■
· ■ ■ · ■ ■ ·
· ■ 3 ■ 4 · ■
■ ■ ■ ■ · ■ ·
■ 2 ■ · ■ · ■
· ■ 6 ■ ■ ■ ·
· ■ · ■ 5 ■ ·
■ · ■ ■ ■ 1 ■
· ■ ■ · ■ ■ ·
· ■ 3 ■ 4 · ■
■ ■ ■ ■ · ■ ·
■ 2 ■ · ■ · ■
· ■ 6 ■ ■ ■ ·
# Number of solutions found: 10
# CPU time: 0.07118 s
================================= 172 =================================
# Encoding time: 0.01856 s
· ■ · ■ ·
■ · ■ ■ ■
6 ■ 1 ■ ·
· · ■ · ■
■ ■ 2 ■ 3
· ■ · ■ ·
■ · ■ ■ ■
6 ■ 1 ■ ·
· · ■ · ■
■ ■ 2 ■ 3
· ■ · ■ ·
■ · ■ ■ ■
6 ■ 1 ■ ·
· · ■ · ■
■ ■ 2 ■ 3
· ■ · ■ ·
■ · ■ ■ ■
6 ■ 1 ■ ·
· · ■ · ■
■ ■ 2 ■ 3
· ■ · ■ ·
■ · ■ ■ ■
6 ■ 1 ■ ·
· · ■ · ■
■ ■ 2 ■ 3
· ■ · ■ ·
■ · ■ ■ ■
6 ■ 1 ■ ·
· · ■ · ■
■ ■ 2 ■ 3
· ■ · ■ ·
■ · ■ ■ ■
6 ■ 1 ■ ·
· · ■ · ■
■ ■ 2 ■ 3
· ■ · ■ ·
■ · ■ ■ ■
6 ■ 1 ■ ·
· · ■ · ■
■ ■ 2 ■ 3
· ■ · ■ ·
■ · ■ ■ ■
6 ■ 1 ■ ·
· · ■ · ■
■ ■ 2 ■ 3
· ■ · ■ ·
■ · ■ ■ ■
6 ■ 1 ■ ·
· · ■ · ■
■ ■ 2 ■ 3
# Number of solutions found: 10
# CPU time: 0.02532 s
================================= 173 =================================
# Encoding time: 0.05677 s
■ · ■ ■ 2 ■ ·
■ · · · ■ 1 ■
3 ■ ■ · ■ ■ ·
■ · ■ ■ · ■ ■
■ ■ ■ · ■ ■ 2
■ 2 ■ · ■ 1 ■
■ ■ 7 ■ ■ ■ ■
■ · ■ ■ 2 ■ ·
■ · · · ■ 1 ■
3 ■ ■ · ■ ■ ·
■ · ■ ■ · ■ ■
■ ■ ■ · ■ ■ 2
■ 2 ■ · ■ 1 ■
■ ■ 7 ■ ■ ■ ■
■ · ■ ■ 2 ■ ·
■ · · · ■ 1 ■
3 ■ ■ · ■ ■ ·
■ · ■ ■ · ■ ■
■ ■ ■ · ■ ■ 2
■ 2 ■ · ■ 1 ■
■ ■ 7 ■ ■ ■ ■
■ · ■ ■ 2 ■ ·
■ · · · ■ 1 ■
3 ■ ■ · ■ ■ ·
■ · ■ ■ · ■ ■
■ ■ ■ · ■ ■ 2
■ 2 ■ · ■ 1 ■
■ ■ 7 ■ ■ ■ ■
■ · ■ ■ 2 ■ ·
■ · · · ■ 1 ■
3 ■ ■ · ■ ■ ·
■ · ■ ■ · ■ ■
■ ■ ■ · ■ ■ 2
■ 2 ■ · ■ 1 ■
■ ■ 7 ■ ■ ■ ■
■ · ■ ■ 2 ■ ·
■ · · · ■ 1 ■
3 ■ ■ · ■ ■ ·
■ · ■ ■ · ■ ■
■ ■ ■ · ■ ■ 2
■ 2 ■ · ■ 1 ■
■ ■ 7 ■ ■ ■ ■
■ · ■ ■ 2 ■ ·
■ · · · ■ 1 ■
3 ■ ■ · ■ ■ ·
■ · ■ ■ · ■ ■
■ ■ ■ · ■ ■ 2
■ 2 ■ · ■ 1 ■
■ ■ 7 ■ ■ ■ ■
■ · ■ ■ 2 ■ ·
■ · · · ■ 1 ■
3 ■ ■ · ■ ■ ·
■ · ■ ■ · ■ ■
■ ■ ■ · ■ ■ 2
■ 2 ■ · ■ 1 ■
■ ■ 7 ■ ■ ■ ■
■ · ■ ■ 2 ■ ·
■ · · · ■ 1 ■
3 ■ ■ · ■ ■ ·
■ · ■ ■ · ■ ■
■ ■ ■ · ■ ■ 2
■ 2 ■ · ■ 1 ■
■ ■ 7 ■ ■ ■ ■
■ · ■ ■ 2 ■ ·
■ · · · ■ 1 ■
3 ■ ■ · ■ ■ ·
■ · ■ ■ · ■ ■
■ ■ ■ · ■ ■ 2
■ 2 ■ · ■ 1 ■
■ ■ 7 ■ ■ ■ ■
# Number of solutions found: 10
# CPU time: 0.07311 s
================================= 174 =================================
# Encoding time: 0.04356 s
■ ■ · ■ 7 ■ ·
2 ■ ■ · ■ 1 ■
■ ■ · ■ 2 ■ ■
· ■ ■ ■ · ■ ·
■ · ■ · ■ · ■
· ■ 8 ■ · ■ ■
■ ■ ■ · ■ · ·
■ ■ · ■ 7 ■ ·
2 ■ ■ · ■ 1 ■
■ ■ · ■ 2 ■ ■
· ■ ■ ■ · ■ ·
■ · ■ · ■ · ■
· ■ 8 ■ · ■ ■
■ ■ ■ · ■ · ·
■ ■ · ■ 7 ■ ·
2 ■ ■ · ■ 1 ■
■ ■ · ■ 2 ■ ■
· ■ ■ ■ · ■ ·
■ · ■ · ■ · ■
· ■ 8 ■ · ■ ■
■ ■ ■ · ■ · ·
■ ■ · ■ 7 ■ ·
2 ■ ■ · ■ 1 ■
■ ■ · ■ 2 ■ ■
· ■ ■ ■ · ■ ·
■ · ■ · ■ · ■
· ■ 8 ■ · ■ ■
■ ■ ■ · ■ · ·
■ ■ · ■ 7 ■ ·
2 ■ ■ · ■ 1 ■
■ ■ · ■ 2 ■ ■
· ■ ■ ■ · ■ ·
■ · ■ · ■ · ■
· ■ 8 ■ · ■ ■
■ ■ ■ · ■ · ·
■ ■ · ■ 7 ■ ·
2 ■ ■ · ■ 1 ■
■ ■ · ■ 2 ■ ■
· ■ ■ ■ · ■ ·
■ · ■ · ■ · ■
· ■ 8 ■ · ■ ■
■ ■ ■ · ■ · ·
■ ■ · ■ 7 ■ ·
2 ■ ■ · ■ 1 ■
■ ■ · ■ 2 ■ ■
· ■ ■ ■ · ■ ·
■ · ■ · ■ · ■
· ■ 8 ■ · ■ ■
■ ■ ■ · ■ · ·
■ ■ · ■ 7 ■ ·
2 ■ ■ · ■ 1 ■
■ ■ · ■ 2 ■ ■
· ■ ■ ■ · ■ ·
■ · ■ · ■ · ■
· ■ 8 ■ · ■ ■
■ ■ ■ · ■ · ·
■ ■ · ■ 7 ■ ·
2 ■ ■ · ■ 1 ■
■ ■ · ■ 2 ■ ■
· ■ ■ ■ · ■ ·
■ · ■ · ■ · ■
· ■ 8 ■ · ■ ■
■ ■ ■ · ■ · ·
■ ■ · ■ 7 ■ ·
2 ■ ■ · ■ 1 ■
■ ■ · ■ 2 ■ ■
· ■ ■ ■ · ■ ·
■ · ■ · ■ · ■
· ■ 8 ■ · ■ ■
■ ■ ■ · ■ · ·
# Number of solutions found: 10
# CPU time: 0.06457 s
================================= 175 =================================
# Encoding time: 0.08445 s
B · · ■ 1 ■ · · ·
■ · · ■ ■ · ■ · ·
B ■ ■ · · ■ · ■ ■
■ · · ■ · · ■ · A
· ■ ■ · ■ · · ■ ■
■ · · ■ · ■ ■ · B
1 ■ ■ · ■ · · ■ ■
■ ■ · ■ · ■ · ■ ·
· · ■ · · · ■ · ■
B · · ■ 1 ■ · · ·
■ · · ■ ■ · ■ · ·
B ■ ■ · · ■ · ■ ■
■ · · ■ · · ■ · A
· ■ ■ · ■ · · ■ ■
■ · · ■ · ■ ■ · B
1 ■ ■ · ■ · · ■ ■
■ ■ · ■ · ■ · ■ ·
· · ■ · · · ■ · ■
B · · ■ 1 ■ · · ·
■ · · ■ ■ · ■ · ·
B ■ ■ · · ■ · ■ ■
■ · · ■ · · ■ · A
· ■ ■ · ■ · · ■ ■
■ · · ■ · ■ ■ · B
1 ■ ■ · ■ · · ■ ■
■ ■ · ■ · ■ · ■ ·
· · ■ · · · ■ · ■
B · · ■ 1 ■ · · ·
■ · · ■ ■ · ■ · ·
B ■ ■ · · ■ · ■ ■
■ · · ■ · · ■ · A
· ■ ■ · ■ · · ■ ■
■ · · ■ · ■ ■ · B
1 ■ ■ · ■ · · ■ ■
■ ■ · ■ · ■ · ■ ·
· · ■ · · · ■ · ■
B · · ■ 1 ■ · · ·
■ · · ■ ■ · ■ · ·
B ■ ■ · · ■ · ■ ■
■ · · ■ · · ■ · A
· ■ ■ · ■ · · ■ ■
■ · · ■ · ■ ■ · B
1 ■ ■ · ■ · · ■ ■
■ ■ · ■ · ■ · ■ ·
· · ■ · · · ■ · ■
B · · ■ 1 ■ · · ·
■ · · ■ ■ · ■ · ·
B ■ ■ · · ■ · ■ ■
■ · · ■ · · ■ · A
· ■ ■ · ■ · · ■ ■
■ · · ■ · ■ ■ · B
1 ■ ■ · ■ · · ■ ■
■ ■ · ■ · ■ · ■ ·
· · ■ · · · ■ · ■
B · · ■ 1 ■ · · ·
■ · · ■ ■ · ■ · ·
B ■ ■ · · ■ · ■ ■
■ · · ■ · · ■ · A
· ■ ■ · ■ · · ■ ■
■ · · ■ · ■ ■ · B
1 ■ ■ · ■ · · ■ ■
■ ■ · ■ · ■ · ■ ·
· · ■ · · · ■ · ■
B · · ■ 1 ■ · · ·
■ · · ■ ■ · ■ · ·
B ■ ■ · · ■ · ■ ■
■ · · ■ · · ■ · A
· ■ ■ · ■ · · ■ ■
■ · · ■ · ■ ■ · B
1 ■ ■ · ■ · · ■ ■
■ ■ · ■ · ■ · ■ ·
· · ■ · · · ■ · ■
B · · ■ 1 ■ · · ·
■ · · ■ ■ · ■ · ·
B ■ ■ · · ■ · ■ ■
■ · · ■ · · ■ · A
· ■ ■ · ■ · · ■ ■
■ · · ■ · ■ ■ · B
1 ■ ■ · ■ · · ■ ■
■ ■ · ■ · ■ · ■ ·
· · ■ · · · ■ · ■
B · · ■ 1 ■ · · ·
■ · · ■ ■ · ■ · ·
B ■ ■ · · ■ · ■ ■
■ · · ■ · · ■ · A
· ■ ■ · ■ · · ■ ■
■ · · ■ · ■ ■ · B
1 ■ ■ · ■ · · ■ ■
■ ■ · ■ · ■ · ■ ·
· · ■ · · · ■ · ■
# Number of solutions found: 10
# CPU time: 0.1423 s
================================= 176 =================================
# Encoding time: 0.04225 s
· ■ · · · · ■
■ 5 ■ ■ ■ ■ ■
· ■ · ■ · ■ 1
■ 2 ■ · ■ 3 ■
■ ■ ■ ■ ■ ■ ■
■ · ■ · · ■ 6
■ ■ ■ ■ ■ ■ ■
· ■ · · · · ■
■ 5 ■ ■ ■ ■ ■
· ■ · ■ · ■ 1
■ 2 ■ · ■ 3 ■
■ ■ ■ ■ ■ ■ ■
■ · ■ · · ■ 6
■ ■ ■ ■ ■ ■ ■
· ■ · · · · ■
■ 5 ■ ■ ■ ■ ■
· ■ · ■ · ■ 1
■ 2 ■ · ■ 3 ■
■ ■ ■ ■ ■ ■ ■
■ · ■ · · ■ 6
■ ■ ■ ■ ■ ■ ■
· ■ · · · · ■
■ 5 ■ ■ ■ ■ ■
· ■ · ■ · ■ 1
■ 2 ■ · ■ 3 ■
■ ■ ■ ■ ■ ■ ■
■ · ■ · · ■ 6
■ ■ ■ ■ ■ ■ ■
· ■ · · · · ■
■ 5 ■ ■ ■ ■ ■
· ■ · ■ · ■ 1
■ 2 ■ · ■ 3 ■
■ ■ ■ ■ ■ ■ ■
■ · ■ · · ■ 6
■ ■ ■ ■ ■ ■ ■
· ■ · · · · ■
■ 5 ■ ■ ■ ■ ■
· ■ · ■ · ■ 1
■ 2 ■ · ■ 3 ■
■ ■ ■ ■ ■ ■ ■
■ · ■ · · ■ 6
■ ■ ■ ■ ■ ■ ■
· ■ · · · · ■
■ 5 ■ ■ ■ ■ ■
· ■ · ■ · ■ 1
■ 2 ■ · ■ 3 ■
■ ■ ■ ■ ■ ■ ■
■ · ■ · · ■ 6
■ ■ ■ ■ ■ ■ ■
· ■ · · · · ■
■ 5 ■ ■ ■ ■ ■
· ■ · ■ · ■ 1
■ 2 ■ · ■ 3 ■
■ ■ ■ ■ ■ ■ ■
■ · ■ · · ■ 6
■ ■ ■ ■ ■ ■ ■
· ■ · · · · ■
■ 5 ■ ■ ■ ■ ■
· ■ · ■ · ■ 1
■ 2 ■ · ■ 3 ■
■ ■ ■ ■ ■ ■ ■
■ · ■ · · ■ 6
■ ■ ■ ■ ■ ■ ■
· ■ · · · · ■
■ 5 ■ ■ ■ ■ ■
· ■ · ■ · ■ 1
■ 2 ■ · ■ 3 ■
■ ■ ■ ■ ■ ■ ■
■ · ■ · · ■ 6
■ ■ ■ ■ ■ ■ ■
# Number of solutions found: 10
# CPU time: 0.05941 s
================================= 177 =================================
# Encoding time: 0.07348 s
■ 1 ■ 1 ■ ■ ·
■ ■ ■ ■ · ■ ■
■ 1 ■ 1 ■ 2 ■
■ ■ ■ ■ ■ ■ ■
■ 1 ■ 1 ■ 3 ■
■ ■ ■ ■ ■ ■ ■
■ 2 ■ · ■ · ■
■ 1 ■ 1 ■ ■ ·
■ ■ ■ ■ · ■ ■
■ 1 ■ 1 ■ 2 ■
■ ■ ■ ■ ■ ■ ■
■ 1 ■ 1 ■ 3 ■
■ ■ ■ ■ ■ ■ ■
■ 2 ■ · ■ · ■
■ 1 ■ 1 ■ ■ ·
■ ■ ■ ■ · ■ ■
■ 1 ■ 1 ■ 2 ■
■ ■ ■ ■ ■ ■ ■
■ 1 ■ 1 ■ 3 ■
■ ■ ■ ■ ■ ■ ■
■ 2 ■ · ■ · ■
■ 1 ■ 1 ■ ■ ·
■ ■ ■ ■ · ■ ■
■ 1 ■ 1 ■ 2 ■
■ ■ ■ ■ ■ ■ ■
■ 1 ■ 1 ■ 3 ■
■ ■ ■ ■ ■ ■ ■
■ 2 ■ · ■ · ■
■ 1 ■ 1 ■ ■ ·
■ ■ ■ ■ · ■ ■
■ 1 ■ 1 ■ 2 ■
■ ■ ■ ■ ■ ■ ■
■ 1 ■ 1 ■ 3 ■
■ ■ ■ ■ ■ ■ ■
■ 2 ■ · ■ · ■
■ 1 ■ 1 ■ ■ ·
■ ■ ■ ■ · ■ ■
■ 1 ■ 1 ■ 2 ■
■ ■ ■ ■ ■ ■ ■
■ 1 ■ 1 ■ 3 ■
■ ■ ■ ■ ■ ■ ■
■ 2 ■ · ■ · ■
■ 1 ■ 1 ■ ■ ·
■ ■ ■ ■ · ■ ■
■ 1 ■ 1 ■ 2 ■
■ ■ ■ ■ ■ ■ ■
■ 1 ■ 1 ■ 3 ■
■ ■ ■ ■ ■ ■ ■
■ 2 ■ · ■ · ■
■ 1 ■ 1 ■ ■ ·
■ ■ ■ ■ · ■ ■
■ 1 ■ 1 ■ 2 ■
■ ■ ■ ■ ■ ■ ■
■ 1 ■ 1 ■ 3 ■
■ ■ ■ ■ ■ ■ ■
■ 2 ■ · ■ · ■
■ 1 ■ 1 ■ ■ ·
■ ■ ■ ■ · ■ ■
■ 1 ■ 1 ■ 2 ■
■ ■ ■ ■ ■ ■ ■
■ 1 ■ 1 ■ 3 ■
■ ■ ■ ■ ■ ■ ■
■ 2 ■ · ■ · ■
■ 1 ■ 1 ■ ■ ·
■ ■ ■ ■ · ■ ■
■ 1 ■ 1 ■ 2 ■
■ ■ ■ ■ ■ ■ ■
■ 1 ■ 1 ■ 3 ■
■ ■ ■ ■ ■ ■ ■
■ 2 ■ · ■ · ■
# Number of solutions found: 10
# CPU time: 0.08795 s
================================= 178 =================================
# Encoding time: 0.5441 s
■ · ■ ■ 1 ■ ■ · · ■ ■ 2
· ■ 3 ■ ■ ■ 3 ■ ■ · ■ ■
■ ■ ■ 2 ■ · ■ ■ · ■ 5 ■
■ · ■ ■ · ■ · 3 ■ 1 ■ ·
· ■ · 2 ■ · ■ · ■ ■ · ■
■ 2 ■ ■ · ■ · ■ · ■ ■ ·
■ ■ 2 ■ ■ · ■ · ■ ■ 7 ■
1 ■ ■ · ■ ■ · ■ 2 ■ ■ ·
■ ■ 1 ■ 7 ■ ■ ■ ■ ■ 2 ■
■ 1 ■ ■ ■ ■ · ■ 2 ■ ■ ·
· ■ · · ■ 1 ■ ■ ■ 5 ■ ■
■ 1 ■ ■ · ■ ■ · · · ■ 1
■ · ■ ■ 1 ■ ■ · · ■ ■ 2
· ■ 3 ■ ■ ■ 3 ■ ■ · ■ ■
■ ■ ■ 2 ■ · ■ ■ · ■ 5 ■
■ · ■ ■ · ■ · 3 ■ 1 ■ ·
· ■ · 2 ■ · ■ · ■ ■ · ■
■ 2 ■ ■ · ■ · ■ · ■ ■ ·
■ ■ 2 ■ ■ · ■ · ■ ■ 7 ■
1 ■ ■ · ■ ■ · ■ 2 ■ ■ ·
■ ■ 1 ■ 7 ■ ■ ■ ■ ■ 2 ■
■ 1 ■ ■ ■ ■ · ■ 2 ■ ■ ·
· ■ · · ■ 1 ■ ■ ■ 5 ■ ■
■ 1 ■ ■ · ■ ■ · · · ■ 1
■ · ■ ■ 1 ■ ■ · · ■ ■ 2
· ■ 3 ■ ■ ■ 3 ■ ■ · ■ ■
■ ■ ■ 2 ■ · ■ ■ · ■ 5 ■
■ · ■ ■ · ■ · 3 ■ 1 ■ ·
· ■ · 2 ■ · ■ · ■ ■ · ■
■ 2 ■ ■ · ■ · ■ · ■ ■ ·
■ ■ 2 ■ ■ · ■ · ■ ■ 7 ■
1 ■ ■ · ■ ■ · ■ 2 ■ ■ ·
■ ■ 1 ■ 7 ■ ■ ■ ■ ■ 2 ■
■ 1 ■ ■ ■ ■ · ■ 2 ■ ■ ·
· ■ · · ■ 1 ■ ■ ■ 5 ■ ■
■ 1 ■ ■ · ■ ■ · · · ■ 1
■ · ■ ■ 1 ■ ■ · · ■ ■ 2
· ■ 3 ■ ■ ■ 3 ■ ■ · ■ ■
■ ■ ■ 2 ■ · ■ ■ · ■ 5 ■
■ · ■ ■ · ■ · 3 ■ 1 ■ ·
· ■ · 2 ■ · ■ · ■ ■ · ■
■ 2 ■ ■ · ■ · ■ · ■ ■ ·
■ ■ 2 ■ ■ · ■ · ■ ■ 7 ■
1 ■ ■ · ■ ■ · ■ 2 ■ ■ ·
■ ■ 1 ■ 7 ■ ■ ■ ■ ■ 2 ■
■ 1 ■ ■ ■ ■ · ■ 2 ■ ■ ·
· ■ · · ■ 1 ■ ■ ■ 5 ■ ■
■ 1 ■ ■ · ■ ■ · · · ■ 1
■ · ■ ■ 1 ■ ■ · · ■ ■ 2
· ■ 3 ■ ■ ■ 3 ■ ■ · ■ ■
■ ■ ■ 2 ■ · ■ ■ · ■ 5 ■
■ · ■ ■ · ■ · 3 ■ 1 ■ ·
· ■ · 2 ■ · ■ · ■ ■ · ■
■ 2 ■ ■ · ■ · ■ · ■ ■ ·
■ ■ 2 ■ ■ · ■ · ■ ■ 7 ■
1 ■ ■ · ■ ■ · ■ 2 ■ ■ ·
■ ■ 1 ■ 7 ■ ■ ■ ■ ■ 2 ■
■ 1 ■ ■ ■ ■ · ■ 2 ■ ■ ·
· ■ · · ■ 1 ■ ■ ■ 5 ■ ■
■ 1 ■ ■ · ■ ■ · · · ■ 1
■ · ■ ■ 1 ■ ■ · · ■ ■ 2
· ■ 3 ■ ■ ■ 3 ■ ■ · ■ ■
■ ■ ■ 2 ■ · ■ ■ · ■ 5 ■
■ · ■ ■ · ■ · 3 ■ 1 ■ ·
· ■ · 2 ■ · ■ · ■ ■ · ■
■ 2 ■ ■ · ■ · ■ · ■ ■ ·
■ ■ 2 ■ ■ · ■ · ■ ■ 7 ■
1 ■ ■ · ■ ■ · ■ 2 ■ ■ ·
■ ■ 1 ■ 7 ■ ■ ■ ■ ■ 2 ■
■ 1 ■ ■ ■ ■ · ■ 2 ■ ■ ·
· ■ · · ■ 1 ■ ■ ■ 5 ■ ■
■ 1 ■ ■ · ■ ■ · · · ■ 1
■ · ■ ■ 1 ■ ■ · · ■ ■ 2
· ■ 3 ■ ■ ■ 3 ■ ■ · ■ ■
■ ■ ■ 2 ■ · ■ ■ · ■ 5 ■
■ · ■ ■ · ■ · 3 ■ 1 ■ ·
· ■ · 2 ■ · ■ · ■ ■ · ■
■ 2 ■ ■ · ■ · ■ · ■ ■ ·
■ ■ 2 ■ ■ · ■ · ■ ■ 7 ■
1 ■ ■ · ■ ■ · ■ 2 ■ ■ ·
■ ■ 1 ■ 7 ■ ■ ■ ■ ■ 2 ■
■ 1 ■ ■ ■ ■ · ■ 2 ■ ■ ·
· ■ · · ■ 1 ■ ■ ■ 5 ■ ■
■ 1 ■ ■ · ■ ■ · · · ■ 1
■ · ■ ■ 1 ■ ■ · · ■ ■ 2
· ■ 3 ■ ■ ■ 3 ■ ■ · ■ ■
■ ■ ■ 2 ■ · ■ ■ · ■ 5 ■
■ · ■ ■ · ■ · 3 ■ 1 ■ ·
· ■ · 2 ■ · ■ · ■ ■ · ■
■ 2 ■ ■ · ■ · ■ · ■ ■ ·
■ ■ 2 ■ ■ · ■ · ■ ■ 7 ■
1 ■ ■ · ■ ■ · ■ 2 ■ ■ ·
■ ■ 1 ■ 7 ■ ■ ■ ■ ■ 2 ■
■ 1 ■ ■ ■ ■ · ■ 2 ■ ■ ·
· ■ · · ■ 1 ■ ■ ■ 5 ■ ■
■ 1 ■ ■ · ■ ■ · · · ■ 1
■ · ■ ■ 1 ■ ■ · · ■ ■ 2
· ■ 3 ■ ■ ■ 3 ■ ■ · ■ ■
■ ■ ■ 2 ■ · ■ ■ · ■ 5 ■
■ · ■ ■ · ■ · 3 ■ 1 ■ ·
· ■ · 2 ■ · ■ · ■ ■ · ■
■ 2 ■ ■ · ■ · ■ · ■ ■ ·
■ ■ 2 ■ ■ · ■ · ■ ■ 7 ■
1 ■ ■ · ■ ■ · ■ 2 ■ ■ ·
■ ■ 1 ■ 7 ■ ■ ■ ■ ■ 2 ■
■ 1 ■ ■ ■ ■ · ■ 2 ■ ■ ·
· ■ · · ■ 1 ■ ■ ■ 5 ■ ■
■ 1 ■ ■ · ■ ■ · · · ■ 1
■ · ■ ■ 1 ■ ■ · · ■ ■ 2
· ■ 3 ■ ■ ■ 3 ■ ■ · ■ ■
■ ■ ■ 2 ■ · ■ ■ · ■ 5 ■
■ · ■ ■ · ■ · 3 ■ 1 ■ ·
· ■ · 2 ■ · ■ · ■ ■ · ■
■ 2 ■ ■ · ■ · ■ · ■ ■ ·
■ ■ 2 ■ ■ · ■ · ■ ■ 7 ■
1 ■ ■ · ■ ■ · ■ 2 ■ ■ ·
■ ■ 1 ■ 7 ■ ■ ■ ■ ■ 2 ■
■ 1 ■ ■ ■ ■ · ■ 2 ■ ■ ·
· ■ · · ■ 1 ■ ■ ■ 5 ■ ■
■ 1 ■ ■ · ■ ■ · · · ■ 1
# Number of solutions found: 10
# CPU time: 0.8101 s
================================= 179 =================================
# Encoding time: 0.05023 s
2 · ■ 2 ■ ■ ·
■ ■ · ■ · · ■
■ 7 ■ · ■ · ■
· ■ · ■ ■ · ■
■ 7 ■ · · ■ ·
■ ■ · ■ ■ · ■
2 ■ ■ 2 ■ ■ ·
2 · ■ 2 ■ ■ ·
■ ■ · ■ · · ■
■ 7 ■ · ■ · ■
· ■ · ■ ■ · ■
■ 7 ■ · · ■ ·
■ ■ · ■ ■ · ■
2 ■ ■ 2 ■ ■ ·
2 · ■ 2 ■ ■ ·
■ ■ · ■ · · ■
■ 7 ■ · ■ · ■
· ■ · ■ ■ · ■
■ 7 ■ · · ■ ·
■ ■ · ■ ■ · ■
2 ■ ■ 2 ■ ■ ·
2 · ■ 2 ■ ■ ·
■ ■ · ■ · · ■
■ 7 ■ · ■ · ■
· ■ · ■ ■ · ■
■ 7 ■ · · ■ ·
■ ■ · ■ ■ · ■
2 ■ ■ 2 ■ ■ ·
2 · ■ 2 ■ ■ ·
■ ■ · ■ · · ■
■ 7 ■ · ■ · ■
· ■ · ■ ■ · ■
■ 7 ■ · · ■ ·
■ ■ · ■ ■ · ■
2 ■ ■ 2 ■ ■ ·
2 · ■ 2 ■ ■ ·
■ ■ · ■ · · ■
■ 7 ■ · ■ · ■
· ■ · ■ ■ · ■
■ 7 ■ · · ■ ·
■ ■ · ■ ■ · ■
2 ■ ■ 2 ■ ■ ·
2 · ■ 2 ■ ■ ·
■ ■ · ■ · · ■
■ 7 ■ · ■ · ■
· ■ · ■ ■ · ■
■ 7 ■ · · ■ ·
■ ■ · ■ ■ · ■
2 ■ ■ 2 ■ ■ ·
2 · ■ 2 ■ ■ ·
■ ■ · ■ · · ■
■ 7 ■ · ■ · ■
· ■ · ■ ■ · ■
■ 7 ■ · · ■ ·
■ ■ · ■ ■ · ■
2 ■ ■ 2 ■ ■ ·
2 · ■ 2 ■ ■ ·
■ ■ · ■ · · ■
■ 7 ■ · ■ · ■
· ■ · ■ ■ · ■
■ 7 ■ · · ■ ·
■ ■ · ■ ■ · ■
2 ■ ■ 2 ■ ■ ·
2 · ■ 2 ■ ■ ·
■ ■ · ■ · · ■
■ 7 ■ · ■ · ■
· ■ · ■ ■ · ■
■ 7 ■ · · ■ ·
■ ■ · ■ ■ · ■
2 ■ ■ 2 ■ ■ ·
# Number of solutions found: 10
# CPU time: 0.06308 s
================================= 180 =================================
# Encoding time: 0.01776 s
· ■ 6 ■ ·
■ 1 ■ · ■
■ ■ · ■ ·
2 ■ ■ 2 ■
■ ■ · ■ ·
· ■ 6 ■ ·
■ 1 ■ · ■
■ ■ · ■ ·
2 ■ ■ 2 ■
■ ■ · ■ ·
· ■ 6 ■ ·
■ 1 ■ · ■
■ ■ · ■ ·
2 ■ ■ 2 ■
■ ■ · ■ ·
· ■ 6 ■ ·
■ 1 ■ · ■
■ ■ · ■ ·
2 ■ ■ 2 ■
■ ■ · ■ ·
· ■ 6 ■ ·
■ 1 ■ · ■
■ ■ · ■ ·
2 ■ ■ 2 ■
■ ■ · ■ ·
· ■ 6 ■ ·
■ 1 ■ · ■
■ ■ · ■ ·
2 ■ ■ 2 ■
■ ■ · ■ ·
· ■ 6 ■ ·
■ 1 ■ · ■
■ ■ · ■ ·
2 ■ ■ 2 ■
■ ■ · ■ ·
· ■ 6 ■ ·
■ 1 ■ · ■
■ ■ · ■ ·
2 ■ ■ 2 ■
■ ■ · ■ ·
· ■ 6 ■ ·
■ 1 ■ · ■
■ ■ · ■ ·
2 ■ ■ 2 ■
■ ■ · ■ ·
· ■ 6 ■ ·
■ 1 ■ · ■
■ ■ · ■ ·
2 ■ ■ 2 ■
■ ■ · ■ ·
# Number of solutions found: 10
# CPU time: 0.02427 s
================================= 181 =================================
# Encoding time: 0.02301 s
· ■ · ■ 1
■ ■ ■ ■ ■
■ · ■ 1 ■
■ 4 · ■ ■
1 ■ ■ ■ 2
· ■ · ■ 1
■ ■ ■ ■ ■
■ · ■ 1 ■
■ 4 · ■ ■
1 ■ ■ ■ 2
· ■ · ■ 1
■ ■ ■ ■ ■
■ · ■ 1 ■
■ 4 · ■ ■
1 ■ ■ ■ 2
· ■ · ■ 1
■ ■ ■ ■ ■
■ · ■ 1 ■
■ 4 · ■ ■
1 ■ ■ ■ 2
· ■ · ■ 1
■ ■ ■ ■ ■
■ · ■ 1 ■
■ 4 · ■ ■
1 ■ ■ ■ 2
· ■ · ■ 1
■ ■ ■ ■ ■
■ · ■ 1 ■
■ 4 · ■ ■
1 ■ ■ ■ 2
· ■ · ■ 1
■ ■ ■ ■ ■
■ · ■ 1 ■
■ 4 · ■ ■
1 ■ ■ ■ 2
· ■ · ■ 1
■ ■ ■ ■ ■
■ · ■ 1 ■
■ 4 · ■ ■
1 ■ ■ ■ 2
· ■ · ■ 1
■ ■ ■ ■ ■
■ · ■ 1 ■
■ 4 · ■ ■
1 ■ ■ ■ 2
· ■ · ■ 1
■ ■ ■ ■ ■
■ · ■ 1 ■
■ 4 · ■ ■
1 ■ ■ ■ 2
# Number of solutions found: 10
# CPU time: 0.02882 s
================================= 182 =================================
# Encoding time: 0.01488 s
■ · ■ · ■
■ ■ · ■ ·
· ■ ■ ■ ·
■ ■ 3 ■ 7
1 ■ · · ■
■ · ■ · ■
■ ■ · ■ ·
· ■ ■ ■ ·
■ ■ 3 ■ 7
1 ■ · · ■
■ · ■ · ■
■ ■ · ■ ·
· ■ ■ ■ ·
■ ■ 3 ■ 7
1 ■ · · ■
■ · ■ · ■
■ ■ · ■ ·
· ■ ■ ■ ·
■ ■ 3 ■ 7
1 ■ · · ■
■ · ■ · ■
■ ■ · ■ ·
· ■ ■ ■ ·
■ ■ 3 ■ 7
1 ■ · · ■
■ · ■ · ■
■ ■ · ■ ·
· ■ ■ ■ ·
■ ■ 3 ■ 7
1 ■ · · ■
■ · ■ · ■
■ ■ · ■ ·
· ■ ■ ■ ·
■ ■ 3 ■ 7
1 ■ · · ■
■ · ■ · ■
■ ■ · ■ ·
· ■ ■ ■ ·
■ ■ 3 ■ 7
1 ■ · · ■
■ · ■ · ■
■ ■ · ■ ·
· ■ ■ ■ ·
■ ■ 3 ■ 7
1 ■ · · ■
■ · ■ · ■
■ ■ · ■ ·
· ■ ■ ■ ·
■ ■ 3 ■ 7
1 ■ · · ■
# Number of solutions found: 10
# CPU time: 0.02175 s
================================= 183 =================================
# Encoding time: 0.2183 s
· ■ ■ 8 ■ ■ 2 ■ · ■
■ ■ · ■ · ■ ■ 2 ■ ·
■ 2 ■ · ■ · ■ ■ · ■
7 ■ ■ ■ · ■ · ■ ■ 1
■ ■ · ■ · · ■ · ■ ■
■ · ■ · ■ · ■ ■ ■ ·
4 ■ 1 ■ · ■ ■ · ■ 5
■ ■ ■ · ■ ■ · ■ 2 ■
· ■ 1 ■ ■ · ■ · ■ ·
· ■ ■ 2 ■ ■ 5 ■ · ·
· ■ ■ 8 ■ ■ 2 ■ · ■
■ ■ · ■ · ■ ■ 2 ■ ·
■ 2 ■ · ■ · ■ ■ · ■
7 ■ ■ ■ · ■ · ■ ■ 1
■ ■ · ■ · · ■ · ■ ■
■ · ■ · ■ · ■ ■ ■ ·
4 ■ 1 ■ · ■ ■ · ■ 5
■ ■ ■ · ■ ■ · ■ 2 ■
· ■ 1 ■ ■ · ■ · ■ ·
· ■ ■ 2 ■ ■ 5 ■ · ·
· ■ ■ 8 ■ ■ 2 ■ · ■
■ ■ · ■ · ■ ■ 2 ■ ·
■ 2 ■ · ■ · ■ ■ · ■
7 ■ ■ ■ · ■ · ■ ■ 1
■ ■ · ■ · · ■ · ■ ■
■ · ■ · ■ · ■ ■ ■ ·
4 ■ 1 ■ · ■ ■ · ■ 5
■ ■ ■ · ■ ■ · ■ 2 ■
· ■ 1 ■ ■ · ■ · ■ ·
· ■ ■ 2 ■ ■ 5 ■ · ·
· ■ ■ 8 ■ ■ 2 ■ · ■
■ ■ · ■ · ■ ■ 2 ■ ·
■ 2 ■ · ■ · ■ ■ · ■
7 ■ ■ ■ · ■ · ■ ■ 1
■ ■ · ■ · · ■ · ■ ■
■ · ■ · ■ · ■ ■ ■ ·
4 ■ 1 ■ · ■ ■ · ■ 5
■ ■ ■ · ■ ■ · ■ 2 ■
· ■ 1 ■ ■ · ■ · ■ ·
· ■ ■ 2 ■ ■ 5 ■ · ·
· ■ ■ 8 ■ ■ 2 ■ · ■
■ ■ · ■ · ■ ■ 2 ■ ·
■ 2 ■ · ■ · ■ ■ · ■
7 ■ ■ ■ · ■ · ■ ■ 1
■ ■ · ■ · · ■ · ■ ■
■ · ■ · ■ · ■ ■ ■ ·
4 ■ 1 ■ · ■ ■ · ■ 5
■ ■ ■ · ■ ■ · ■ 2 ■
· ■ 1 ■ ■ · ■ · ■ ·
· ■ ■ 2 ■ ■ 5 ■ · ·
· ■ ■ 8 ■ ■ 2 ■ · ■
■ ■ · ■ · ■ ■ 2 ■ ·
■ 2 ■ · ■ · ■ ■ · ■
7 ■ ■ ■ · ■ · ■ ■ 1
■ ■ · ■ · · ■ · ■ ■
■ · ■ · ■ · ■ ■ ■ ·
4 ■ 1 ■ · ■ ■ · ■ 5
■ ■ ■ · ■ ■ · ■ 2 ■
· ■ 1 ■ ■ · ■ · ■ ·
· ■ ■ 2 ■ ■ 5 ■ · ·
· ■ ■ 8 ■ ■ 2 ■ · ■
■ ■ · ■ · ■ ■ 2 ■ ·
■ 2 ■ · ■ · ■ ■ · ■
7 ■ ■ ■ · ■ · ■ ■ 1
■ ■ · ■ · · ■ · ■ ■
■ · ■ · ■ · ■ ■ ■ ·
4 ■ 1 ■ · ■ ■ · ■ 5
■ ■ ■ · ■ ■ · ■ 2 ■
· ■ 1 ■ ■ · ■ · ■ ·
· ■ ■ 2 ■ ■ 5 ■ · ·
· ■ ■ 8 ■ ■ 2 ■ · ■
■ ■ · ■ · ■ ■ 2 ■ ·
■ 2 ■ · ■ · ■ ■ · ■
7 ■ ■ ■ · ■ · ■ ■ 1
■ ■ · ■ · · ■ · ■ ■
■ · ■ · ■ · ■ ■ ■ ·
4 ■ 1 ■ · ■ ■ · ■ 5
■ ■ ■ · ■ ■ · ■ 2 ■
· ■ 1 ■ ■ · ■ · ■ ·
· ■ ■ 2 ■ ■ 5 ■ · ·
· ■ ■ 8 ■ ■ 2 ■ · ■
■ ■ · ■ · ■ ■ 2 ■ ·
■ 2 ■ · ■ · ■ ■ · ■
7 ■ ■ ■ · ■ · ■ ■ 1
■ ■ · ■ · · ■ · ■ ■
■ · ■ · ■ · ■ ■ ■ ·
4 ■ 1 ■ · ■ ■ · ■ 5
■ ■ ■ · ■ ■ · ■ 2 ■
· ■ 1 ■ ■ · ■ · ■ ·
· ■ ■ 2 ■ ■ 5 ■ · ·
· ■ ■ 8 ■ ■ 2 ■ · ■
■ ■ · ■ · ■ ■ 2 ■ ·
■ 2 ■ · ■ · ■ ■ · ■
7 ■ ■ ■ · ■ · ■ ■ 1
■ ■ · ■ · · ■ · ■ ■
■ · ■ · ■ · ■ ■ ■ ·
4 ■ 1 ■ · ■ ■ · ■ 5
■ ■ ■ · ■ ■ · ■ 2 ■
· ■ 1 ■ ■ · ■ · ■ ·
· ■ ■ 2 ■ ■ 5 ■ · ·
# Number of solutions found: 10
# CPU time: 0.3274 s
================================= 184 =================================
# Encoding time: 0.4275 s
· ■ · ■ · ■ · ■ · ■ · ■
■ · ■ ■ · ■ ■ · ■ · ■ A
· ■ · ■ ■ ■ 1 ■ 2 ■ 2 ■
■ · ■ ■ 3 ■ ■ · ■ · ■ ·
■ · ■ 1 ■ ■ 1 ■ ■ ■ ■ ■
· ■ · ■ 2 ■ ■ ■ 2 ■ · ·
■ · ■ 3 ■ ■ · 2 ■ · ■ 4
· ■ · ■ ■ · ■ ■ 3 ■ · ■
■ ■ ■ ■ · ■ ■ 6 ■ · ■ ·
■ 9 ■ 3 ■ 3 ■ ■ ■ ■ ■ ■
1 ■ ■ ■ ■ ■ ■ · ■ · · ·
■ · · · ■ · ■ · ■ ■ ■ ■
· ■ · ■ · ■ · ■ · ■ · ■
■ · ■ ■ · ■ ■ · ■ · ■ A
· ■ · ■ ■ ■ 1 ■ 2 ■ 2 ■
■ · ■ ■ 3 ■ ■ · ■ · ■ ·
■ · ■ 1 ■ ■ 1 ■ ■ ■ ■ ■
· ■ · ■ 2 ■ ■ ■ 2 ■ · ·
■ · ■ 3 ■ ■ · 2 ■ · ■ 4
· ■ · ■ ■ · ■ ■ 3 ■ · ■
■ ■ ■ ■ · ■ ■ 6 ■ · ■ ·
■ 9 ■ 3 ■ 3 ■ ■ ■ ■ ■ ■
1 ■ ■ ■ ■ ■ ■ · ■ · · ·
■ · · · ■ · ■ · ■ ■ ■ ■
· ■ · ■ · ■ · ■ · ■ · ■
■ · ■ ■ · ■ ■ · ■ · ■ A
· ■ · ■ ■ ■ 1 ■ 2 ■ 2 ■
■ · ■ ■ 3 ■ ■ · ■ · ■ ·
■ · ■ 1 ■ ■ 1 ■ ■ ■ ■ ■
· ■ · ■ 2 ■ ■ ■ 2 ■ · ·
■ · ■ 3 ■ ■ · 2 ■ · ■ 4
· ■ · ■ ■ · ■ ■ 3 ■ · ■
■ ■ ■ ■ · ■ ■ 6 ■ · ■ ·
■ 9 ■ 3 ■ 3 ■ ■ ■ ■ ■ ■
1 ■ ■ ■ ■ ■ ■ · ■ · · ·
■ · · · ■ · ■ · ■ ■ ■ ■
· ■ · ■ · ■ · ■ · ■ · ■
■ · ■ ■ · ■ ■ · ■ · ■ A
· ■ · ■ ■ ■ 1 ■ 2 ■ 2 ■
■ · ■ ■ 3 ■ ■ · ■ · ■ ·
■ · ■ 1 ■ ■ 1 ■ ■ ■ ■ ■
· ■ · ■ 2 ■ ■ ■ 2 ■ · ·
■ · ■ 3 ■ ■ · 2 ■ · ■ 4
· ■ · ■ ■ · ■ ■ 3 ■ · ■
■ ■ ■ ■ · ■ ■ 6 ■ · ■ ·
■ 9 ■ 3 ■ 3 ■ ■ ■ ■ ■ ■
1 ■ ■ ■ ■ ■ ■ · ■ · · ·
■ · · · ■ · ■ · ■ ■ ■ ■
· ■ · ■ · ■ · ■ · ■ · ■
■ · ■ ■ · ■ ■ · ■ · ■ A
· ■ · ■ ■ ■ 1 ■ 2 ■ 2 ■
■ · ■ ■ 3 ■ ■ · ■ · ■ ·
■ · ■ 1 ■ ■ 1 ■ ■ ■ ■ ■
· ■ · ■ 2 ■ ■ ■ 2 ■ · ·
■ · ■ 3 ■ ■ · 2 ■ · ■ 4
· ■ · ■ ■ · ■ ■ 3 ■ · ■
■ ■ ■ ■ · ■ ■ 6 ■ · ■ ·
■ 9 ■ 3 ■ 3 ■ ■ ■ ■ ■ ■
1 ■ ■ ■ ■ ■ ■ · ■ · · ·
■ · · · ■ · ■ · ■ ■ ■ ■
· ■ · ■ · ■ · ■ · ■ · ■
■ · ■ ■ · ■ ■ · ■ · ■ A
· ■ · ■ ■ ■ 1 ■ 2 ■ 2 ■
■ · ■ ■ 3 ■ ■ · ■ · ■ ·
■ · ■ 1 ■ ■ 1 ■ ■ ■ ■ ■
· ■ · ■ 2 ■ ■ ■ 2 ■ · ·
■ · ■ 3 ■ ■ · 2 ■ · ■ 4
· ■ · ■ ■ · ■ ■ 3 ■ · ■
■ ■ ■ ■ · ■ ■ 6 ■ · ■ ·
■ 9 ■ 3 ■ 3 ■ ■ ■ ■ ■ ■
1 ■ ■ ■ ■ ■ ■ · ■ · · ·
■ · · · ■ · ■ · ■ ■ ■ ■
· ■ · ■ · ■ · ■ · ■ · ■
■ · ■ ■ · ■ ■ · ■ · ■ A
· ■ · ■ ■ ■ 1 ■ 2 ■ 2 ■
■ · ■ ■ 3 ■ ■ · ■ · ■ ·
■ · ■ 1 ■ ■ 1 ■ ■ ■ ■ ■
· ■ · ■ 2 ■ ■ ■ 2 ■ · ·
■ · ■ 3 ■ ■ · 2 ■ · ■ 4
· ■ · ■ ■ · ■ ■ 3 ■ · ■
■ ■ ■ ■ · ■ ■ 6 ■ · ■ ·
■ 9 ■ 3 ■ 3 ■ ■ ■ ■ ■ ■
1 ■ ■ ■ ■ ■ ■ · ■ · · ·
■ · · · ■ · ■ · ■ ■ ■ ■
· ■ · ■ · ■ · ■ · ■ · ■
■ · ■ ■ · ■ ■ · ■ · ■ A
· ■ · ■ ■ ■ 1 ■ 2 ■ 2 ■
■ · ■ ■ 3 ■ ■ · ■ · ■ ·
■ · ■ 1 ■ ■ 1 ■ ■ ■ ■ ■
· ■ · ■ 2 ■ ■ ■ 2 ■ · ·
■ · ■ 3 ■ ■ · 2 ■ · ■ 4
· ■ · ■ ■ · ■ ■ 3 ■ · ■
■ ■ ■ ■ · ■ ■ 6 ■ · ■ ·
■ 9 ■ 3 ■ 3 ■ ■ ■ ■ ■ ■
1 ■ ■ ■ ■ ■ ■ · ■ · · ·
■ · · · ■ · ■ · ■ ■ ■ ■
· ■ · ■ · ■ · ■ · ■ · ■
■ · ■ ■ · ■ ■ · ■ · ■ A
· ■ · ■ ■ ■ 1 ■ 2 ■ 2 ■
■ · ■ ■ 3 ■ ■ · ■ · ■ ·
■ · ■ 1 ■ ■ 1 ■ ■ ■ ■ ■
· ■ · ■ 2 ■ ■ ■ 2 ■ · ·
■ · ■ 3 ■ ■ · 2 ■ · ■ 4
· ■ · ■ ■ · ■ ■ 3 ■ · ■
■ ■ ■ ■ · ■ ■ 6 ■ · ■ ·
■ 9 ■ 3 ■ 3 ■ ■ ■ ■ ■ ■
1 ■ ■ ■ ■ ■ ■ · ■ · · ·
■ · · · ■ · ■ · ■ ■ ■ ■
· ■ · ■ · ■ · ■ · ■ · ■
■ · ■ ■ · ■ ■ · ■ · ■ A
· ■ · ■ ■ ■ 1 ■ 2 ■ 2 ■
■ · ■ ■ 3 ■ ■ · ■ · ■ ·
■ · ■ 1 ■ ■ 1 ■ ■ ■ ■ ■
· ■ · ■ 2 ■ ■ ■ 2 ■ · ·
■ · ■ 3 ■ ■ · 2 ■ · ■ 4
· ■ · ■ ■ · ■ ■ 3 ■ · ■
■ ■ ■ ■ · ■ ■ 6 ■ · ■ ·
■ 9 ■ 3 ■ 3 ■ ■ ■ ■ ■ ■
1 ■ ■ ■ ■ ■ ■ · ■ · · ·
■ · · · ■ · ■ · ■ ■ ■ ■
# Number of solutions found: 10
# CPU time: 0.7047 s
================================= 185 =================================
# Encoding time: 1.201 s
· ■ 5 ■ · ■ · ■ · ■ 4 ■ · ■ ·
■ 1 ■ · ■ · · · ■ · ■ · ■ 3 ■
· ■ · ■ 2 ■ ■ ■ 5 ■ · ■ · ■ 5
■ · ■ ■ ■ ■ 2 ■ ■ · ■ · ■ ■ ·
2 ■ ■ · ■ 5 ■ 5 ■ ■ ■ ■ 2 ■ ■
■ · ■ ■ · ■ · ■ · ■ 2 ■ ■ ■ ·
· ■ 2 ■ ■ · ■ · ■ · ■ 2 ■ · ■
■ · ■ ■ 4 ■ ■ · ■ ■ 4 ■ ■ ■ ■
■ · ■ 3 ■ ■ · ■ ■ · ■ ■ 2 ■ ·
■ ■ ■ ■ 4 · ■ ■ · ■ · ■ ■ · ■
· ■ 1 ■ ■ ■ ■ 1 ■ 5 ■ · · ■ 2
■ · ■ · ■ · ■ ■ 2 ■ ■ ■ ■ · ■
3 ■ · ■ · ■ 1 ■ · ■ 2 ■ · ■ ·
■ 5 ■ · ■ · ■ ■ ■ · ■ · ■ 1 ■
· ■ · ■ 7 ■ ■ · ■ · · ■ 1 ■ ·
· ■ 5 ■ · ■ · ■ · ■ 4 ■ · ■ ·
■ 1 ■ · ■ · · · ■ · ■ · ■ 3 ■
· ■ · ■ 2 ■ ■ ■ 5 ■ · ■ · ■ 5
■ · ■ ■ ■ ■ 2 ■ ■ · ■ · ■ ■ ·
2 ■ ■ · ■ 5 ■ 5 ■ ■ ■ ■ 2 ■ ■
■ · ■ ■ · ■ · ■ · ■ 2 ■ ■ ■ ·
· ■ 2 ■ ■ · ■ · ■ · ■ 2 ■ · ■
■ · ■ ■ 4 ■ ■ · ■ ■ 4 ■ ■ ■ ■
■ · ■ 3 ■ ■ · ■ ■ · ■ ■ 2 ■ ·
■ ■ ■ ■ 4 · ■ ■ · ■ · ■ ■ · ■
· ■ 1 ■ ■ ■ ■ 1 ■ 5 ■ · · ■ 2
■ · ■ · ■ · ■ ■ 2 ■ ■ ■ ■ · ■
3 ■ · ■ · ■ 1 ■ · ■ 2 ■ · ■ ·
■ 5 ■ · ■ · ■ ■ ■ · ■ · ■ 1 ■
· ■ · ■ 7 ■ ■ · ■ · · ■ 1 ■ ·
· ■ 5 ■ · ■ · ■ · ■ 4 ■ · ■ ·
■ 1 ■ · ■ · · · ■ · ■ · ■ 3 ■
· ■ · ■ 2 ■ ■ ■ 5 ■ · ■ · ■ 5
■ · ■ ■ ■ ■ 2 ■ ■ · ■ · ■ ■ ·
2 ■ ■ · ■ 5 ■ 5 ■ ■ ■ ■ 2 ■ ■
■ · ■ ■ · ■ · ■ · ■ 2 ■ ■ ■ ·
· ■ 2 ■ ■ · ■ · ■ · ■ 2 ■ · ■
■ · ■ ■ 4 ■ ■ · ■ ■ 4 ■ ■ ■ ■
■ · ■ 3 ■ ■ · ■ ■ · ■ ■ 2 ■ ·
■ ■ ■ ■ 4 · ■ ■ · ■ · ■ ■ · ■
· ■ 1 ■ ■ ■ ■ 1 ■ 5 ■ · · ■ 2
■ · ■ · ■ · ■ ■ 2 ■ ■ ■ ■ · ■
3 ■ · ■ · ■ 1 ■ · ■ 2 ■ · ■ ·
■ 5 ■ · ■ · ■ ■ ■ · ■ · ■ 1 ■
· ■ · ■ 7 ■ ■ · ■ · · ■ 1 ■ ·
· ■ 5 ■ · ■ · ■ · ■ 4 ■ · ■ ·
■ 1 ■ · ■ · · · ■ · ■ · ■ 3 ■
· ■ · ■ 2 ■ ■ ■ 5 ■ · ■ · ■ 5
■ · ■ ■ ■ ■ 2 ■ ■ · ■ · ■ ■ ·
2 ■ ■ · ■ 5 ■ 5 ■ ■ ■ ■ 2 ■ ■
■ · ■ ■ · ■ · ■ · ■ 2 ■ ■ ■ ·
· ■ 2 ■ ■ · ■ · ■ · ■ 2 ■ · ■
■ · ■ ■ 4 ■ ■ · ■ ■ 4 ■ ■ ■ ■
■ · ■ 3 ■ ■ · ■ ■ · ■ ■ 2 ■ ·
■ ■ ■ ■ 4 · ■ ■ · ■ · ■ ■ · ■
· ■ 1 ■ ■ ■ ■ 1 ■ 5 ■ · · ■ 2
■ · ■ · ■ · ■ ■ 2 ■ ■ ■ ■ · ■
3 ■ · ■ · ■ 1 ■ · ■ 2 ■ · ■ ·
■ 5 ■ · ■ · ■ ■ ■ · ■ · ■ 1 ■
· ■ · ■ 7 ■ ■ · ■ · · ■ 1 ■ ·
· ■ 5 ■ · ■ · ■ · ■ 4 ■ · ■ ·
■ 1 ■ · ■ · · · ■ · ■ · ■ 3 ■
· ■ · ■ 2 ■ ■ ■ 5 ■ · ■ · ■ 5
■ · ■ ■ ■ ■ 2 ■ ■ · ■ · ■ ■ ·
2 ■ ■ · ■ 5 ■ 5 ■ ■ ■ ■ 2 ■ ■
■ · ■ ■ · ■ · ■ · ■ 2 ■ ■ ■ ·
· ■ 2 ■ ■ · ■ · ■ · ■ 2 ■ · ■
■ · ■ ■ 4 ■ ■ · ■ ■ 4 ■ ■ ■ ■
■ · ■ 3 ■ ■ · ■ ■ · ■ ■ 2 ■ ·
■ ■ ■ ■ 4 · ■ ■ · ■ · ■ ■ · ■
· ■ 1 ■ ■ ■ ■ 1 ■ 5 ■ · · ■ 2
■ · ■ · ■ · ■ ■ 2 ■ ■ ■ ■ · ■
3 ■ · ■ · ■ 1 ■ · ■ 2 ■ · ■ ·
■ 5 ■ · ■ · ■ ■ ■ · ■ · ■ 1 ■
· ■ · ■ 7 ■ ■ · ■ · · ■ 1 ■ ·
· ■ 5 ■ · ■ · ■ · ■ 4 ■ · ■ ·
■ 1 ■ · ■ · · · ■ · ■ · ■ 3 ■
· ■ · ■ 2 ■ ■ ■ 5 ■ · ■ · ■ 5
■ · ■ ■ ■ ■ 2 ■ ■ · ■ · ■ ■ ·
2 ■ ■ · ■ 5 ■ 5 ■ ■ ■ ■ 2 ■ ■
■ · ■ ■ · ■ · ■ · ■ 2 ■ ■ ■ ·
· ■ 2 ■ ■ · ■ · ■ · ■ 2 ■ · ■
■ · ■ ■ 4 ■ ■ · ■ ■ 4 ■ ■ ■ ■
■ · ■ 3 ■ ■ · ■ ■ · ■ ■ 2 ■ ·
■ ■ ■ ■ 4 · ■ ■ · ■ · ■ ■ · ■
· ■ 1 ■ ■ ■ ■ 1 ■ 5 ■ · · ■ 2
■ · ■ · ■ · ■ ■ 2 ■ ■ ■ ■ · ■
3 ■ · ■ · ■ 1 ■ · ■ 2 ■ · ■ ·
■ 5 ■ · ■ · ■ ■ ■ · ■ · ■ 1 ■
· ■ · ■ 7 ■ ■ · ■ · · ■ 1 ■ ·
· ■ 5 ■ · ■ · ■ · ■ 4 ■ · ■ ·
■ 1 ■ · ■ · · · ■ · ■ · ■ 3 ■
· ■ · ■ 2 ■ ■ ■ 5 ■ · ■ · ■ 5
■ · ■ ■ ■ ■ 2 ■ ■ · ■ · ■ ■ ·
2 ■ ■ · ■ 5 ■ 5 ■ ■ ■ ■ 2 ■ ■
■ · ■ ■ · ■ · ■ · ■ 2 ■ ■ ■ ·
· ■ 2 ■ ■ · ■ · ■ · ■ 2 ■ · ■
■ · ■ ■ 4 ■ ■ · ■ ■ 4 ■ ■ ■ ■
■ · ■ 3 ■ ■ · ■ ■ · ■ ■ 2 ■ ·
■ ■ ■ ■ 4 · ■ ■ · ■ · ■ ■ · ■
· ■ 1 ■ ■ ■ ■ 1 ■ 5 ■ · · ■ 2
■ · ■ · ■ · ■ ■ 2 ■ ■ ■ ■ · ■
3 ■ · ■ · ■ 1 ■ · ■ 2 ■ · ■ ·
■ 5 ■ · ■ · ■ ■ ■ · ■ · ■ 1 ■
· ■ · ■ 7 ■ ■ · ■ · · ■ 1 ■ ·
· ■ 5 ■ · ■ · ■ · ■ 4 ■ · ■ ·
■ 1 ■ · ■ · · · ■ · ■ · ■ 3 ■
· ■ · ■ 2 ■ ■ ■ 5 ■ · ■ · ■ 5
■ · ■ ■ ■ ■ 2 ■ ■ · ■ · ■ ■ ·
2 ■ ■ · ■ 5 ■ 5 ■ ■ ■ ■ 2 ■ ■
■ · ■ ■ · ■ · ■ · ■ 2 ■ ■ ■ ·
· ■ 2 ■ ■ · ■ · ■ · ■ 2 ■ · ■
■ · ■ ■ 4 ■ ■ · ■ ■ 4 ■ ■ ■ ■
■ · ■ 3 ■ ■ · ■ ■ · ■ ■ 2 ■ ·
■ ■ ■ ■ 4 · ■ ■ · ■ · ■ ■ · ■
· ■ 1 ■ ■ ■ ■ 1 ■ 5 ■ · · ■ 2
■ · ■ · ■ · ■ ■ 2 ■ ■ ■ ■ · ■
3 ■ · ■ · ■ 1 ■ · ■ 2 ■ · ■ ·
■ 5 ■ · ■ · ■ ■ ■ · ■ · ■ 1 ■
· ■ · ■ 7 ■ ■ · ■ · · ■ 1 ■ ·
· ■ 5 ■ · ■ · ■ · ■ 4 ■ · ■ ·
■ 1 ■ · ■ · · · ■ · ■ · ■ 3 ■
· ■ · ■ 2 ■ ■ ■ 5 ■ · ■ · ■ 5
■ · ■ ■ ■ ■ 2 ■ ■ · ■ · ■ ■ ·
2 ■ ■ · ■ 5 ■ 5 ■ ■ ■ ■ 2 ■ ■
■ · ■ ■ · ■ · ■ · ■ 2 ■ ■ ■ ·
· ■ 2 ■ ■ · ■ · ■ · ■ 2 ■ · ■
■ · ■ ■ 4 ■ ■ · ■ ■ 4 ■ ■ ■ ■
■ · ■ 3 ■ ■ · ■ ■ · ■ ■ 2 ■ ·
■ ■ ■ ■ 4 · ■ ■ · ■ · ■ ■ · ■
· ■ 1 ■ ■ ■ ■ 1 ■ 5 ■ · · ■ 2
■ · ■ · ■ · ■ ■ 2 ■ ■ ■ ■ · ■
3 ■ · ■ · ■ 1 ■ · ■ 2 ■ · ■ ·
■ 5 ■ · ■ · ■ ■ ■ · ■ · ■ 1 ■
· ■ · ■ 7 ■ ■ · ■ · · ■ 1 ■ ·
· ■ 5 ■ · ■ · ■ · ■ 4 ■ · ■ ·
■ 1 ■ · ■ · · · ■ · ■ · ■ 3 ■
· ■ · ■ 2 ■ ■ ■ 5 ■ · ■ · ■ 5
■ · ■ ■ ■ ■ 2 ■ ■ · ■ · ■ ■ ·
2 ■ ■ · ■ 5 ■ 5 ■ ■ ■ ■ 2 ■ ■
■ · ■ ■ · ■ · ■ · ■ 2 ■ ■ ■ ·
· ■ 2 ■ ■ · ■ · ■ · ■ 2 ■ · ■
■ · ■ ■ 4 ■ ■ · ■ ■ 4 ■ ■ ■ ■
■ · ■ 3 ■ ■ · ■ ■ · ■ ■ 2 ■ ·
■ ■ ■ ■ 4 · ■ ■ · ■ · ■ ■ · ■
· ■ 1 ■ ■ ■ ■ 1 ■ 5 ■ · · ■ 2
■ · ■ · ■ · ■ ■ 2 ■ ■ ■ ■ · ■
3 ■ · ■ · ■ 1 ■ · ■ 2 ■ · ■ ·
■ 5 ■ · ■ · ■ ■ ■ · ■ · ■ 1 ■
· ■ · ■ 7 ■ ■ · ■ · · ■ 1 ■ ·
# Number of solutions found: 10
# CPU time: 2.861 s
================================= 186 =================================
# Encoding time: 0.2347 s
1 ■ · 4 ■ · 4 ■ · 2
■ · ■ ■ · ■ ■ · ■ ■
■ · · ■ ■ · · ■ · ■
1 ■ ■ ■ · ■ ■ · ■ 1
■ · ■ · ■ · 10 ■ · ■
■ ■ ■ 3 · ■ ■ · ■ ■
1 ■ · ■ ■ · · · ■ 3
■ · ■ · · ■ · · · ■
■ ■ · ■ ■ · ■ · · ■
2 ■ ■ 3 ■ ■ 4 ■ ■ 2
1 ■ · 4 ■ · 4 ■ · 2
■ · ■ ■ · ■ ■ · ■ ■
■ · · ■ ■ · · ■ · ■
1 ■ ■ ■ · ■ ■ · ■ 1
■ · ■ · ■ · 10 ■ · ■
■ ■ ■ 3 · ■ ■ · ■ ■
1 ■ · ■ ■ · · · ■ 3
■ · ■ · · ■ · · · ■
■ ■ · ■ ■ · ■ · · ■
2 ■ ■ 3 ■ ■ 4 ■ ■ 2
1 ■ · 4 ■ · 4 ■ · 2
■ · ■ ■ · ■ ■ · ■ ■
■ · · ■ ■ · · ■ · ■
1 ■ ■ ■ · ■ ■ · ■ 1
■ · ■ · ■ · 10 ■ · ■
■ ■ ■ 3 · ■ ■ · ■ ■
1 ■ · ■ ■ · · · ■ 3
■ · ■ · · ■ · · · ■
■ ■ · ■ ■ · ■ · · ■
2 ■ ■ 3 ■ ■ 4 ■ ■ 2
1 ■ · 4 ■ · 4 ■ · 2
■ · ■ ■ · ■ ■ · ■ ■
■ · · ■ ■ · · ■ · ■
1 ■ ■ ■ · ■ ■ · ■ 1
■ · ■ · ■ · 10 ■ · ■
■ ■ ■ 3 · ■ ■ · ■ ■
1 ■ · ■ ■ · · · ■ 3
■ · ■ · · ■ · · · ■
■ ■ · ■ ■ · ■ · · ■
2 ■ ■ 3 ■ ■ 4 ■ ■ 2
1 ■ · 4 ■ · 4 ■ · 2
■ · ■ ■ · ■ ■ · ■ ■
■ · · ■ ■ · · ■ · ■
1 ■ ■ ■ · ■ ■ · ■ 1
■ · ■ · ■ · 10 ■ · ■
■ ■ ■ 3 · ■ ■ · ■ ■
1 ■ · ■ ■ · · · ■ 3
■ · ■ · · ■ · · · ■
■ ■ · ■ ■ · ■ · · ■
2 ■ ■ 3 ■ ■ 4 ■ ■ 2
1 ■ · 4 ■ · 4 ■ · 2
■ · ■ ■ · ■ ■ · ■ ■
■ · · ■ ■ · · ■ · ■
1 ■ ■ ■ · ■ ■ · ■ 1
■ · ■ · ■ · 10 ■ · ■
■ ■ ■ 3 · ■ ■ · ■ ■
1 ■ · ■ ■ · · · ■ 3
■ · ■ · · ■ · · · ■
■ ■ · ■ ■ · ■ · · ■
2 ■ ■ 3 ■ ■ 4 ■ ■ 2
1 ■ · 4 ■ · 4 ■ · 2
■ · ■ ■ · ■ ■ · ■ ■
■ · · ■ ■ · · ■ · ■
1 ■ ■ ■ · ■ ■ · ■ 1
■ · ■ · ■ · 10 ■ · ■
■ ■ ■ 3 · ■ ■ · ■ ■
1 ■ · ■ ■ · · · ■ 3
■ · ■ · · ■ · · · ■
■ ■ · ■ ■ · ■ · · ■
2 ■ ■ 3 ■ ■ 4 ■ ■ 2
1 ■ · 4 ■ · 4 ■ · 2
■ · ■ ■ · ■ ■ · ■ ■
■ · · ■ ■ · · ■ · ■
1 ■ ■ ■ · ■ ■ · ■ 1
■ · ■ · ■ · 10 ■ · ■
■ ■ ■ 3 · ■ ■ · ■ ■
1 ■ · ■ ■ · · · ■ 3
■ · ■ · · ■ · · · ■
■ ■ · ■ ■ · ■ · · ■
2 ■ ■ 3 ■ ■ 4 ■ ■ 2
1 ■ · 4 ■ · 4 ■ · 2
■ · ■ ■ · ■ ■ · ■ ■
■ · · ■ ■ · · ■ · ■
1 ■ ■ ■ · ■ ■ · ■ 1
■ · ■ · ■ · 10 ■ · ■
■ ■ ■ 3 · ■ ■ · ■ ■
1 ■ · ■ ■ · · · ■ 3
■ · ■ · · ■ · · · ■
■ ■ · ■ ■ · ■ · · ■
2 ■ ■ 3 ■ ■ 4 ■ ■ 2
1 ■ · 4 ■ · 4 ■ · 2
■ · ■ ■ · ■ ■ · ■ ■
■ · · ■ ■ · · ■ · ■
1 ■ ■ ■ · ■ ■ · ■ 1
■ · ■ · ■ · 10 ■ · ■
■ ■ ■ 3 · ■ ■ · ■ ■
1 ■ · ■ ■ · · · ■ 3
■ · ■ · · ■ · · · ■
■ ■ · ■ ■ · ■ · · ■
2 ■ ■ 3 ■ ■ 4 ■ ■ 2
# Number of solutions found: 10
# CPU time: 0.3261 s
================================= 187 =================================
# Encoding time: 0.242 s
■ · ■ 2 ■ 2 ■ ■ 3 ■
4 ■ · ■ ■ ■ ■ · ■ ·
■ · ■ ■ · ■ 4 ■ · ■
■ ■ 1 ■ ■ · ■ 2 ■ ·
· ■ ■ · ■ ■ · ■ · ■
■ 5 · ■ ■ · ■ · ■ 4
■ · · ■ · ■ · ■ ■ ■
2 ■ ■ 3 ■ ■ ■ ■ 3 ■
■ 1 ■ ■ ■ · ■ · ■ 2
· ■ · ■ 3 ■ · ■ · ■
■ · ■ 2 ■ 2 ■ ■ 3 ■
4 ■ · ■ ■ ■ ■ · ■ ·
■ · ■ ■ · ■ 4 ■ · ■
■ ■ 1 ■ ■ · ■ 2 ■ ·
· ■ ■ · ■ ■ · ■ · ■
■ 5 · ■ ■ · ■ · ■ 4
■ · · ■ · ■ · ■ ■ ■
2 ■ ■ 3 ■ ■ ■ ■ 3 ■
■ 1 ■ ■ ■ · ■ · ■ 2
· ■ · ■ 3 ■ · ■ · ■
■ · ■ 2 ■ 2 ■ ■ 3 ■
4 ■ · ■ ■ ■ ■ · ■ ·
■ · ■ ■ · ■ 4 ■ · ■
■ ■ 1 ■ ■ · ■ 2 ■ ·
· ■ ■ · ■ ■ · ■ · ■
■ 5 · ■ ■ · ■ · ■ 4
■ · · ■ · ■ · ■ ■ ■
2 ■ ■ 3 ■ ■ ■ ■ 3 ■
■ 1 ■ ■ ■ · ■ · ■ 2
· ■ · ■ 3 ■ · ■ · ■
■ · ■ 2 ■ 2 ■ ■ 3 ■
4 ■ · ■ ■ ■ ■ · ■ ·
■ · ■ ■ · ■ 4 ■ · ■
■ ■ 1 ■ ■ · ■ 2 ■ ·
· ■ ■ · ■ ■ · ■ · ■
■ 5 · ■ ■ · ■ · ■ 4
■ · · ■ · ■ · ■ ■ ■
2 ■ ■ 3 ■ ■ ■ ■ 3 ■
■ 1 ■ ■ ■ · ■ · ■ 2
· ■ · ■ 3 ■ · ■ · ■
■ · ■ 2 ■ 2 ■ ■ 3 ■
4 ■ · ■ ■ ■ ■ · ■ ·
■ · ■ ■ · ■ 4 ■ · ■
■ ■ 1 ■ ■ · ■ 2 ■ ·
· ■ ■ · ■ ■ · ■ · ■
■ 5 · ■ ■ · ■ · ■ 4
■ · · ■ · ■ · ■ ■ ■
2 ■ ■ 3 ■ ■ ■ ■ 3 ■
■ 1 ■ ■ ■ · ■ · ■ 2
· ■ · ■ 3 ■ · ■ · ■
■ · ■ 2 ■ 2 ■ ■ 3 ■
4 ■ · ■ ■ ■ ■ · ■ ·
■ · ■ ■ · ■ 4 ■ · ■
■ ■ 1 ■ ■ · ■ 2 ■ ·
· ■ ■ · ■ ■ · ■ · ■
■ 5 · ■ ■ · ■ · ■ 4
■ · · ■ · ■ · ■ ■ ■
2 ■ ■ 3 ■ ■ ■ ■ 3 ■
■ 1 ■ ■ ■ · ■ · ■ 2
· ■ · ■ 3 ■ · ■ · ■
■ · ■ 2 ■ 2 ■ ■ 3 ■
4 ■ · ■ ■ ■ ■ · ■ ·
■ · ■ ■ · ■ 4 ■ · ■
■ ■ 1 ■ ■ · ■ 2 ■ ·
· ■ ■ · ■ ■ · ■ · ■
■ 5 · ■ ■ · ■ · ■ 4
■ · · ■ · ■ · ■ ■ ■
2 ■ ■ 3 ■ ■ ■ ■ 3 ■
■ 1 ■ ■ ■ · ■ · ■ 2
· ■ · ■ 3 ■ · ■ · ■
■ · ■ 2 ■ 2 ■ ■ 3 ■
4 ■ · ■ ■ ■ ■ · ■ ·
■ · ■ ■ · ■ 4 ■ · ■
■ ■ 1 ■ ■ · ■ 2 ■ ·
· ■ ■ · ■ ■ · ■ · ■
■ 5 · ■ ■ · ■ · ■ 4
■ · · ■ · ■ · ■ ■ ■
2 ■ ■ 3 ■ ■ ■ ■ 3 ■
■ 1 ■ ■ ■ · ■ · ■ 2
· ■ · ■ 3 ■ · ■ · ■
■ · ■ 2 ■ 2 ■ ■ 3 ■
4 ■ · ■ ■ ■ ■ · ■ ·
■ · ■ ■ · ■ 4 ■ · ■
■ ■ 1 ■ ■ · ■ 2 ■ ·
· ■ ■ · ■ ■ · ■ · ■
■ 5 · ■ ■ · ■ · ■ 4
■ · · ■ · ■ · ■ ■ ■
2 ■ ■ 3 ■ ■ ■ ■ 3 ■
■ 1 ■ ■ ■ · ■ · ■ 2
· ■ · ■ 3 ■ · ■ · ■
■ · ■ 2 ■ 2 ■ ■ 3 ■
4 ■ · ■ ■ ■ ■ · ■ ·
■ · ■ ■ · ■ 4 ■ · ■
■ ■ 1 ■ ■ · ■ 2 ■ ·
· ■ ■ · ■ ■ · ■ · ■
■ 5 · ■ ■ · ■ · ■ 4
■ · · ■ · ■ · ■ ■ ■
2 ■ ■ 3 ■ ■ ■ ■ 3 ■
■ 1 ■ ■ ■ · ■ · ■ 2
· ■ · ■ 3 ■ · ■ · ■
# Number of solutions found: 10
# CPU time: 0.3428 s
================================= 188 =================================
# Encoding time: 0.2287 s
6 ■ · · ■ · ■ ■ 6 ■
· ■ ■ ■ 2 ■ 2 · ■ ·
■ · ■ 2 ■ · ■ ■ ■ ·
· ■ · ■ 2 ■ ■ · · ■
· ■ · ■ · ■ · ■ · ■
■ 1 ■ 3 ■ 1 ■ · ■ 2
■ ■ · ■ · ■ · ■ · ■
· · · · · ■ ■ 2 ■ ■
■ ■ ■ ■ ■ ■ 3 ■ ■ 2
C ■ · ■ · · ■ · ■ ■
6 ■ · · ■ · ■ ■ 6 ■
· ■ ■ ■ 2 ■ 2 · ■ ·
■ · ■ 2 ■ · ■ ■ ■ ·
· ■ · ■ 2 ■ ■ · · ■
· ■ · ■ · ■ · ■ · ■
■ 1 ■ 3 ■ 1 ■ · ■ 2
■ ■ · ■ · ■ · ■ · ■
· · · · · ■ ■ 2 ■ ■
■ ■ ■ ■ ■ ■ 3 ■ ■ 2
C ■ · ■ · · ■ · ■ ■
6 ■ · · ■ · ■ ■ 6 ■
· ■ ■ ■ 2 ■ 2 · ■ ·
■ · ■ 2 ■ · ■ ■ ■ ·
· ■ · ■ 2 ■ ■ · · ■
· ■ · ■ · ■ · ■ · ■
■ 1 ■ 3 ■ 1 ■ · ■ 2
■ ■ · ■ · ■ · ■ · ■
· · · · · ■ ■ 2 ■ ■
■ ■ ■ ■ ■ ■ 3 ■ ■ 2
C ■ · ■ · · ■ · ■ ■
6 ■ · · ■ · ■ ■ 6 ■
· ■ ■ ■ 2 ■ 2 · ■ ·
■ · ■ 2 ■ · ■ ■ ■ ·
· ■ · ■ 2 ■ ■ · · ■
· ■ · ■ · ■ · ■ · ■
■ 1 ■ 3 ■ 1 ■ · ■ 2
■ ■ · ■ · ■ · ■ · ■
· · · · · ■ ■ 2 ■ ■
■ ■ ■ ■ ■ ■ 3 ■ ■ 2
C ■ · ■ · · ■ · ■ ■
6 ■ · · ■ · ■ ■ 6 ■
· ■ ■ ■ 2 ■ 2 · ■ ·
■ · ■ 2 ■ · ■ ■ ■ ·
· ■ · ■ 2 ■ ■ · · ■
· ■ · ■ · ■ · ■ · ■
■ 1 ■ 3 ■ 1 ■ · ■ 2
■ ■ · ■ · ■ · ■ · ■
· · · · · ■ ■ 2 ■ ■
■ ■ ■ ■ ■ ■ 3 ■ ■ 2
C ■ · ■ · · ■ · ■ ■
6 ■ · · ■ · ■ ■ 6 ■
· ■ ■ ■ 2 ■ 2 · ■ ·
■ · ■ 2 ■ · ■ ■ ■ ·
· ■ · ■ 2 ■ ■ · · ■
· ■ · ■ · ■ · ■ · ■
■ 1 ■ 3 ■ 1 ■ · ■ 2
■ ■ · ■ · ■ · ■ · ■
· · · · · ■ ■ 2 ■ ■
■ ■ ■ ■ ■ ■ 3 ■ ■ 2
C ■ · ■ · · ■ · ■ ■
6 ■ · · ■ · ■ ■ 6 ■
· ■ ■ ■ 2 ■ 2 · ■ ·
■ · ■ 2 ■ · ■ ■ ■ ·
· ■ · ■ 2 ■ ■ · · ■
· ■ · ■ · ■ · ■ · ■
■ 1 ■ 3 ■ 1 ■ · ■ 2
■ ■ · ■ · ■ · ■ · ■
· · · · · ■ ■ 2 ■ ■
■ ■ ■ ■ ■ ■ 3 ■ ■ 2
C ■ · ■ · · ■ · ■ ■
6 ■ · · ■ · ■ ■ 6 ■
· ■ ■ ■ 2 ■ 2 · ■ ·
■ · ■ 2 ■ · ■ ■ ■ ·
· ■ · ■ 2 ■ ■ · · ■
· ■ · ■ · ■ · ■ · ■
■ 1 ■ 3 ■ 1 ■ · ■ 2
■ ■ · ■ · ■ · ■ · ■
· · · · · ■ ■ 2 ■ ■
■ ■ ■ ■ ■ ■ 3 ■ ■ 2
C ■ · ■ · · ■ · ■ ■
6 ■ · · ■ · ■ ■ 6 ■
· ■ ■ ■ 2 ■ 2 · ■ ·
■ · ■ 2 ■ · ■ ■ ■ ·
· ■ · ■ 2 ■ ■ · · ■
· ■ · ■ · ■ · ■ · ■
■ 1 ■ 3 ■ 1 ■ · ■ 2
■ ■ · ■ · ■ · ■ · ■
· · · · · ■ ■ 2 ■ ■
■ ■ ■ ■ ■ ■ 3 ■ ■ 2
C ■ · ■ · · ■ · ■ ■
6 ■ · · ■ · ■ ■ 6 ■
· ■ ■ ■ 2 ■ 2 · ■ ·
■ · ■ 2 ■ · ■ ■ ■ ·
· ■ · ■ 2 ■ ■ · · ■
· ■ · ■ · ■ · ■ · ■
■ 1 ■ 3 ■ 1 ■ · ■ 2
■ ■ · ■ · ■ · ■ · ■
· · · · · ■ ■ 2 ■ ■
■ ■ ■ ■ ■ ■ 3 ■ ■ 2
C ■ · ■ · · ■ · ■ ■
# Number of solutions found: 10
# CPU time: 0.3398 s
================================= 189 =================================
# Encoding time: 0.06556 s
7 · · ■ 1 ■ 2
■ · ■ ■ ■ ■ ·
6 ■ · · ■ · ■
■ · ■ ■ · ■ ■
· ■ · ■ · ■ 3
■ · ■ · ■ · ■
1 ■ 1 ■ · ■ 3
7 · · ■ 1 ■ 2
■ · ■ ■ ■ ■ ·
6 ■ · · ■ · ■
■ · ■ ■ · ■ ■
· ■ · ■ · ■ 3
■ · ■ · ■ · ■
1 ■ 1 ■ · ■ 3
7 · · ■ 1 ■ 2
■ · ■ ■ ■ ■ ·
6 ■ · · ■ · ■
■ · ■ ■ · ■ ■
· ■ · ■ · ■ 3
■ · ■ · ■ · ■
1 ■ 1 ■ · ■ 3
7 · · ■ 1 ■ 2
■ · ■ ■ ■ ■ ·
6 ■ · · ■ · ■
■ · ■ ■ · ■ ■
· ■ · ■ · ■ 3
■ · ■ · ■ · ■
1 ■ 1 ■ · ■ 3
7 · · ■ 1 ■ 2
■ · ■ ■ ■ ■ ·
6 ■ · · ■ · ■
■ · ■ ■ · ■ ■
· ■ · ■ · ■ 3
■ · ■ · ■ · ■
1 ■ 1 ■ · ■ 3
7 · · ■ 1 ■ 2
■ · ■ ■ ■ ■ ·
6 ■ · · ■ · ■
■ · ■ ■ · ■ ■
· ■ · ■ · ■ 3
■ · ■ · ■ · ■
1 ■ 1 ■ · ■ 3
7 · · ■ 1 ■ 2
■ · ■ ■ ■ ■ ·
6 ■ · · ■ · ■
■ · ■ ■ · ■ ■
· ■ · ■ · ■ 3
■ · ■ · ■ · ■
1 ■ 1 ■ · ■ 3
7 · · ■ 1 ■ 2
■ · ■ ■ ■ ■ ·
6 ■ · · ■ · ■
■ · ■ ■ · ■ ■
· ■ · ■ · ■ 3
■ · ■ · ■ · ■
1 ■ 1 ■ · ■ 3
7 · · ■ 1 ■ 2
■ · ■ ■ ■ ■ ·
6 ■ · · ■ · ■
■ · ■ ■ · ■ ■
· ■ · ■ · ■ 3
■ · ■ · ■ · ■
1 ■ 1 ■ · ■ 3
7 · · ■ 1 ■ 2
■ · ■ ■ ■ ■ ·
6 ■ · · ■ · ■
■ · ■ ■ · ■ ■
· ■ · ■ · ■ 3
■ · ■ · ■ · ■
1 ■ 1 ■ · ■ 3
# Number of solutions found: 10
# CPU time: 0.0871 s
================================= 190 =================================
# Encoding time: 0.0214 s
■ ■ ■ ■ ■
1 ■ 1 ■ 1
■ ■ ■ ■ ■
■ 1 ■ 1 ■
■ ■ ■ ■ ■
■ ■ ■ ■ ■
1 ■ 1 ■ 1
■ ■ ■ ■ ■
■ 1 ■ 1 ■
■ ■ ■ ■ ■
■ ■ ■ ■ ■
1 ■ 1 ■ 1
■ ■ ■ ■ ■
■ 1 ■ 1 ■
■ ■ ■ ■ ■
■ ■ ■ ■ ■
1 ■ 1 ■ 1
■ ■ ■ ■ ■
■ 1 ■ 1 ■
■ ■ ■ ■ ■
■ ■ ■ ■ ■
1 ■ 1 ■ 1
■ ■ ■ ■ ■
■ 1 ■ 1 ■
■ ■ ■ ■ ■
■ ■ ■ ■ ■
1 ■ 1 ■ 1
■ ■ ■ ■ ■
■ 1 ■ 1 ■
■ ■ ■ ■ ■
■ ■ ■ ■ ■
1 ■ 1 ■ 1
■ ■ ■ ■ ■
■ 1 ■ 1 ■
■ ■ ■ ■ ■
■ ■ ■ ■ ■
1 ■ 1 ■ 1
■ ■ ■ ■ ■
■ 1 ■ 1 ■
■ ■ ■ ■ ■
■ ■ ■ ■ ■
1 ■ 1 ■ 1
■ ■ ■ ■ ■
■ 1 ■ 1 ■
■ ■ ■ ■ ■
■ ■ ■ ■ ■
1 ■ 1 ■ 1
■ ■ ■ ■ ■
■ 1 ■ 1 ■
■ ■ ■ ■ ■
# Number of solutions found: 10
# CPU time: 0.0257 s
================================= 191 =================================
# Encoding time: 0.043 s
· 4 ■ ■ · ■ ·
■ ■ ■ · ■ · ■
1 ■ · ■ · ■ ■
■ · ■ · ■ ■ ·
· ■ · ■ · · ■
■ 7 ■ · ■ ■ ·
· ■ 5 ■ · ■ 6
· 4 ■ ■ · ■ ·
■ ■ ■ · ■ · ■
1 ■ · ■ · ■ ■
■ · ■ · ■ ■ ·
· ■ · ■ · · ■
■ 7 ■ · ■ ■ ·
· ■ 5 ■ · ■ 6
· 4 ■ ■ · ■ ·
■ ■ ■ · ■ · ■
1 ■ · ■ · ■ ■
■ · ■ · ■ ■ ·
· ■ · ■ · · ■
■ 7 ■ · ■ ■ ·
· ■ 5 ■ · ■ 6
· 4 ■ ■ · ■ ·
■ ■ ■ · ■ · ■
1 ■ · ■ · ■ ■
■ · ■ · ■ ■ ·
· ■ · ■ · · ■
■ 7 ■ · ■ ■ ·
· ■ 5 ■ · ■ 6
· 4 ■ ■ · ■ ·
■ ■ ■ · ■ · ■
1 ■ · ■ · ■ ■
■ · ■ · ■ ■ ·
· ■ · ■ · · ■
■ 7 ■ · ■ ■ ·
· ■ 5 ■ · ■ 6
· 4 ■ ■ · ■ ·
■ ■ ■ · ■ · ■
1 ■ · ■ · ■ ■
■ · ■ · ■ ■ ·
· ■ · ■ · · ■
■ 7 ■ · ■ ■ ·
· ■ 5 ■ · ■ 6
· 4 ■ ■ · ■ ·
■ ■ ■ · ■ · ■
1 ■ · ■ · ■ ■
■ · ■ · ■ ■ ·
· ■ · ■ · · ■
■ 7 ■ · ■ ■ ·
· ■ 5 ■ · ■ 6
· 4 ■ ■ · ■ ·
■ ■ ■ · ■ · ■
1 ■ · ■ · ■ ■
■ · ■ · ■ ■ ·
· ■ · ■ · · ■
■ 7 ■ · ■ ■ ·
· ■ 5 ■ · ■ 6
· 4 ■ ■ · ■ ·
■ ■ ■ · ■ · ■
1 ■ · ■ · ■ ■
■ · ■ · ■ ■ ·
· ■ · ■ · · ■
■ 7 ■ · ■ ■ ·
· ■ 5 ■ · ■ 6
· 4 ■ ■ · ■ ·
■ ■ ■ · ■ · ■
1 ■ · ■ · ■ ■
■ · ■ · ■ ■ ·
· ■ · ■ · · ■
■ 7 ■ · ■ ■ ·
· ■ 5 ■ · ■ 6
# Number of solutions found: 10
# CPU time: 0.06734 s
================================= 192 =================================
# Encoding time: 0.05944 s
■ ■ ■ · · ■ ■
■ 1 ■ ■ ■ · ■
2 ■ 3 · ■ 2 ■
■ ■ ■ ■ · ■ ■
· ■ 2 ■ ■ 3 ■
■ 3 ■ · ■ · ■
· ■ ■ ■ ■ ■ ■
■ ■ ■ · · ■ ■
■ 1 ■ ■ ■ · ■
2 ■ 3 · ■ 2 ■
■ ■ ■ ■ · ■ ■
· ■ 2 ■ ■ 3 ■
■ 3 ■ · ■ · ■
· ■ ■ ■ ■ ■ ■
■ ■ ■ · · ■ ■
■ 1 ■ ■ ■ · ■
2 ■ 3 · ■ 2 ■
■ ■ ■ ■ · ■ ■
· ■ 2 ■ ■ 3 ■
■ 3 ■ · ■ · ■
· ■ ■ ■ ■ ■ ■
■ ■ ■ · · ■ ■
■ 1 ■ ■ ■ · ■
2 ■ 3 · ■ 2 ■
■ ■ ■ ■ · ■ ■
· ■ 2 ■ ■ 3 ■
■ 3 ■ · ■ · ■
· ■ ■ ■ ■ ■ ■
■ ■ ■ · · ■ ■
■ 1 ■ ■ ■ · ■
2 ■ 3 · ■ 2 ■
■ ■ ■ ■ · ■ ■
· ■ 2 ■ ■ 3 ■
■ 3 ■ · ■ · ■
· ■ ■ ■ ■ ■ ■
■ ■ ■ · · ■ ■
■ 1 ■ ■ ■ · ■
2 ■ 3 · ■ 2 ■
■ ■ ■ ■ · ■ ■
· ■ 2 ■ ■ 3 ■
■ 3 ■ · ■ · ■
· ■ ■ ■ ■ ■ ■
■ ■ ■ · · ■ ■
■ 1 ■ ■ ■ · ■
2 ■ 3 · ■ 2 ■
■ ■ ■ ■ · ■ ■
· ■ 2 ■ ■ 3 ■
■ 3 ■ · ■ · ■
· ■ ■ ■ ■ ■ ■
■ ■ ■ · · ■ ■
■ 1 ■ ■ ■ · ■
2 ■ 3 · ■ 2 ■
■ ■ ■ ■ · ■ ■
· ■ 2 ■ ■ 3 ■
■ 3 ■ · ■ · ■
· ■ ■ ■ ■ ■ ■
■ ■ ■ · · ■ ■
■ 1 ■ ■ ■ · ■
2 ■ 3 · ■ 2 ■
■ ■ ■ ■ · ■ ■
· ■ 2 ■ ■ 3 ■
■ 3 ■ · ■ · ■
· ■ ■ ■ ■ ■ ■
■ ■ ■ · · ■ ■
■ 1 ■ ■ ■ · ■
2 ■ 3 · ■ 2 ■
■ ■ ■ ■ · ■ ■
· ■ 2 ■ ■ 3 ■
■ 3 ■ · ■ · ■
· ■ ■ ■ ■ ■ ■
# Number of solutions found: 10
# CPU time: 0.07745 s
================================= 193 =================================
# Encoding time: 6.953 s
8 ■ 2 ■ 3 ■ ■ ■ 2 ■ ■ 1 ■ 3 ■ ■ 1 ■ 2 ■
■ · ■ ■ ■ ■ · ■ ■ · ■ ■ ■ ■ · ■ ■ · ■ ·
· ■ ■ 1 ■ 3 ■ 2 ■ ■ 3 ■ 3 ■ ■ 3 · ■ ■ ■
■ · ■ ■ ■ ■ · ■ · ■ ■ · ■ · ■ ■ ■ · 4 ■
· ■ · ■ 1 ■ ■ 4 ■ · · ■ 6 ■ 2 · ■ · ■ ·
■ · ■ 1 ■ · · ■ · ■ ■ · ■ · ■ ■ 1 ■ ■ ·
2 ■ · ■ · ■ ■ 2 ■ ■ 1 ■ ■ ■ ■ 1 ■ · ■ ■
■ · 3 ■ 5 ■ · ■ · 3 ■ · · ■ · ■ 3 ■ · ■
1 ■ ■ · ■ ■ ■ · ■ ■ · ■ ■ · ■ 2 ■ · ■ 1
■ · ■ ■ · 6 ■ · · ■ ■ 1 ■ · ■ ■ ■ ■ · ■
1 ■ · 6 ■ ■ · ■ ■ · ■ ■ 3 ■ · ■ 2 ■ ■ ■
■ 4 ■ ■ · ■ ■ · ■ ■ 2 ■ ■ · ■ 1 ■ · ■ ·
■ ■ ■ · ■ · · ■ 1 ■ ■ · 3 ■ ■ ■ 4 ■ 4 ■
· · · ■ 4 ■ ■ 1 ■ ■ · ■ ■ ■ 1 ■ ■ · ■ ■
■ · ■ · ■ ■ 4 ■ ■ 3 ■ ■ · ■ ■ ■ · ■ ■ 1
3 ■ 1 ■ ■ · ■ ■ · ■ · ■ ■ 3 ■ 1 ■ · ■ ■
■ · ■ ■ · ■ ■ · ■ · ■ · ■ ■ · ■ 1 ■ 1 ■
· ■ 2 ■ ■ 5 · ■ · ■ 3 ■ ■ · ■ 4 ■ · ■ 3
2 ■ ■ ■ 1 ■ ■ · ■ · ■ ■ · ■ · ■ · ■ · ■
■ · ■ · ■ ■ 1 ■ · ■ 2 · ■ 1 ■ · ■ · ■ ·
8 ■ 2 ■ 3 ■ ■ ■ 2 ■ ■ 1 ■ 3 ■ ■ 1 ■ 2 ■
■ · ■ ■ ■ ■ · ■ ■ · ■ ■ ■ ■ · ■ ■ · ■ ·
· ■ ■ 1 ■ 3 ■ 2 ■ ■ 3 ■ 3 ■ ■ 3 · ■ ■ ■
■ · ■ ■ ■ ■ · ■ · ■ ■ · ■ · ■ ■ ■ · 4 ■
· ■ · ■ 1 ■ ■ 4 ■ · · ■ 6 ■ 2 · ■ · ■ ·
■ · ■ 1 ■ · · ■ · ■ ■ · ■ · ■ ■ 1 ■ ■ ·
2 ■ · ■ · ■ ■ 2 ■ ■ 1 ■ ■ ■ ■ 1 ■ · ■ ■
■ · 3 ■ 5 ■ · ■ · 3 ■ · · ■ · ■ 3 ■ · ■
1 ■ ■ · ■ ■ ■ · ■ ■ · ■ ■ · ■ 2 ■ · ■ 1
■ · ■ ■ · 6 ■ · · ■ ■ 1 ■ · ■ ■ ■ ■ · ■
1 ■ · 6 ■ ■ · ■ ■ · ■ ■ 3 ■ · ■ 2 ■ ■ ■
■ 4 ■ ■ · ■ ■ · ■ ■ 2 ■ ■ · ■ 1 ■ · ■ ·
■ ■ ■ · ■ · · ■ 1 ■ ■ · 3 ■ ■ ■ 4 ■ 4 ■
· · · ■ 4 ■ ■ 1 ■ ■ · ■ ■ ■ 1 ■ ■ · ■ ■
■ · ■ · ■ ■ 4 ■ ■ 3 ■ ■ · ■ ■ ■ · ■ ■ 1
3 ■ 1 ■ ■ · ■ ■ · ■ · ■ ■ 3 ■ 1 ■ · ■ ■
■ · ■ ■ · ■ ■ · ■ · ■ · ■ ■ · ■ 1 ■ 1 ■
· ■ 2 ■ ■ 5 · ■ · ■ 3 ■ ■ · ■ 4 ■ · ■ 3
2 ■ ■ ■ 1 ■ ■ · ■ · ■ ■ · ■ · ■ · ■ · ■
■ · ■ · ■ ■ 1 ■ · ■ 2 · ■ 1 ■ · ■ · ■ ·
8 ■ 2 ■ 3 ■ ■ ■ 2 ■ ■ 1 ■ 3 ■ ■ 1 ■ 2 ■
■ · ■ ■ ■ ■ · ■ ■ · ■ ■ ■ ■ · ■ ■ · ■ ·
· ■ ■ 1 ■ 3 ■ 2 ■ ■ 3 ■ 3 ■ ■ 3 · ■ ■ ■
■ · ■ ■ ■ ■ · ■ · ■ ■ · ■ · ■ ■ ■ · 4 ■
· ■ · ■ 1 ■ ■ 4 ■ · · ■ 6 ■ 2 · ■ · ■ ·
■ · ■ 1 ■ · · ■ · ■ ■ · ■ · ■ ■ 1 ■ ■ ·
2 ■ · ■ · ■ ■ 2 ■ ■ 1 ■ ■ ■ ■ 1 ■ · ■ ■
■ · 3 ■ 5 ■ · ■ · 3 ■ · · ■ · ■ 3 ■ · ■
1 ■ ■ · ■ ■ ■ · ■ ■ · ■ ■ · ■ 2 ■ · ■ 1
■ · ■ ■ · 6 ■ · · ■ ■ 1 ■ · ■ ■ ■ ■ · ■
1 ■ · 6 ■ ■ · ■ ■ · ■ ■ 3 ■ · ■ 2 ■ ■ ■
■ 4 ■ ■ · ■ ■ · ■ ■ 2 ■ ■ · ■ 1 ■ · ■ ·
■ ■ ■ · ■ · · ■ 1 ■ ■ · 3 ■ ■ ■ 4 ■ 4 ■
· · · ■ 4 ■ ■ 1 ■ ■ · ■ ■ ■ 1 ■ ■ · ■ ■
■ · ■ · ■ ■ 4 ■ ■ 3 ■ ■ · ■ ■ ■ · ■ ■ 1
3 ■ 1 ■ ■ · ■ ■ · ■ · ■ ■ 3 ■ 1 ■ · ■ ■
■ · ■ ■ · ■ ■ · ■ · ■ · ■ ■ · ■ 1 ■ 1 ■
· ■ 2 ■ ■ 5 · ■ · ■ 3 ■ ■ · ■ 4 ■ · ■ 3
2 ■ ■ ■ 1 ■ ■ · ■ · ■ ■ · ■ · ■ · ■ · ■
■ · ■ · ■ ■ 1 ■ · ■ 2 · ■ 1 ■ · ■ · ■ ·
8 ■ 2 ■ 3 ■ ■ ■ 2 ■ ■ 1 ■ 3 ■ ■ 1 ■ 2 ■
■ · ■ ■ ■ ■ · ■ ■ · ■ ■ ■ ■ · ■ ■ · ■ ·
· ■ ■ 1 ■ 3 ■ 2 ■ ■ 3 ■ 3 ■ ■ 3 · ■ ■ ■
■ · ■ ■ ■ ■ · ■ · ■ ■ · ■ · ■ ■ ■ · 4 ■
· ■ · ■ 1 ■ ■ 4 ■ · · ■ 6 ■ 2 · ■ · ■ ·
■ · ■ 1 ■ · · ■ · ■ ■ · ■ · ■ ■ 1 ■ ■ ·
2 ■ · ■ · ■ ■ 2 ■ ■ 1 ■ ■ ■ ■ 1 ■ · ■ ■
■ · 3 ■ 5 ■ · ■ · 3 ■ · · ■ · ■ 3 ■ · ■
1 ■ ■ · ■ ■ ■ · ■ ■ · ■ ■ · ■ 2 ■ · ■ 1
■ · ■ ■ · 6 ■ · · ■ ■ 1 ■ · ■ ■ ■ ■ · ■
1 ■ · 6 ■ ■ · ■ ■ · ■ ■ 3 ■ · ■ 2 ■ ■ ■
■ 4 ■ ■ · ■ ■ · ■ ■ 2 ■ ■ · ■ 1 ■ · ■ ·
■ ■ ■ · ■ · · ■ 1 ■ ■ · 3 ■ ■ ■ 4 ■ 4 ■
· · · ■ 4 ■ ■ 1 ■ ■ · ■ ■ ■ 1 ■ ■ · ■ ■
■ · ■ · ■ ■ 4 ■ ■ 3 ■ ■ · ■ ■ ■ · ■ ■ 1
3 ■ 1 ■ ■ · ■ ■ · ■ · ■ ■ 3 ■ 1 ■ · ■ ■
■ · ■ ■ · ■ ■ · ■ · ■ · ■ ■ · ■ 1 ■ 1 ■
· ■ 2 ■ ■ 5 · ■ · ■ 3 ■ ■ · ■ 4 ■ · ■ 3
2 ■ ■ ■ 1 ■ ■ · ■ · ■ ■ · ■ · ■ · ■ · ■
■ · ■ · ■ ■ 1 ■ · ■ 2 · ■ 1 ■ · ■ · ■ ·
8 ■ 2 ■ 3 ■ ■ ■ 2 ■ ■ 1 ■ 3 ■ ■ 1 ■ 2 ■
■ · ■ ■ ■ ■ · ■ ■ · ■ ■ ■ ■ · ■ ■ · ■ ·
· ■ ■ 1 ■ 3 ■ 2 ■ ■ 3 ■ 3 ■ ■ 3 · ■ ■ ■
■ · ■ ■ ■ ■ · ■ · ■ ■ · ■ · ■ ■ ■ · 4 ■
· ■ · ■ 1 ■ ■ 4 ■ · · ■ 6 ■ 2 · ■ · ■ ·
■ · ■ 1 ■ · · ■ · ■ ■ · ■ · ■ ■ 1 ■ ■ ·
2 ■ · ■ · ■ ■ 2 ■ ■ 1 ■ ■ ■ ■ 1 ■ · ■ ■
■ · 3 ■ 5 ■ · ■ · 3 ■ · · ■ · ■ 3 ■ · ■
1 ■ ■ · ■ ■ ■ · ■ ■ · ■ ■ · ■ 2 ■ · ■ 1
■ · ■ ■ · 6 ■ · · ■ ■ 1 ■ · ■ ■ ■ ■ · ■
1 ■ · 6 ■ ■ · ■ ■ · ■ ■ 3 ■ · ■ 2 ■ ■ ■
■ 4 ■ ■ · ■ ■ · ■ ■ 2 ■ ■ · ■ 1 ■ · ■ ·
■ ■ ■ · ■ · · ■ 1 ■ ■ · 3 ■ ■ ■ 4 ■ 4 ■
· · · ■ 4 ■ ■ 1 ■ ■ · ■ ■ ■ 1 ■ ■ · ■ ■
■ · ■ · ■ ■ 4 ■ ■ 3 ■ ■ · ■ ■ ■ · ■ ■ 1
3 ■ 1 ■ ■ · ■ ■ · ■ · ■ ■ 3 ■ 1 ■ · ■ ■
■ · ■ ■ · ■ ■ · ■ · ■ · ■ ■ · ■ 1 ■ 1 ■
· ■ 2 ■ ■ 5 · ■ · ■ 3 ■ ■ · ■ 4 ■ · ■ 3
2 ■ ■ ■ 1 ■ ■ · ■ · ■ ■ · ■ · ■ · ■ · ■
■ · ■ · ■ ■ 1 ■ · ■ 2 · ■ 1 ■ · ■ · ■ ·
8 ■ 2 ■ 3 ■ ■ ■ 2 ■ ■ 1 ■ 3 ■ ■ 1 ■ 2 ■
■ · ■ ■ ■ ■ · ■ ■ · ■ ■ ■ ■ · ■ ■ · ■ ·
· ■ ■ 1 ■ 3 ■ 2 ■ ■ 3 ■ 3 ■ ■ 3 · ■ ■ ■
■ · ■ ■ ■ ■ · ■ · ■ ■ · ■ · ■ ■ ■ · 4 ■
· ■ · ■ 1 ■ ■ 4 ■ · · ■ 6 ■ 2 · ■ · ■ ·
■ · ■ 1 ■ · · ■ · ■ ■ · ■ · ■ ■ 1 ■ ■ ·
2 ■ · ■ · ■ ■ 2 ■ ■ 1 ■ ■ ■ ■ 1 ■ · ■ ■
■ · 3 ■ 5 ■ · ■ · 3 ■ · · ■ · ■ 3 ■ · ■
1 ■ ■ · ■ ■ ■ · ■ ■ · ■ ■ · ■ 2 ■ · ■ 1
■ · ■ ■ · 6 ■ · · ■ ■ 1 ■ · ■ ■ ■ ■ · ■
1 ■ · 6 ■ ■ · ■ ■ · ■ ■ 3 ■ · ■ 2 ■ ■ ■
■ 4 ■ ■ · ■ ■ · ■ ■ 2 ■ ■ · ■ 1 ■ · ■ ·
■ ■ ■ · ■ · · ■ 1 ■ ■ · 3 ■ ■ ■ 4 ■ 4 ■
· · · ■ 4 ■ ■ 1 ■ ■ · ■ ■ ■ 1 ■ ■ · ■ ■
■ · ■ · ■ ■ 4 ■ ■ 3 ■ ■ · ■ ■ ■ · ■ ■ 1
3 ■ 1 ■ ■ · ■ ■ · ■ · ■ ■ 3 ■ 1 ■ · ■ ■
■ · ■ ■ · ■ ■ · ■ · ■ · ■ ■ · ■ 1 ■ 1 ■
· ■ 2 ■ ■ 5 · ■ · ■ 3 ■ ■ · ■ 4 ■ · ■ 3
2 ■ ■ ■ 1 ■ ■ · ■ · ■ ■ · ■ · ■ · ■ · ■
■ · ■ · ■ ■ 1 ■ · ■ 2 · ■ 1 ■ · ■ · ■ ·
8 ■ 2 ■ 3 ■ ■ ■ 2 ■ ■ 1 ■ 3 ■ ■ 1 ■ 2 ■
■ · ■ ■ ■ ■ · ■ ■ · ■ ■ ■ ■ · ■ ■ · ■ ·
· ■ ■ 1 ■ 3 ■ 2 ■ ■ 3 ■ 3 ■ ■ 3 · ■ ■ ■
■ · ■ ■ ■ ■ · ■ · ■ ■ · ■ · ■ ■ ■ · 4 ■
· ■ · ■ 1 ■ ■ 4 ■ · · ■ 6 ■ 2 · ■ · ■ ·
■ · ■ 1 ■ · · ■ · ■ ■ · ■ · ■ ■ 1 ■ ■ ·
2 ■ · ■ · ■ ■ 2 ■ ■ 1 ■ ■ ■ ■ 1 ■ · ■ ■
■ · 3 ■ 5 ■ · ■ · 3 ■ · · ■ · ■ 3 ■ · ■
1 ■ ■ · ■ ■ ■ · ■ ■ · ■ ■ · ■ 2 ■ · ■ 1
■ · ■ ■ · 6 ■ · · ■ ■ 1 ■ · ■ ■ ■ ■ · ■
1 ■ · 6 ■ ■ · ■ ■ · ■ ■ 3 ■ · ■ 2 ■ ■ ■
■ 4 ■ ■ · ■ ■ · ■ ■ 2 ■ ■ · ■ 1 ■ · ■ ·
■ ■ ■ · ■ · · ■ 1 ■ ■ · 3 ■ ■ ■ 4 ■ 4 ■
· · · ■ 4 ■ ■ 1 ■ ■ · ■ ■ ■ 1 ■ ■ · ■ ■
■ · ■ · ■ ■ 4 ■ ■ 3 ■ ■ · ■ ■ ■ · ■ ■ 1
3 ■ 1 ■ ■ · ■ ■ · ■ · ■ ■ 3 ■ 1 ■ · ■ ■
■ · ■ ■ · ■ ■ · ■ · ■ · ■ ■ · ■ 1 ■ 1 ■
· ■ 2 ■ ■ 5 · ■ · ■ 3 ■ ■ · ■ 4 ■ · ■ 3
2 ■ ■ ■ 1 ■ ■ · ■ · ■ ■ · ■ · ■ · ■ · ■
■ · ■ · ■ ■ 1 ■ · ■ 2 · ■ 1 ■ · ■ · ■ ·
8 ■ 2 ■ 3 ■ ■ ■ 2 ■ ■ 1 ■ 3 ■ ■ 1 ■ 2 ■
■ · ■ ■ ■ ■ · ■ ■ · ■ ■ ■ ■ · ■ ■ · ■ ·
· ■ ■ 1 ■ 3 ■ 2 ■ ■ 3 ■ 3 ■ ■ 3 · ■ ■ ■
■ · ■ ■ ■ ■ · ■ · ■ ■ · ■ · ■ ■ ■ · 4 ■
· ■ · ■ 1 ■ ■ 4 ■ · · ■ 6 ■ 2 · ■ · ■ ·
■ · ■ 1 ■ · · ■ · ■ ■ · ■ · ■ ■ 1 ■ ■ ·
2 ■ · ■ · ■ ■ 2 ■ ■ 1 ■ ■ ■ ■ 1 ■ · ■ ■
■ · 3 ■ 5 ■ · ■ · 3 ■ · · ■ · ■ 3 ■ · ■
1 ■ ■ · ■ ■ ■ · ■ ■ · ■ ■ · ■ 2 ■ · ■ 1
■ · ■ ■ · 6 ■ · · ■ ■ 1 ■ · ■ ■ ■ ■ · ■
1 ■ · 6 ■ ■ · ■ ■ · ■ ■ 3 ■ · ■ 2 ■ ■ ■
■ 4 ■ ■ · ■ ■ · ■ ■ 2 ■ ■ · ■ 1 ■ · ■ ·
■ ■ ■ · ■ · · ■ 1 ■ ■ · 3 ■ ■ ■ 4 ■ 4 ■
· · · ■ 4 ■ ■ 1 ■ ■ · ■ ■ ■ 1 ■ ■ · ■ ■
■ · ■ · ■ ■ 4 ■ ■ 3 ■ ■ · ■ ■ ■ · ■ ■ 1
3 ■ 1 ■ ■ · ■ ■ · ■ · ■ ■ 3 ■ 1 ■ · ■ ■
■ · ■ ■ · ■ ■ · ■ · ■ · ■ ■ · ■ 1 ■ 1 ■
· ■ 2 ■ ■ 5 · ■ · ■ 3 ■ ■ · ■ 4 ■ · ■ 3
2 ■ ■ ■ 1 ■ ■ · ■ · ■ ■ · ■ · ■ · ■ · ■
■ · ■ · ■ ■ 1 ■ · ■ 2 · ■ 1 ■ · ■ · ■ ·
8 ■ 2 ■ 3 ■ ■ ■ 2 ■ ■ 1 ■ 3 ■ ■ 1 ■ 2 ■
■ · ■ ■ ■ ■ · ■ ■ · ■ ■ ■ ■ · ■ ■ · ■ ·
· ■ ■ 1 ■ 3 ■ 2 ■ ■ 3 ■ 3 ■ ■ 3 · ■ ■ ■
■ · ■ ■ ■ ■ · ■ · ■ ■ · ■ · ■ ■ ■ · 4 ■
· ■ · ■ 1 ■ ■ 4 ■ · · ■ 6 ■ 2 · ■ · ■ ·
■ · ■ 1 ■ · · ■ · ■ ■ · ■ · ■ ■ 1 ■ ■ ·
2 ■ · ■ · ■ ■ 2 ■ ■ 1 ■ ■ ■ ■ 1 ■ · ■ ■
■ · 3 ■ 5 ■ · ■ · 3 ■ · · ■ · ■ 3 ■ · ■
1 ■ ■ · ■ ■ ■ · ■ ■ · ■ ■ · ■ 2 ■ · ■ 1
■ · ■ ■ · 6 ■ · · ■ ■ 1 ■ · ■ ■ ■ ■ · ■
1 ■ · 6 ■ ■ · ■ ■ · ■ ■ 3 ■ · ■ 2 ■ ■ ■
■ 4 ■ ■ · ■ ■ · ■ ■ 2 ■ ■ · ■ 1 ■ · ■ ·
■ ■ ■ · ■ · · ■ 1 ■ ■ · 3 ■ ■ ■ 4 ■ 4 ■
· · · ■ 4 ■ ■ 1 ■ ■ · ■ ■ ■ 1 ■ ■ · ■ ■
■ · ■ · ■ ■ 4 ■ ■ 3 ■ ■ · ■ ■ ■ · ■ ■ 1
3 ■ 1 ■ ■ · ■ ■ · ■ · ■ ■ 3 ■ 1 ■ · ■ ■
■ · ■ ■ · ■ ■ · ■ · ■ · ■ ■ · ■ 1 ■ 1 ■
· ■ 2 ■ ■ 5 · ■ · ■ 3 ■ ■ · ■ 4 ■ · ■ 3
2 ■ ■ ■ 1 ■ ■ · ■ · ■ ■ · ■ · ■ · ■ · ■
■ · ■ · ■ ■ 1 ■ · ■ 2 · ■ 1 ■ · ■ · ■ ·
8 ■ 2 ■ 3 ■ ■ ■ 2 ■ ■ 1 ■ 3 ■ ■ 1 ■ 2 ■
■ · ■ ■ ■ ■ · ■ ■ · ■ ■ ■ ■ · ■ ■ · ■ ·
· ■ ■ 1 ■ 3 ■ 2 ■ ■ 3 ■ 3 ■ ■ 3 · ■ ■ ■
■ · ■ ■ ■ ■ · ■ · ■ ■ · ■ · ■ ■ ■ · 4 ■
· ■ · ■ 1 ■ ■ 4 ■ · · ■ 6 ■ 2 · ■ · ■ ·
■ · ■ 1 ■ · · ■ · ■ ■ · ■ · ■ ■ 1 ■ ■ ·
2 ■ · ■ · ■ ■ 2 ■ ■ 1 ■ ■ ■ ■ 1 ■ · ■ ■
■ · 3 ■ 5 ■ · ■ · 3 ■ · · ■ · ■ 3 ■ · ■
1 ■ ■ · ■ ■ ■ · ■ ■ · ■ ■ · ■ 2 ■ · ■ 1
■ · ■ ■ · 6 ■ · · ■ ■ 1 ■ · ■ ■ ■ ■ · ■
1 ■ · 6 ■ ■ · ■ ■ · ■ ■ 3 ■ · ■ 2 ■ ■ ■
■ 4 ■ ■ · ■ ■ · ■ ■ 2 ■ ■ · ■ 1 ■ · ■ ·
■ ■ ■ · ■ · · ■ 1 ■ ■ · 3 ■ ■ ■ 4 ■ 4 ■
· · · ■ 4 ■ ■ 1 ■ ■ · ■ ■ ■ 1 ■ ■ · ■ ■
■ · ■ · ■ ■ 4 ■ ■ 3 ■ ■ · ■ ■ ■ · ■ ■ 1
3 ■ 1 ■ ■ · ■ ■ · ■ · ■ ■ 3 ■ 1 ■ · ■ ■
■ · ■ ■ · ■ ■ · ■ · ■ · ■ ■ · ■ 1 ■ 1 ■
· ■ 2 ■ ■ 5 · ■ · ■ 3 ■ ■ · ■ 4 ■ · ■ 3
2 ■ ■ ■ 1 ■ ■ · ■ · ■ ■ · ■ · ■ · ■ · ■
■ · ■ · ■ ■ 1 ■ · ■ 2 · ■ 1 ■ · ■ · ■ ·
# Number of solutions found: 10
# CPU time: 51.64 s
================================= 194 =================================
# Encoding time: 0.9993 s
2 ■ · ■ ■ · ■ ■ 2
■ · ■ · ■ ■ 2 · ■
■ ■ 3 ■ · ■ ■ ■ ·
· 4 ■ · ■ ■ 2 ■ ■
· ■ · ■ 2 ■ · ■ 2
■ ■ ■ · ■ 3 ■ ■ ■
■ · ■ ■ 3 ■ ■ · ■
■ ■ 2 ■ ■ ■ · ■ ·
3 ■ ■ · ■ · ■ 2 ■
2 ■ · ■ ■ · ■ ■ 2
■ · ■ · ■ ■ 2 · ■
■ ■ 3 ■ · ■ ■ ■ ·
· 4 ■ · ■ ■ 2 ■ ■
· ■ · ■ 2 ■ · ■ 2
■ ■ ■ · ■ 3 ■ ■ ■
■ · ■ ■ 3 ■ ■ · ■
■ ■ 2 ■ ■ ■ · ■ ·
3 ■ ■ · ■ · ■ 2 ■
2 ■ · ■ ■ · ■ ■ 2
■ · ■ · ■ ■ 2 · ■
■ ■ 3 ■ · ■ ■ ■ ·
· 4 ■ · ■ ■ 2 ■ ■
· ■ · ■ 2 ■ · ■ 2
■ ■ ■ · ■ 3 ■ ■ ■
■ · ■ ■ 3 ■ ■ · ■
■ ■ 2 ■ ■ ■ · ■ ·
3 ■ ■ · ■ · ■ 2 ■
2 ■ · ■ ■ · ■ ■ 2
■ · ■ · ■ ■ 2 · ■
■ ■ 3 ■ · ■ ■ ■ ·
· 4 ■ · ■ ■ 2 ■ ■
· ■ · ■ 2 ■ · ■ 2
■ ■ ■ · ■ 3 ■ ■ ■
■ · ■ ■ 3 ■ ■ · ■
■ ■ 2 ■ ■ ■ · ■ ·
3 ■ ■ · ■ · ■ 2 ■
2 ■ · ■ ■ · ■ ■ 2
■ · ■ · ■ ■ 2 · ■
■ ■ 3 ■ · ■ ■ ■ ·
· 4 ■ · ■ ■ 2 ■ ■
· ■ · ■ 2 ■ · ■ 2
■ ■ ■ · ■ 3 ■ ■ ■
■ · ■ ■ 3 ■ ■ · ■
■ ■ 2 ■ ■ ■ · ■ ·
3 ■ ■ · ■ · ■ 2 ■
2 ■ · ■ ■ · ■ ■ 2
■ · ■ · ■ ■ 2 · ■
■ ■ 3 ■ · ■ ■ ■ ·
· 4 ■ · ■ ■ 2 ■ ■
· ■ · ■ 2 ■ · ■ 2
■ ■ ■ · ■ 3 ■ ■ ■
■ · ■ ■ 3 ■ ■ · ■
■ ■ 2 ■ ■ ■ · ■ ·
3 ■ ■ · ■ · ■ 2 ■
2 ■ · ■ ■ · ■ ■ 2
■ · ■ · ■ ■ 2 · ■
■ ■ 3 ■ · ■ ■ ■ ·
· 4 ■ · ■ ■ 2 ■ ■
· ■ · ■ 2 ■ · ■ 2
■ ■ ■ · ■ 3 ■ ■ ■
■ · ■ ■ 3 ■ ■ · ■
■ ■ 2 ■ ■ ■ · ■ ·
3 ■ ■ · ■ · ■ 2 ■
2 ■ · ■ ■ · ■ ■ 2
■ · ■ · ■ ■ 2 · ■
■ ■ 3 ■ · ■ ■ ■ ·
· 4 ■ · ■ ■ 2 ■ ■
· ■ · ■ 2 ■ · ■ 2
■ ■ ■ · ■ 3 ■ ■ ■
■ · ■ ■ 3 ■ ■ · ■
■ ■ 2 ■ ■ ■ · ■ ·
3 ■ ■ · ■ · ■ 2 ■
2 ■ · ■ ■ · ■ ■ 2
■ · ■ · ■ ■ 2 · ■
■ ■ 3 ■ · ■ ■ ■ ·
· 4 ■ · ■ ■ 2 ■ ■
· ■ · ■ 2 ■ · ■ 2
■ ■ ■ · ■ 3 ■ ■ ■
■ · ■ ■ 3 ■ ■ · ■
■ ■ 2 ■ ■ ■ · ■ ·
3 ■ ■ · ■ · ■ 2 ■
2 ■ · ■ ■ · ■ ■ 2
■ · ■ · ■ ■ 2 · ■
■ ■ 3 ■ · ■ ■ ■ ·
· 4 ■ · ■ ■ 2 ■ ■
· ■ · ■ 2 ■ · ■ 2
■ ■ ■ · ■ 3 ■ ■ ■
■ · ■ ■ 3 ■ ■ · ■
■ ■ 2 ■ ■ ■ · ■ ·
3 ■ ■ · ■ · ■ 2 ■
# Number of solutions found: 10
# CPU time: 1.245 s
================================= 195 =================================
# Encoding time: 6.76 s
■ ■ · ■ 1 ■ · ■ ■ · ■ · ■ ■ ·
· · ■ 4 ■ ■ ■ ■ · ■ 6 ■ · ■ ■
■ ■ · ■ ■ 1 ■ · ■ ■ ■ ■ ■ ■ ·
· ■ ■ 2 ■ ■ 1 ■ ■ 1 ■ 5 ■ 1 ■
■ 4 ■ ■ ■ 3 ■ · · ■ ■ ■ ■ ■ ·
■ ■ ■ · ■ ■ · ■ ■ ■ 4 ■ 5 · ■
· ■ · ■ A ■ ■ · ■ · ■ 2 ■ ■ ·
■ · ■ ■ ■ ■ · ■ ■ ■ ■ ■ · ■ ·
· ■ ■ 1 ■ · ■ · ■ · 3 ■ ■ · ■
■ ■ 2 ■ 1 ■ ■ ■ · ■ ■ 1 ■ ■ ·
· ■ ■ ■ ■ ■ 1 ■ ■ 1 ■ ■ ■ 1 ■
■ 1 ■ 5 ■ 1 ■ ■ 2 ■ · 5 ■ ■ ■
■ ■ · ■ ■ ■ ■ · ■ 1 ■ ■ · ■ ·
· ■ ■ ■ 5 ■ · ■ ■ ■ ■ 2 ■ ■ ■
■ · · · ■ · ■ · · · ■ ■ · ■ ·
■ ■ · ■ 1 ■ · ■ ■ · ■ · ■ ■ ·
· · ■ 4 ■ ■ ■ ■ · ■ 6 ■ · ■ ■
■ ■ · ■ ■ 1 ■ · ■ ■ ■ ■ ■ ■ ·
· ■ ■ 2 ■ ■ 1 ■ ■ 1 ■ 5 ■ 1 ■
■ 4 ■ ■ ■ 3 ■ · · ■ ■ ■ ■ ■ ·
■ ■ ■ · ■ ■ · ■ ■ ■ 4 ■ 5 · ■
· ■ · ■ A ■ ■ · ■ · ■ 2 ■ ■ ·
■ · ■ ■ ■ ■ · ■ ■ ■ ■ ■ · ■ ·
· ■ ■ 1 ■ · ■ · ■ · 3 ■ ■ · ■
■ ■ 2 ■ 1 ■ ■ ■ · ■ ■ 1 ■ ■ ·
· ■ ■ ■ ■ ■ 1 ■ ■ 1 ■ ■ ■ 1 ■
■ 1 ■ 5 ■ 1 ■ ■ 2 ■ · 5 ■ ■ ■
■ ■ · ■ ■ ■ ■ · ■ 1 ■ ■ · ■ ·
· ■ ■ ■ 5 ■ · ■ ■ ■ ■ 2 ■ ■ ■
■ · · · ■ · ■ · · · ■ ■ · ■ ·
■ ■ · ■ 1 ■ · ■ ■ · ■ · ■ ■ ·
· · ■ 4 ■ ■ ■ ■ · ■ 6 ■ · ■ ■
■ ■ · ■ ■ 1 ■ · ■ ■ ■ ■ ■ ■ ·
· ■ ■ 2 ■ ■ 1 ■ ■ 1 ■ 5 ■ 1 ■
■ 4 ■ ■ ■ 3 ■ · · ■ ■ ■ ■ ■ ·
■ ■ ■ · ■ ■ · ■ ■ ■ 4 ■ 5 · ■
· ■ · ■ A ■ ■ · ■ · ■ 2 ■ ■ ·
■ · ■ ■ ■ ■ · ■ ■ ■ ■ ■ · ■ ·
· ■ ■ 1 ■ · ■ · ■ · 3 ■ ■ · ■
■ ■ 2 ■ 1 ■ ■ ■ · ■ ■ 1 ■ ■ ·
· ■ ■ ■ ■ ■ 1 ■ ■ 1 ■ ■ ■ 1 ■
■ 1 ■ 5 ■ 1 ■ ■ 2 ■ · 5 ■ ■ ■
■ ■ · ■ ■ ■ ■ · ■ 1 ■ ■ · ■ ·
· ■ ■ ■ 5 ■ · ■ ■ ■ ■ 2 ■ ■ ■
■ · · · ■ · ■ · · · ■ ■ · ■ ·
■ ■ · ■ 1 ■ · ■ ■ · ■ · ■ ■ ·
· · ■ 4 ■ ■ ■ ■ · ■ 6 ■ · ■ ■
■ ■ · ■ ■ 1 ■ · ■ ■ ■ ■ ■ ■ ·
· ■ ■ 2 ■ ■ 1 ■ ■ 1 ■ 5 ■ 1 ■
■ 4 ■ ■ ■ 3 ■ · · ■ ■ ■ ■ ■ ·
■ ■ ■ · ■ ■ · ■ ■ ■ 4 ■ 5 · ■
· ■ · ■ A ■ ■ · ■ · ■ 2 ■ ■ ·
■ · ■ ■ ■ ■ · ■ ■ ■ ■ ■ · ■ ·
· ■ ■ 1 ■ · ■ · ■ · 3 ■ ■ · ■
■ ■ 2 ■ 1 ■ ■ ■ · ■ ■ 1 ■ ■ ·
· ■ ■ ■ ■ ■ 1 ■ ■ 1 ■ ■ ■ 1 ■
■ 1 ■ 5 ■ 1 ■ ■ 2 ■ · 5 ■ ■ ■
■ ■ · ■ ■ ■ ■ · ■ 1 ■ ■ · ■ ·
· ■ ■ ■ 5 ■ · ■ ■ ■ ■ 2 ■ ■ ■
■ · · · ■ · ■ · · · ■ ■ · ■ ·
■ ■ · ■ 1 ■ · ■ ■ · ■ · ■ ■ ·
· · ■ 4 ■ ■ ■ ■ · ■ 6 ■ · ■ ■
■ ■ · ■ ■ 1 ■ · ■ ■ ■ ■ ■ ■ ·
· ■ ■ 2 ■ ■ 1 ■ ■ 1 ■ 5 ■ 1 ■
■ 4 ■ ■ ■ 3 ■ · · ■ ■ ■ ■ ■ ·
■ ■ ■ · ■ ■ · ■ ■ ■ 4 ■ 5 · ■
· ■ · ■ A ■ ■ · ■ · ■ 2 ■ ■ ·
■ · ■ ■ ■ ■ · ■ ■ ■ ■ ■ · ■ ·
· ■ ■ 1 ■ · ■ · ■ · 3 ■ ■ · ■
■ ■ 2 ■ 1 ■ ■ ■ · ■ ■ 1 ■ ■ ·
· ■ ■ ■ ■ ■ 1 ■ ■ 1 ■ ■ ■ 1 ■
■ 1 ■ 5 ■ 1 ■ ■ 2 ■ · 5 ■ ■ ■
■ ■ · ■ ■ ■ ■ · ■ 1 ■ ■ · ■ ·
· ■ ■ ■ 5 ■ · ■ ■ ■ ■ 2 ■ ■ ■
■ · · · ■ · ■ · · · ■ ■ · ■ ·
■ ■ · ■ 1 ■ · ■ ■ · ■ · ■ ■ ·
· · ■ 4 ■ ■ ■ ■ · ■ 6 ■ · ■ ■
■ ■ · ■ ■ 1 ■ · ■ ■ ■ ■ ■ ■ ·
· ■ ■ 2 ■ ■ 1 ■ ■ 1 ■ 5 ■ 1 ■
■ 4 ■ ■ ■ 3 ■ · · ■ ■ ■ ■ ■ ·
■ ■ ■ · ■ ■ · ■ ■ ■ 4 ■ 5 · ■
· ■ · ■ A ■ ■ · ■ · ■ 2 ■ ■ ·
■ · ■ ■ ■ ■ · ■ ■ ■ ■ ■ · ■ ·
· ■ ■ 1 ■ · ■ · ■ · 3 ■ ■ · ■
■ ■ 2 ■ 1 ■ ■ ■ · ■ ■ 1 ■ ■ ·
· ■ ■ ■ ■ ■ 1 ■ ■ 1 ■ ■ ■ 1 ■
■ 1 ■ 5 ■ 1 ■ ■ 2 ■ · 5 ■ ■ ■
■ ■ · ■ ■ ■ ■ · ■ 1 ■ ■ · ■ ·
· ■ ■ ■ 5 ■ · ■ ■ ■ ■ 2 ■ ■ ■
■ · · · ■ · ■ · · · ■ ■ · ■ ·
■ ■ · ■ 1 ■ · ■ ■ · ■ · ■ ■ ·
· · ■ 4 ■ ■ ■ ■ · ■ 6 ■ · ■ ■
■ ■ · ■ ■ 1 ■ · ■ ■ ■ ■ ■ ■ ·
· ■ ■ 2 ■ ■ 1 ■ ■ 1 ■ 5 ■ 1 ■
■ 4 ■ ■ ■ 3 ■ · · ■ ■ ■ ■ ■ ·
■ ■ ■ · ■ ■ · ■ ■ ■ 4 ■ 5 · ■
· ■ · ■ A ■ ■ · ■ · ■ 2 ■ ■ ·
■ · ■ ■ ■ ■ · ■ ■ ■ ■ ■ · ■ ·
· ■ ■ 1 ■ · ■ · ■ · 3 ■ ■ · ■
■ ■ 2 ■ 1 ■ ■ ■ · ■ ■ 1 ■ ■ ·
· ■ ■ ■ ■ ■ 1 ■ ■ 1 ■ ■ ■ 1 ■
■ 1 ■ 5 ■ 1 ■ ■ 2 ■ · 5 ■ ■ ■
■ ■ · ■ ■ ■ ■ · ■ 1 ■ ■ · ■ ·
· ■ ■ ■ 5 ■ · ■ ■ ■ ■ 2 ■ ■ ■
■ · · · ■ · ■ · · · ■ ■ · ■ ·
■ ■ · ■ 1 ■ · ■ ■ · ■ · ■ ■ ·
· · ■ 4 ■ ■ ■ ■ · ■ 6 ■ · ■ ■
■ ■ · ■ ■ 1 ■ · ■ ■ ■ ■ ■ ■ ·
· ■ ■ 2 ■ ■ 1 ■ ■ 1 ■ 5 ■ 1 ■
■ 4 ■ ■ ■ 3 ■ · · ■ ■ ■ ■ ■ ·
■ ■ ■ · ■ ■ · ■ ■ ■ 4 ■ 5 · ■
· ■ · ■ A ■ ■ · ■ · ■ 2 ■ ■ ·
■ · ■ ■ ■ ■ · ■ ■ ■ ■ ■ · ■ ·
· ■ ■ 1 ■ · ■ · ■ · 3 ■ ■ · ■
■ ■ 2 ■ 1 ■ ■ ■ · ■ ■ 1 ■ ■ ·
· ■ ■ ■ ■ ■ 1 ■ ■ 1 ■ ■ ■ 1 ■
■ 1 ■ 5 ■ 1 ■ ■ 2 ■ · 5 ■ ■ ■
■ ■ · ■ ■ ■ ■ · ■ 1 ■ ■ · ■ ·
· ■ ■ ■ 5 ■ · ■ ■ ■ ■ 2 ■ ■ ■
■ · · · ■ · ■ · · · ■ ■ · ■ ·
■ ■ · ■ 1 ■ · ■ ■ · ■ · ■ ■ ·
· · ■ 4 ■ ■ ■ ■ · ■ 6 ■ · ■ ■
■ ■ · ■ ■ 1 ■ · ■ ■ ■ ■ ■ ■ ·
· ■ ■ 2 ■ ■ 1 ■ ■ 1 ■ 5 ■ 1 ■
■ 4 ■ ■ ■ 3 ■ · · ■ ■ ■ ■ ■ ·
■ ■ ■ · ■ ■ · ■ ■ ■ 4 ■ 5 · ■
· ■ · ■ A ■ ■ · ■ · ■ 2 ■ ■ ·
■ · ■ ■ ■ ■ · ■ ■ ■ ■ ■ · ■ ·
· ■ ■ 1 ■ · ■ · ■ · 3 ■ ■ · ■
■ ■ 2 ■ 1 ■ ■ ■ · ■ ■ 1 ■ ■ ·
· ■ ■ ■ ■ ■ 1 ■ ■ 1 ■ ■ ■ 1 ■
■ 1 ■ 5 ■ 1 ■ ■ 2 ■ · 5 ■ ■ ■
■ ■ · ■ ■ ■ ■ · ■ 1 ■ ■ · ■ ·
· ■ ■ ■ 5 ■ · ■ ■ ■ ■ 2 ■ ■ ■
■ · · · ■ · ■ · · · ■ ■ · ■ ·
■ ■ · ■ 1 ■ · ■ ■ · ■ · ■ ■ ·
· · ■ 4 ■ ■ ■ ■ · ■ 6 ■ · ■ ■
■ ■ · ■ ■ 1 ■ · ■ ■ ■ ■ ■ ■ ·
· ■ ■ 2 ■ ■ 1 ■ ■ 1 ■ 5 ■ 1 ■
■ 4 ■ ■ ■ 3 ■ · · ■ ■ ■ ■ ■ ·
■ ■ ■ · ■ ■ · ■ ■ ■ 4 ■ 5 · ■
· ■ · ■ A ■ ■ · ■ · ■ 2 ■ ■ ·
■ · ■ ■ ■ ■ · ■ ■ ■ ■ ■ · ■ ·
· ■ ■ 1 ■ · ■ · ■ · 3 ■ ■ · ■
■ ■ 2 ■ 1 ■ ■ ■ · ■ ■ 1 ■ ■ ·
· ■ ■ ■ ■ ■ 1 ■ ■ 1 ■ ■ ■ 1 ■
■ 1 ■ 5 ■ 1 ■ ■ 2 ■ · 5 ■ ■ ■
■ ■ · ■ ■ ■ ■ · ■ 1 ■ ■ · ■ ·
· ■ ■ ■ 5 ■ · ■ ■ ■ ■ 2 ■ ■ ■
■ · · · ■ · ■ · · · ■ ■ · ■ ·
# Number of solutions found: 10
# CPU time: 12.44 s
================================= 196 =================================
# Encoding time: 1.141 s
■ · ■ · · · ■ ■ · ·
· ■ 1 ■ ■ ■ ■ 6 ■ ■
2 ■ ■ 1 ■ · 6 ■ ■ 3
■ 2 · ■ · ■ ■ ■ 3 ■
· ■ ■ · ■ · ■ · ■ ·
■ · · ■ · ■ · ■ ■ ■
· 6 ■ ■ ■ · ■ ■ 5 ■
■ ■ 6 · ■ · ■ 5 ■ ·
· ■ ■ ■ · ■ · ■ · ■
■ · · · ■ ■ · · ■ ·
■ · ■ · · · ■ ■ · ·
· ■ 1 ■ ■ ■ ■ 6 ■ ■
2 ■ ■ 1 ■ · 6 ■ ■ 3
■ 2 · ■ · ■ ■ ■ 3 ■
· ■ ■ · ■ · ■ · ■ ·
■ · · ■ · ■ · ■ ■ ■
· 6 ■ ■ ■ · ■ ■ 5 ■
■ ■ 6 · ■ · ■ 5 ■ ·
· ■ ■ ■ · ■ · ■ · ■
■ · · · ■ ■ · · ■ ·
■ · ■ · · · ■ ■ · ·
· ■ 1 ■ ■ ■ ■ 6 ■ ■
2 ■ ■ 1 ■ · 6 ■ ■ 3
■ 2 · ■ · ■ ■ ■ 3 ■
· ■ ■ · ■ · ■ · ■ ·
■ · · ■ · ■ · ■ ■ ■
· 6 ■ ■ ■ · ■ ■ 5 ■
■ ■ 6 · ■ · ■ 5 ■ ·
· ■ ■ ■ · ■ · ■ · ■
■ · · · ■ ■ · · ■ ·
■ · ■ · · · ■ ■ · ·
· ■ 1 ■ ■ ■ ■ 6 ■ ■
2 ■ ■ 1 ■ · 6 ■ ■ 3
■ 2 · ■ · ■ ■ ■ 3 ■
· ■ ■ · ■ · ■ · ■ ·
■ · · ■ · ■ · ■ ■ ■
· 6 ■ ■ ■ · ■ ■ 5 ■
■ ■ 6 · ■ · ■ 5 ■ ·
· ■ ■ ■ · ■ · ■ · ■
■ · · · ■ ■ · · ■ ·
■ · ■ · · · ■ ■ · ·
· ■ 1 ■ ■ ■ ■ 6 ■ ■
2 ■ ■ 1 ■ · 6 ■ ■ 3
■ 2 · ■ · ■ ■ ■ 3 ■
· ■ ■ · ■ · ■ · ■ ·
■ · · ■ · ■ · ■ ■ ■
· 6 ■ ■ ■ · ■ ■ 5 ■
■ ■ 6 · ■ · ■ 5 ■ ·
· ■ ■ ■ · ■ · ■ · ■
■ · · · ■ ■ · · ■ ·
■ · ■ · · · ■ ■ · ·
· ■ 1 ■ ■ ■ ■ 6 ■ ■
2 ■ ■ 1 ■ · 6 ■ ■ 3
■ 2 · ■ · ■ ■ ■ 3 ■
· ■ ■ · ■ · ■ · ■ ·
■ · · ■ · ■ · ■ ■ ■
· 6 ■ ■ ■ · ■ ■ 5 ■
■ ■ 6 · ■ · ■ 5 ■ ·
· ■ ■ ■ · ■ · ■ · ■
■ · · · ■ ■ · · ■ ·
■ · ■ · · · ■ ■ · ·
· ■ 1 ■ ■ ■ ■ 6 ■ ■
2 ■ ■ 1 ■ · 6 ■ ■ 3
■ 2 · ■ · ■ ■ ■ 3 ■
· ■ ■ · ■ · ■ · ■ ·
■ · · ■ · ■ · ■ ■ ■
· 6 ■ ■ ■ · ■ ■ 5 ■
■ ■ 6 · ■ · ■ 5 ■ ·
· ■ ■ ■ · ■ · ■ · ■
■ · · · ■ ■ · · ■ ·
■ · ■ · · · ■ ■ · ·
· ■ 1 ■ ■ ■ ■ 6 ■ ■
2 ■ ■ 1 ■ · 6 ■ ■ 3
■ 2 · ■ · ■ ■ ■ 3 ■
· ■ ■ · ■ · ■ · ■ ·
■ · · ■ · ■ · ■ ■ ■
· 6 ■ ■ ■ · ■ ■ 5 ■
■ ■ 6 · ■ · ■ 5 ■ ·
· ■ ■ ■ · ■ · ■ · ■
■ · · · ■ ■ · · ■ ·
■ · ■ · · · ■ ■ · ·
· ■ 1 ■ ■ ■ ■ 6 ■ ■
2 ■ ■ 1 ■ · 6 ■ ■ 3
■ 2 · ■ · ■ ■ ■ 3 ■
· ■ ■ · ■ · ■ · ■ ·
■ · · ■ · ■ · ■ ■ ■
· 6 ■ ■ ■ · ■ ■ 5 ■
■ ■ 6 · ■ · ■ 5 ■ ·
· ■ ■ ■ · ■ · ■ · ■
■ · · · ■ ■ · · ■ ·
■ · ■ · · · ■ ■ · ·
· ■ 1 ■ ■ ■ ■ 6 ■ ■
2 ■ ■ 1 ■ · 6 ■ ■ 3
■ 2 · ■ · ■ ■ ■ 3 ■
· ■ ■ · ■ · ■ · ■ ·
■ · · ■ · ■ · ■ ■ ■
· 6 ■ ■ ■ · ■ ■ 5 ■
■ ■ 6 · ■ · ■ 5 ■ ·
· ■ ■ ■ · ■ · ■ · ■
■ · · · ■ ■ · · ■ ·
# Number of solutions found: 10
# CPU time: 1.726 s
================================= 197 =================================
# Encoding time: 0.9796 s
· ■ · · ■ · ■ · ■ ·
· ■ · ■ 8 ■ ■ · · ■
■ · ■ · ■ ■ 1 ■ · ■
· ■ ■ 3 ■ · ■ ■ 6 ■
■ · ■ ■ ■ 5 ■ · ■ ■
· ■ 4 ■ · ■ · 7 ■ ·
· · ■ ■ 9 ■ ■ · ■ ·
■ · · ■ ■ ■ 2 ■ · ■
· ■ ■ · ■ · ■ · ■ ·
■ · ■ ■ · ■ 1 ■ · ■
· ■ · · ■ · ■ · ■ ·
· ■ · ■ 8 ■ ■ · · ■
■ · ■ · ■ ■ 1 ■ · ■
· ■ ■ 3 ■ · ■ ■ 6 ■
■ · ■ ■ ■ 5 ■ · ■ ■
· ■ 4 ■ · ■ · 7 ■ ·
· · ■ ■ 9 ■ ■ · ■ ·
■ · · ■ ■ ■ 2 ■ · ■
· ■ ■ · ■ · ■ · ■ ·
■ · ■ ■ · ■ 1 ■ · ■
· ■ · · ■ · ■ · ■ ·
· ■ · ■ 8 ■ ■ · · ■
■ · ■ · ■ ■ 1 ■ · ■
· ■ ■ 3 ■ · ■ ■ 6 ■
■ · ■ ■ ■ 5 ■ · ■ ■
· ■ 4 ■ · ■ · 7 ■ ·
· · ■ ■ 9 ■ ■ · ■ ·
■ · · ■ ■ ■ 2 ■ · ■
· ■ ■ · ■ · ■ · ■ ·
■ · ■ ■ · ■ 1 ■ · ■
· ■ · · ■ · ■ · ■ ·
· ■ · ■ 8 ■ ■ · · ■
■ · ■ · ■ ■ 1 ■ · ■
· ■ ■ 3 ■ · ■ ■ 6 ■
■ · ■ ■ ■ 5 ■ · ■ ■
· ■ 4 ■ · ■ · 7 ■ ·
· · ■ ■ 9 ■ ■ · ■ ·
■ · · ■ ■ ■ 2 ■ · ■
· ■ ■ · ■ · ■ · ■ ·
■ · ■ ■ · ■ 1 ■ · ■
· ■ · · ■ · ■ · ■ ·
· ■ · ■ 8 ■ ■ · · ■
■ · ■ · ■ ■ 1 ■ · ■
· ■ ■ 3 ■ · ■ ■ 6 ■
■ · ■ ■ ■ 5 ■ · ■ ■
· ■ 4 ■ · ■ · 7 ■ ·
· · ■ ■ 9 ■ ■ · ■ ·
■ · · ■ ■ ■ 2 ■ · ■
· ■ ■ · ■ · ■ · ■ ·
■ · ■ ■ · ■ 1 ■ · ■
· ■ · · ■ · ■ · ■ ·
· ■ · ■ 8 ■ ■ · · ■
■ · ■ · ■ ■ 1 ■ · ■
· ■ ■ 3 ■ · ■ ■ 6 ■
■ · ■ ■ ■ 5 ■ · ■ ■
· ■ 4 ■ · ■ · 7 ■ ·
· · ■ ■ 9 ■ ■ · ■ ·
■ · · ■ ■ ■ 2 ■ · ■
· ■ ■ · ■ · ■ · ■ ·
■ · ■ ■ · ■ 1 ■ · ■
· ■ · · ■ · ■ · ■ ·
· ■ · ■ 8 ■ ■ · · ■
■ · ■ · ■ ■ 1 ■ · ■
· ■ ■ 3 ■ · ■ ■ 6 ■
■ · ■ ■ ■ 5 ■ · ■ ■
· ■ 4 ■ · ■ · 7 ■ ·
· · ■ ■ 9 ■ ■ · ■ ·
■ · · ■ ■ ■ 2 ■ · ■
· ■ ■ · ■ · ■ · ■ ·
■ · ■ ■ · ■ 1 ■ · ■
· ■ · · ■ · ■ · ■ ·
· ■ · ■ 8 ■ ■ · · ■
■ · ■ · ■ ■ 1 ■ · ■
· ■ ■ 3 ■ · ■ ■ 6 ■
■ · ■ ■ ■ 5 ■ · ■ ■
· ■ 4 ■ · ■ · 7 ■ ·
· · ■ ■ 9 ■ ■ · ■ ·
■ · · ■ ■ ■ 2 ■ · ■
· ■ ■ · ■ · ■ · ■ ·
■ · ■ ■ · ■ 1 ■ · ■
· ■ · · ■ · ■ · ■ ·
· ■ · ■ 8 ■ ■ · · ■
■ · ■ · ■ ■ 1 ■ · ■
· ■ ■ 3 ■ · ■ ■ 6 ■
■ · ■ ■ ■ 5 ■ · ■ ■
· ■ 4 ■ · ■ · 7 ■ ·
· · ■ ■ 9 ■ ■ · ■ ·
■ · · ■ ■ ■ 2 ■ · ■
· ■ ■ · ■ · ■ · ■ ·
■ · ■ ■ · ■ 1 ■ · ■
· ■ · · ■ · ■ · ■ ·
· ■ · ■ 8 ■ ■ · · ■
■ · ■ · ■ ■ 1 ■ · ■
· ■ ■ 3 ■ · ■ ■ 6 ■
■ · ■ ■ ■ 5 ■ · ■ ■
· ■ 4 ■ · ■ · 7 ■ ·
· · ■ ■ 9 ■ ■ · ■ ·
■ · · ■ ■ ■ 2 ■ · ■
· ■ ■ · ■ · ■ · ■ ·
■ · ■ ■ · ■ 1 ■ · ■
# Number of solutions found: 10
# CPU time: 1.559 s
================================= 198 =================================
# Encoding time: 0.5856 s
■ · · ■ · ■ ■ ■ · ■
7 ■ ■ · ■ ■ · ■ · ■
■ 7 ■ 7 ■ · ■ · ■ ■
· ■ · ■ ■ ■ · ■ ■ ·
■ ■ · ■ · ■ · ■ · ■
■ 7 ■ · ■ · ■ · ■ ■
■ ■ · ■ · ■ · ■ ■ ·
· ■ ■ ■ · ■ ■ · · ■
■ · · ■ 7 ■ · 7 · ■
· ■ ■ · ■ · ■ ■ ■ ·
■ · · ■ · ■ ■ ■ · ■
7 ■ ■ · ■ ■ · ■ · ■
■ 7 ■ 7 ■ · ■ · ■ ■
· ■ · ■ ■ ■ · ■ ■ ·
■ ■ · ■ · ■ · ■ · ■
■ 7 ■ · ■ · ■ · ■ ■
■ ■ · ■ · ■ · ■ ■ ·
· ■ ■ ■ · ■ ■ · · ■
■ · · ■ 7 ■ · 7 · ■
· ■ ■ · ■ · ■ ■ ■ ·
■ · · ■ · ■ ■ ■ · ■
7 ■ ■ · ■ ■ · ■ · ■
■ 7 ■ 7 ■ · ■ · ■ ■
· ■ · ■ ■ ■ · ■ ■ ·
■ ■ · ■ · ■ · ■ · ■
■ 7 ■ · ■ · ■ · ■ ■
■ ■ · ■ · ■ · ■ ■ ·
· ■ ■ ■ · ■ ■ · · ■
■ · · ■ 7 ■ · 7 · ■
· ■ ■ · ■ · ■ ■ ■ ·
■ · · ■ · ■ ■ ■ · ■
7 ■ ■ · ■ ■ · ■ · ■
■ 7 ■ 7 ■ · ■ · ■ ■
· ■ · ■ ■ ■ · ■ ■ ·
■ ■ · ■ · ■ · ■ · ■
■ 7 ■ · ■ · ■ · ■ ■
■ ■ · ■ · ■ · ■ ■ ·
· ■ ■ ■ · ■ ■ · · ■
■ · · ■ 7 ■ · 7 · ■
· ■ ■ · ■ · ■ ■ ■ ·
■ · · ■ · ■ ■ ■ · ■
7 ■ ■ · ■ ■ · ■ · ■
■ 7 ■ 7 ■ · ■ · ■ ■
· ■ · ■ ■ ■ · ■ ■ ·
■ ■ · ■ · ■ · ■ · ■
■ 7 ■ · ■ · ■ · ■ ■
■ ■ · ■ · ■ · ■ ■ ·
· ■ ■ ■ · ■ ■ · · ■
■ · · ■ 7 ■ · 7 · ■
· ■ ■ · ■ · ■ ■ ■ ·
■ · · ■ · ■ ■ ■ · ■
7 ■ ■ · ■ ■ · ■ · ■
■ 7 ■ 7 ■ · ■ · ■ ■
· ■ · ■ ■ ■ · ■ ■ ·
■ ■ · ■ · ■ · ■ · ■
■ 7 ■ · ■ · ■ · ■ ■
■ ■ · ■ · ■ · ■ ■ ·
· ■ ■ ■ · ■ ■ · · ■
■ · · ■ 7 ■ · 7 · ■
· ■ ■ · ■ · ■ ■ ■ ·
■ · · ■ · ■ ■ ■ · ■
7 ■ ■ · ■ ■ · ■ · ■
■ 7 ■ 7 ■ · ■ · ■ ■
· ■ · ■ ■ ■ · ■ ■ ·
■ ■ · ■ · ■ · ■ · ■
■ 7 ■ · ■ · ■ · ■ ■
■ ■ · ■ · ■ · ■ ■ ·
· ■ ■ ■ · ■ ■ · · ■
■ · · ■ 7 ■ · 7 · ■
· ■ ■ · ■ · ■ ■ ■ ·
■ · · ■ · ■ ■ ■ · ■
7 ■ ■ · ■ ■ · ■ · ■
■ 7 ■ 7 ■ · ■ · ■ ■
· ■ · ■ ■ ■ · ■ ■ ·
■ ■ · ■ · ■ · ■ · ■
■ 7 ■ · ■ · ■ · ■ ■
■ ■ · ■ · ■ · ■ ■ ·
· ■ ■ ■ · ■ ■ · · ■
■ · · ■ 7 ■ · 7 · ■
· ■ ■ · ■ · ■ ■ ■ ·
■ · · ■ · ■ ■ ■ · ■
7 ■ ■ · ■ ■ · ■ · ■
■ 7 ■ 7 ■ · ■ · ■ ■
· ■ · ■ ■ ■ · ■ ■ ·
■ ■ · ■ · ■ · ■ · ■
■ 7 ■ · ■ · ■ · ■ ■
■ ■ · ■ · ■ · ■ ■ ·
· ■ ■ ■ · ■ ■ · · ■
■ · · ■ 7 ■ · 7 · ■
· ■ ■ · ■ · ■ ■ ■ ·
■ · · ■ · ■ ■ ■ · ■
7 ■ ■ · ■ ■ · ■ · ■
■ 7 ■ 7 ■ · ■ · ■ ■
· ■ · ■ ■ ■ · ■ ■ ·
■ ■ · ■ · ■ · ■ · ■
■ 7 ■ · ■ · ■ · ■ ■
■ ■ · ■ · ■ · ■ ■ ·
· ■ ■ ■ · ■ ■ · · ■
■ · · ■ 7 ■ · 7 · ■
· ■ ■ · ■ · ■ ■ ■ ·
# Number of solutions found: 10
# CPU time: 0.9711 s
================================= 199 =================================
# Encoding time: 4.408 s
· ■ ■ · ■ · 7 ■ · · ■ 8 ■ 3 ■
■ ■ 4 ■ ■ ■ ■ ■ ■ ■ ■ ■ · ■ ·
■ 4 ■ · · · · · · ■ · · ■ · ■
· ■ 5 ■ ■ ■ · ■ ■ ■ ■ ■ · ■ 5
■ · ■ · ■ · ■ · ■ · · · ■ · ■
■ · ■ · · ■ · ■ ■ ■ · ■ · ■ 4
7 ■ · ■ · ■ ■ ■ 1 ■ ■ · ■ · ■
■ ■ ■ ■ ■ · ■ · ■ ■ · ■ · ■ ·
■ · ■ · ■ ■ 1 ■ · ■ ■ · ■ · ■
· ■ ■ ■ · ■ ■ · · ■ · ■ · ■ 9
■ 4 · ■ · · ■ · ■ · ■ · ■ · ■
· ■ ■ · ■ ■ · ■ · · ■ ■ · ■ ·
■ · ■ · ■ 4 ■ 2 ■ ■ 3 ■ ■ · ■
■ 6 ■ ■ · ■ · ■ ■ · ■ · 8 ■ ■
· ■ ■ 2 ■ · ■ · · ■ · ■ · ■ D
· ■ ■ · ■ · 7 ■ · · ■ 8 ■ 3 ■
■ ■ 4 ■ ■ ■ ■ ■ ■ ■ ■ ■ · ■ ·
■ 4 ■ · · · · · · ■ · · ■ · ■
· ■ 5 ■ ■ ■ · ■ ■ ■ ■ ■ · ■ 5
■ · ■ · ■ · ■ · ■ · · · ■ · ■
■ · ■ · · ■ · ■ ■ ■ · ■ · ■ 4
7 ■ · ■ · ■ ■ ■ 1 ■ ■ · ■ · ■
■ ■ ■ ■ ■ · ■ · ■ ■ · ■ · ■ ·
■ · ■ · ■ ■ 1 ■ · ■ ■ · ■ · ■
· ■ ■ ■ · ■ ■ · · ■ · ■ · ■ 9
■ 4 · ■ · · ■ · ■ · ■ · ■ · ■
· ■ ■ · ■ ■ · ■ · · ■ ■ · ■ ·
■ · ■ · ■ 4 ■ 2 ■ ■ 3 ■ ■ · ■
■ 6 ■ ■ · ■ · ■ ■ · ■ · 8 ■ ■
· ■ ■ 2 ■ · ■ · · ■ · ■ · ■ D
· ■ ■ · ■ · 7 ■ · · ■ 8 ■ 3 ■
■ ■ 4 ■ ■ ■ ■ ■ ■ ■ ■ ■ · ■ ·
■ 4 ■ · · · · · · ■ · · ■ · ■
· ■ 5 ■ ■ ■ · ■ ■ ■ ■ ■ · ■ 5
■ · ■ · ■ · ■ · ■ · · · ■ · ■
■ · ■ · · ■ · ■ ■ ■ · ■ · ■ 4
7 ■ · ■ · ■ ■ ■ 1 ■ ■ · ■ · ■
■ ■ ■ ■ ■ · ■ · ■ ■ · ■ · ■ ·
■ · ■ · ■ ■ 1 ■ · ■ ■ · ■ · ■
· ■ ■ ■ · ■ ■ · · ■ · ■ · ■ 9
■ 4 · ■ · · ■ · ■ · ■ · ■ · ■
· ■ ■ · ■ ■ · ■ · · ■ ■ · ■ ·
■ · ■ · ■ 4 ■ 2 ■ ■ 3 ■ ■ · ■
■ 6 ■ ■ · ■ · ■ ■ · ■ · 8 ■ ■
· ■ ■ 2 ■ · ■ · · ■ · ■ · ■ D
· ■ ■ · ■ · 7 ■ · · ■ 8 ■ 3 ■
■ ■ 4 ■ ■ ■ ■ ■ ■ ■ ■ ■ · ■ ·
■ 4 ■ · · · · · · ■ · · ■ · ■
· ■ 5 ■ ■ ■ · ■ ■ ■ ■ ■ · ■ 5
■ · ■ · ■ · ■ · ■ · · · ■ · ■
■ · ■ · · ■ · ■ ■ ■ · ■ · ■ 4
7 ■ · ■ · ■ ■ ■ 1 ■ ■ · ■ · ■
■ ■ ■ ■ ■ · ■ · ■ ■ · ■ · ■ ·
■ · ■ · ■ ■ 1 ■ · ■ ■ · ■ · ■
· ■ ■ ■ · ■ ■ · · ■ · ■ · ■ 9
■ 4 · ■ · · ■ · ■ · ■ · ■ · ■
· ■ ■ · ■ ■ · ■ · · ■ ■ · ■ ·
■ · ■ · ■ 4 ■ 2 ■ ■ 3 ■ ■ · ■
■ 6 ■ ■ · ■ · ■ ■ · ■ · 8 ■ ■
· ■ ■ 2 ■ · ■ · · ■ · ■ · ■ D
· ■ ■ · ■ · 7 ■ · · ■ 8 ■ 3 ■
■ ■ 4 ■ ■ ■ ■ ■ ■ ■ ■ ■ · ■ ·
■ 4 ■ · · · · · · ■ · · ■ · ■
· ■ 5 ■ ■ ■ · ■ ■ ■ ■ ■ · ■ 5
■ · ■ · ■ · ■ · ■ · · · ■ · ■
■ · ■ · · ■ · ■ ■ ■ · ■ · ■ 4
7 ■ · ■ · ■ ■ ■ 1 ■ ■ · ■ · ■
■ ■ ■ ■ ■ · ■ · ■ ■ · ■ · ■ ·
■ · ■ · ■ ■ 1 ■ · ■ ■ · ■ · ■
· ■ ■ ■ · ■ ■ · · ■ · ■ · ■ 9
■ 4 · ■ · · ■ · ■ · ■ · ■ · ■
· ■ ■ · ■ ■ · ■ · · ■ ■ · ■ ·
■ · ■ · ■ 4 ■ 2 ■ ■ 3 ■ ■ · ■
■ 6 ■ ■ · ■ · ■ ■ · ■ · 8 ■ ■
· ■ ■ 2 ■ · ■ · · ■ · ■ · ■ D
· ■ ■ · ■ · 7 ■ · · ■ 8 ■ 3 ■
■ ■ 4 ■ ■ ■ ■ ■ ■ ■ ■ ■ · ■ ·
■ 4 ■ · · · · · · ■ · · ■ · ■
· ■ 5 ■ ■ ■ · ■ ■ ■ ■ ■ · ■ 5
■ · ■ · ■ · ■ · ■ · · · ■ · ■
■ · ■ · · ■ · ■ ■ ■ · ■ · ■ 4
7 ■ · ■ · ■ ■ ■ 1 ■ ■ · ■ · ■
■ ■ ■ ■ ■ · ■ · ■ ■ · ■ · ■ ·
■ · ■ · ■ ■ 1 ■ · ■ ■ · ■ · ■
· ■ ■ ■ · ■ ■ · · ■ · ■ · ■ 9
■ 4 · ■ · · ■ · ■ · ■ · ■ · ■
· ■ ■ · ■ ■ · ■ · · ■ ■ · ■ ·
■ · ■ · ■ 4 ■ 2 ■ ■ 3 ■ ■ · ■
■ 6 ■ ■ · ■ · ■ ■ · ■ · 8 ■ ■
· ■ ■ 2 ■ · ■ · · ■ · ■ · ■ D
· ■ ■ · ■ · 7 ■ · · ■ 8 ■ 3 ■
■ ■ 4 ■ ■ ■ ■ ■ ■ ■ ■ ■ · ■ ·
■ 4 ■ · · · · · · ■ · · ■ · ■
· ■ 5 ■ ■ ■ · ■ ■ ■ ■ ■ · ■ 5
■ · ■ · ■ · ■ · ■ · · · ■ · ■
■ · ■ · · ■ · ■ ■ ■ · ■ · ■ 4
7 ■ · ■ · ■ ■ ■ 1 ■ ■ · ■ · ■
■ ■ ■ ■ ■ · ■ · ■ ■ · ■ · ■ ·
■ · ■ · ■ ■ 1 ■ · ■ ■ · ■ · ■
· ■ ■ ■ · ■ ■ · · ■ · ■ · ■ 9
■ 4 · ■ · · ■ · ■ · ■ · ■ · ■
· ■ ■ · ■ ■ · ■ · · ■ ■ · ■ ·
■ · ■ · ■ 4 ■ 2 ■ ■ 3 ■ ■ · ■
■ 6 ■ ■ · ■ · ■ ■ · ■ · 8 ■ ■
· ■ ■ 2 ■ · ■ · · ■ · ■ · ■ D
· ■ ■ · ■ · 7 ■ · · ■ 8 ■ 3 ■
■ ■ 4 ■ ■ ■ ■ ■ ■ ■ ■ ■ · ■ ·
■ 4 ■ · · · · · · ■ · · ■ · ■
· ■ 5 ■ ■ ■ · ■ ■ ■ ■ ■ · ■ 5
■ · ■ · ■ · ■ · ■ · · · ■ · ■
■ · ■ · · ■ · ■ ■ ■ · ■ · ■ 4
7 ■ · ■ · ■ ■ ■ 1 ■ ■ · ■ · ■
■ ■ ■ ■ ■ · ■ · ■ ■ · ■ · ■ ·
■ · ■ · ■ ■ 1 ■ · ■ ■ · ■ · ■
· ■ ■ ■ · ■ ■ · · ■ · ■ · ■ 9
■ 4 · ■ · · ■ · ■ · ■ · ■ · ■
· ■ ■ · ■ ■ · ■ · · ■ ■ · ■ ·
■ · ■ · ■ 4 ■ 2 ■ ■ 3 ■ ■ · ■
■ 6 ■ ■ · ■ · ■ ■ · ■ · 8 ■ ■
· ■ ■ 2 ■ · ■ · · ■ · ■ · ■ D
· ■ ■ · ■ · 7 ■ · · ■ 8 ■ 3 ■
■ ■ 4 ■ ■ ■ ■ ■ ■ ■ ■ ■ · ■ ·
■ 4 ■ · · · · · · ■ · · ■ · ■
· ■ 5 ■ ■ ■ · ■ ■ ■ ■ ■ · ■ 5
■ · ■ · ■ · ■ · ■ · · · ■ · ■
■ · ■ · · ■ · ■ ■ ■ · ■ · ■ 4
7 ■ · ■ · ■ ■ ■ 1 ■ ■ · ■ · ■
■ ■ ■ ■ ■ · ■ · ■ ■ · ■ · ■ ·
■ · ■ · ■ ■ 1 ■ · ■ ■ · ■ · ■
· ■ ■ ■ · ■ ■ · · ■ · ■ · ■ 9
■ 4 · ■ · · ■ · ■ · ■ · ■ · ■
· ■ ■ · ■ ■ · ■ · · ■ ■ · ■ ·
■ · ■ · ■ 4 ■ 2 ■ ■ 3 ■ ■ · ■
■ 6 ■ ■ · ■ · ■ ■ · ■ · 8 ■ ■
· ■ ■ 2 ■ · ■ · · ■ · ■ · ■ D
· ■ ■ · ■ · 7 ■ · · ■ 8 ■ 3 ■
■ ■ 4 ■ ■ ■ ■ ■ ■ ■ ■ ■ · ■ ·
■ 4 ■ · · · · · · ■ · · ■ · ■
· ■ 5 ■ ■ ■ · ■ ■ ■ ■ ■ · ■ 5
■ · ■ · ■ · ■ · ■ · · · ■ · ■
■ · ■ · · ■ · ■ ■ ■ · ■ · ■ 4
7 ■ · ■ · ■ ■ ■ 1 ■ ■ · ■ · ■
■ ■ ■ ■ ■ · ■ · ■ ■ · ■ · ■ ·
■ · ■ · ■ ■ 1 ■ · ■ ■ · ■ · ■
· ■ ■ ■ · ■ ■ · · ■ · ■ · ■ 9
■ 4 · ■ · · ■ · ■ · ■ · ■ · ■
· ■ ■ · ■ ■ · ■ · · ■ ■ · ■ ·
■ · ■ · ■ 4 ■ 2 ■ ■ 3 ■ ■ · ■
■ 6 ■ ■ · ■ · ■ ■ · ■ · 8 ■ ■
· ■ ■ 2 ■ · ■ · · ■ · ■ · ■ D
# Number of solutions found: 10
# CPU time: 11.88 s
================================= 200 =================================
# Encoding time: 0.1855 s
· ■ · ■ ■ · ■ · ■ ·
■ 5 ■ · · ■ · ■ A ■
· · · ■ ■ · ■ · ■ ·
■ · ■ 3 ■ ■ 6 ■ · ■
· ■ ■ ■ 4 ■ · ■ ■ 2
2 ■ · ■ ■ · ■ · · ■
■ · ■ 3 ■ ■ 4 ■ ■ ·
· ■ · ■ ■ · ■ · ■ ■
■ 3 ■ · ■ ■ ■ ■ 4 ■
· ■ ■ · ■ · · · ■ ·
· ■ · ■ ■ · ■ · ■ ·
■ 5 ■ · · ■ · ■ A ■
· · · ■ ■ · ■ · ■ ·
■ · ■ 3 ■ ■ 6 ■ · ■
· ■ ■ ■ 4 ■ · ■ ■ 2
2 ■ · ■ ■ · ■ · · ■
■ · ■ 3 ■ ■ 4 ■ ■ ·
· ■ · ■ ■ · ■ · ■ ■
■ 3 ■ · ■ ■ ■ ■ 4 ■
· ■ ■ · ■ · · · ■ ·
· ■ · ■ ■ · ■ · ■ ·
■ 5 ■ · · ■ · ■ A ■
· · · ■ ■ · ■ · ■ ·
■ · ■ 3 ■ ■ 6 ■ · ■
· ■ ■ ■ 4 ■ · ■ ■ 2
2 ■ · ■ ■ · ■ · · ■
■ · ■ 3 ■ ■ 4 ■ ■ ·
· ■ · ■ ■ · ■ · ■ ■
■ 3 ■ · ■ ■ ■ ■ 4 ■
· ■ ■ · ■ · · · ■ ·
· ■ · ■ ■ · ■ · ■ ·
■ 5 ■ · · ■ · ■ A ■
· · · ■ ■ · ■ · ■ ·
■ · ■ 3 ■ ■ 6 ■ · ■
· ■ ■ ■ 4 ■ · ■ ■ 2
2 ■ · ■ ■ · ■ · · ■
■ · ■ 3 ■ ■ 4 ■ ■ ·
· ■ · ■ ■ · ■ · ■ ■
■ 3 ■ · ■ ■ ■ ■ 4 ■
· ■ ■ · ■ · · · ■ ·
· ■ · ■ ■ · ■ · ■ ·
■ 5 ■ · · ■ · ■ A ■
· · · ■ ■ · ■ · ■ ·
■ · ■ 3 ■ ■ 6 ■ · ■
· ■ ■ ■ 4 ■ · ■ ■ 2
2 ■ · ■ ■ · ■ · · ■
■ · ■ 3 ■ ■ 4 ■ ■ ·
· ■ · ■ ■ · ■ · ■ ■
■ 3 ■ · ■ ■ ■ ■ 4 ■
· ■ ■ · ■ · · · ■ ·
· ■ · ■ ■ · ■ · ■ ·
■ 5 ■ · · ■ · ■ A ■
· · · ■ ■ · ■ · ■ ·
■ · ■ 3 ■ ■ 6 ■ · ■
· ■ ■ ■ 4 ■ · ■ ■ 2
2 ■ · ■ ■ · ■ · · ■
■ · ■ 3 ■ ■ 4 ■ ■ ·
· ■ · ■ ■ · ■ · ■ ■
■ 3 ■ · ■ ■ ■ ■ 4 ■
· ■ ■ · ■ · · · ■ ·
· ■ · ■ ■ · ■ · ■ ·
■ 5 ■ · · ■ · ■ A ■
· · · ■ ■ · ■ · ■ ·
■ · ■ 3 ■ ■ 6 ■ · ■
· ■ ■ ■ 4 ■ · ■ ■ 2
2 ■ · ■ ■ · ■ · · ■
■ · ■ 3 ■ ■ 4 ■ ■ ·
· ■ · ■ ■ · ■ · ■ ■
■ 3 ■ · ■ ■ ■ ■ 4 ■
· ■ ■ · ■ · · · ■ ·
· ■ · ■ ■ · ■ · ■ ·
■ 5 ■ · · ■ · ■ A ■
· · · ■ ■ · ■ · ■ ·
■ · ■ 3 ■ ■ 6 ■ · ■
· ■ ■ ■ 4 ■ · ■ ■ 2
2 ■ · ■ ■ · ■ · · ■
■ · ■ 3 ■ ■ 4 ■ ■ ·
· ■ · ■ ■ · ■ · ■ ■
■ 3 ■ · ■ ■ ■ ■ 4 ■
· ■ ■ · ■ · · · ■ ·
· ■ · ■ ■ · ■ · ■ ·
■ 5 ■ · · ■ · ■ A ■
· · · ■ ■ · ■ · ■ ·
■ · ■ 3 ■ ■ 6 ■ · ■
· ■ ■ ■ 4 ■ · ■ ■ 2
2 ■ · ■ ■ · ■ · · ■
■ · ■ 3 ■ ■ 4 ■ ■ ·
· ■ · ■ ■ · ■ · ■ ■
■ 3 ■ · ■ ■ ■ ■ 4 ■
· ■ ■ · ■ · · · ■ ·
· ■ · ■ ■ · ■ · ■ ·
■ 5 ■ · · ■ · ■ A ■
· · · ■ ■ · ■ · ■ ·
■ · ■ 3 ■ ■ 6 ■ · ■
· ■ ■ ■ 4 ■ · ■ ■ 2
2 ■ · ■ ■ · ■ · · ■
■ · ■ 3 ■ ■ 4 ■ ■ ·
· ■ · ■ ■ · ■ · ■ ■
■ 3 ■ · ■ ■ ■ ■ 4 ■
· ■ ■ · ■ · · · ■ ·
# Number of solutions found: 10
# CPU time: 0.2798 s
================================= 201 =================================
# Encoding time: 0.1357 s
■ 2 ■ · · ■ · ■ 2 ■
· ■ · · · · ■ · ■ ·
■ · · ■ · ■ ■ · ■ ·
· ■ ■ 3 ■ · 3 ■ · ·
■ ■ · ■ · ■ ■ · · ·
■ · ■ ■ ■ · ■ ■ · ■
· ■ · 5 · ■ B · ■ ·
· ■ · ■ · ■ ■ · · ■
■ · ■ · ■ · · ■ ■ ·
1A ■ · · · ■ ■ · 2 ■
■ 2 ■ · · ■ · ■ 2 ■
· ■ · · · · ■ · ■ ·
■ · · ■ · ■ ■ · ■ ·
· ■ ■ 3 ■ · 3 ■ · ·
■ ■ · ■ · ■ ■ · · ·
■ · ■ ■ ■ · ■ ■ · ■
· ■ · 5 · ■ B · ■ ·
· ■ · ■ · ■ ■ · · ■
■ · ■ · ■ · · ■ ■ ·
1A ■ · · · ■ ■ · 2 ■
■ 2 ■ · · ■ · ■ 2 ■
· ■ · · · · ■ · ■ ·
■ · · ■ · ■ ■ · ■ ·
· ■ ■ 3 ■ · 3 ■ · ·
■ ■ · ■ · ■ ■ · · ·
■ · ■ ■ ■ · ■ ■ · ■
· ■ · 5 · ■ B · ■ ·
· ■ · ■ · ■ ■ · · ■
■ · ■ · ■ · · ■ ■ ·
1A ■ · · · ■ ■ · 2 ■
■ 2 ■ · · ■ · ■ 2 ■
· ■ · · · · ■ · ■ ·
■ · · ■ · ■ ■ · ■ ·
· ■ ■ 3 ■ · 3 ■ · ·
■ ■ · ■ · ■ ■ · · ·
■ · ■ ■ ■ · ■ ■ · ■
· ■ · 5 · ■ B · ■ ·
· ■ · ■ · ■ ■ · · ■
■ · ■ · ■ · · ■ ■ ·
1A ■ · · · ■ ■ · 2 ■
■ 2 ■ · · ■ · ■ 2 ■
· ■ · · · · ■ · ■ ·
■ · · ■ · ■ ■ · ■ ·
· ■ ■ 3 ■ · 3 ■ · ·
■ ■ · ■ · ■ ■ · · ·
■ · ■ ■ ■ · ■ ■ · ■
· ■ · 5 · ■ B · ■ ·
· ■ · ■ · ■ ■ · · ■
■ · ■ · ■ · · ■ ■ ·
1A ■ · · · ■ ■ · 2 ■
■ 2 ■ · · ■ · ■ 2 ■
· ■ · · · · ■ · ■ ·
■ · · ■ · ■ ■ · ■ ·
· ■ ■ 3 ■ · 3 ■ · ·
■ ■ · ■ · ■ ■ · · ·
■ · ■ ■ ■ · ■ ■ · ■
· ■ · 5 · ■ B · ■ ·
· ■ · ■ · ■ ■ · · ■
■ · ■ · ■ · · ■ ■ ·
1A ■ · · · ■ ■ · 2 ■
■ 2 ■ · · ■ · ■ 2 ■
· ■ · · · · ■ · ■ ·
■ · · ■ · ■ ■ · ■ ·
· ■ ■ 3 ■ · 3 ■ · ·
■ ■ · ■ · ■ ■ · · ·
■ · ■ ■ ■ · ■ ■ · ■
· ■ · 5 · ■ B · ■ ·
· ■ · ■ · ■ ■ · · ■
■ · ■ · ■ · · ■ ■ ·
1A ■ · · · ■ ■ · 2 ■
■ 2 ■ · · ■ · ■ 2 ■
· ■ · · · · ■ · ■ ·
■ · · ■ · ■ ■ · ■ ·
· ■ ■ 3 ■ · 3 ■ · ·
■ ■ · ■ · ■ ■ · · ·
■ · ■ ■ ■ · ■ ■ · ■
· ■ · 5 · ■ B · ■ ·
· ■ · ■ · ■ ■ · · ■
■ · ■ · ■ · · ■ ■ ·
1A ■ · · · ■ ■ · 2 ■
■ 2 ■ · · ■ · ■ 2 ■
· ■ · · · · ■ · ■ ·
■ · · ■ · ■ ■ · ■ ·
· ■ ■ 3 ■ · 3 ■ · ·
■ ■ · ■ · ■ ■ · · ·
■ · ■ ■ ■ · ■ ■ · ■
· ■ · 5 · ■ B · ■ ·
· ■ · ■ · ■ ■ · · ■
■ · ■ · ■ · · ■ ■ ·
1A ■ · · · ■ ■ · 2 ■
■ 2 ■ · · ■ · ■ 2 ■
· ■ · · · · ■ · ■ ·
■ · · ■ · ■ ■ · ■ ·
· ■ ■ 3 ■ · 3 ■ · ·
■ ■ · ■ · ■ ■ · · ·
■ · ■ ■ ■ · ■ ■ · ■
· ■ · 5 · ■ B · ■ ·
· ■ · ■ · ■ ■ · · ■
■ · ■ · ■ · · ■ ■ ·
1A ■ · · · ■ ■ · 2 ■
# Number of solutions found: 10
# CPU time: 0.2464 s
================================= 202 =================================
# Encoding time: 0.1647 s
· · · · · · ■ · ■ · ·
■ ■ ■ ■ ■ ■ · ■ · ■ ■
· ■ · · ■ 7 ■ · ■ ■ ·
■ ■ · ■ ■ ■ 8 ■ · ■ ■
■ · ■ ■ · 7 ■ · ■ ■ ·
· ■ ■ · ■ ■ 7 ■ · ■ ■
■ · ■ ■ · 7 ■ ■ · ■ ·
· ■ · ■ · ■ 6 ■ ■ · ■
■ · ■ · ■ 7 ■ · ■ ■ ·
■ ■ ■ ■ ■ ■ ■ ■ ■ · ■
■ · ■ 1 ■ · ■ · ■ ■ ·
· · · · · · ■ · ■ · ·
■ ■ ■ ■ ■ ■ · ■ · ■ ■
· ■ · · ■ 7 ■ · ■ ■ ·
■ ■ · ■ ■ ■ 8 ■ · ■ ■
■ · ■ ■ · 7 ■ · ■ ■ ·
· ■ ■ · ■ ■ 7 ■ · ■ ■
■ · ■ ■ · 7 ■ ■ · ■ ·
· ■ · ■ · ■ 6 ■ ■ · ■
■ · ■ · ■ 7 ■ · ■ ■ ·
■ ■ ■ ■ ■ ■ ■ ■ ■ · ■
■ · ■ 1 ■ · ■ · ■ ■ ·
· · · · · · ■ · ■ · ·
■ ■ ■ ■ ■ ■ · ■ · ■ ■
· ■ · · ■ 7 ■ · ■ ■ ·
■ ■ · ■ ■ ■ 8 ■ · ■ ■
■ · ■ ■ · 7 ■ · ■ ■ ·
· ■ ■ · ■ ■ 7 ■ · ■ ■
■ · ■ ■ · 7 ■ ■ · ■ ·
· ■ · ■ · ■ 6 ■ ■ · ■
■ · ■ · ■ 7 ■ · ■ ■ ·
■ ■ ■ ■ ■ ■ ■ ■ ■ · ■
■ · ■ 1 ■ · ■ · ■ ■ ·
· · · · · · ■ · ■ · ·
■ ■ ■ ■ ■ ■ · ■ · ■ ■
· ■ · · ■ 7 ■ · ■ ■ ·
■ ■ · ■ ■ ■ 8 ■ · ■ ■
■ · ■ ■ · 7 ■ · ■ ■ ·
· ■ ■ · ■ ■ 7 ■ · ■ ■
■ · ■ ■ · 7 ■ ■ · ■ ·
· ■ · ■ · ■ 6 ■ ■ · ■
■ · ■ · ■ 7 ■ · ■ ■ ·
■ ■ ■ ■ ■ ■ ■ ■ ■ · ■
■ · ■ 1 ■ · ■ · ■ ■ ·
· · · · · · ■ · ■ · ·
■ ■ ■ ■ ■ ■ · ■ · ■ ■
· ■ · · ■ 7 ■ · ■ ■ ·
■ ■ · ■ ■ ■ 8 ■ · ■ ■
■ · ■ ■ · 7 ■ · ■ ■ ·
· ■ ■ · ■ ■ 7 ■ · ■ ■
■ · ■ ■ · 7 ■ ■ · ■ ·
· ■ · ■ · ■ 6 ■ ■ · ■
■ · ■ · ■ 7 ■ · ■ ■ ·
■ ■ ■ ■ ■ ■ ■ ■ ■ · ■
■ · ■ 1 ■ · ■ · ■ ■ ·
· · · · · · ■ · ■ · ·
■ ■ ■ ■ ■ ■ · ■ · ■ ■
· ■ · · ■ 7 ■ · ■ ■ ·
■ ■ · ■ ■ ■ 8 ■ · ■ ■
■ · ■ ■ · 7 ■ · ■ ■ ·
· ■ ■ · ■ ■ 7 ■ · ■ ■
■ · ■ ■ · 7 ■ ■ · ■ ·
· ■ · ■ · ■ 6 ■ ■ · ■
■ · ■ · ■ 7 ■ · ■ ■ ·
■ ■ ■ ■ ■ ■ ■ ■ ■ · ■
■ · ■ 1 ■ · ■ · ■ ■ ·
· · · · · · ■ · ■ · ·
■ ■ ■ ■ ■ ■ · ■ · ■ ■
· ■ · · ■ 7 ■ · ■ ■ ·
■ ■ · ■ ■ ■ 8 ■ · ■ ■
■ · ■ ■ · 7 ■ · ■ ■ ·
· ■ ■ · ■ ■ 7 ■ · ■ ■
■ · ■ ■ · 7 ■ ■ · ■ ·
· ■ · ■ · ■ 6 ■ ■ · ■
■ · ■ · ■ 7 ■ · ■ ■ ·
■ ■ ■ ■ ■ ■ ■ ■ ■ · ■
■ · ■ 1 ■ · ■ · ■ ■ ·
· · · · · · ■ · ■ · ·
■ ■ ■ ■ ■ ■ · ■ · ■ ■
· ■ · · ■ 7 ■ · ■ ■ ·
■ ■ · ■ ■ ■ 8 ■ · ■ ■
■ · ■ ■ · 7 ■ · ■ ■ ·
· ■ ■ · ■ ■ 7 ■ · ■ ■
■ · ■ ■ · 7 ■ ■ · ■ ·
· ■ · ■ · ■ 6 ■ ■ · ■
■ · ■ · ■ 7 ■ · ■ ■ ·
■ ■ ■ ■ ■ ■ ■ ■ ■ · ■
■ · ■ 1 ■ · ■ · ■ ■ ·
· · · · · · ■ · ■ · ·
■ ■ ■ ■ ■ ■ · ■ · ■ ■
· ■ · · ■ 7 ■ · ■ ■ ·
■ ■ · ■ ■ ■ 8 ■ · ■ ■
■ · ■ ■ · 7 ■ · ■ ■ ·
· ■ ■ · ■ ■ 7 ■ · ■ ■
■ · ■ ■ · 7 ■ ■ · ■ ·
· ■ · ■ · ■ 6 ■ ■ · ■
■ · ■ · ■ 7 ■ · ■ ■ ·
■ ■ ■ ■ ■ ■ ■ ■ ■ · ■
■ · ■ 1 ■ · ■ · ■ ■ ·
· · · · · · ■ · ■ · ·
■ ■ ■ ■ ■ ■ · ■ · ■ ■
· ■ · · ■ 7 ■ · ■ ■ ·
■ ■ · ■ ■ ■ 8 ■ · ■ ■
■ · ■ ■ · 7 ■ · ■ ■ ·
· ■ ■ · ■ ■ 7 ■ · ■ ■
■ · ■ ■ · 7 ■ ■ · ■ ·
· ■ · ■ · ■ 6 ■ ■ · ■
■ · ■ · ■ 7 ■ · ■ ■ ·
■ ■ ■ ■ ■ ■ ■ ■ ■ · ■
■ · ■ 1 ■ · ■ · ■ ■ ·
# Number of solutions found: 10
# CPU time: 0.3145 s
================================= 203 =================================
# Encoding time: 0.3219 s
4 ■ · 4 · ■ 5 ■ 6 ■ · 7
■ · ■ · ■ · ■ · ■ · ■ ■
· ■ · ■ · · ■ · · ■ · ·
4 · ■ ■ · · ■ · · ■ ■ ·
· ■ · 5 ■ ■ 6 ■ ■ · · ■
■ 5 ■ ■ · ■ · ■ 7 · ■ ·
· ■ · ■ ■ · ■ · ■ ■ ■ ■
· ■ ■ · 7 ■ · ■ · ■ · ·
■ · · ■ ■ · ■ · ■ · 8 ■
7 ■ · ■ · ■ · ■ · ■ ■ ·
■ · ■ ■ ■ · ■ · ■ · · ■
· · · ■ · ■ ■ · · ■ ■ ·
4 ■ · 4 · ■ 5 ■ 6 ■ · 7
■ · ■ · ■ · ■ · ■ · ■ ■
· ■ · ■ · · ■ · · ■ · ·
4 · ■ ■ · · ■ · · ■ ■ ·
· ■ · 5 ■ ■ 6 ■ ■ · · ■
■ 5 ■ ■ · ■ · ■ 7 · ■ ·
· ■ · ■ ■ · ■ · ■ ■ ■ ■
· ■ ■ · 7 ■ · ■ · ■ · ·
■ · · ■ ■ · ■ · ■ · 8 ■
7 ■ · ■ · ■ · ■ · ■ ■ ·
■ · ■ ■ ■ · ■ · ■ · · ■
· · · ■ · ■ ■ · · ■ ■ ·
4 ■ · 4 · ■ 5 ■ 6 ■ · 7
■ · ■ · ■ · ■ · ■ · ■ ■
· ■ · ■ · · ■ · · ■ · ·
4 · ■ ■ · · ■ · · ■ ■ ·
· ■ · 5 ■ ■ 6 ■ ■ · · ■
■ 5 ■ ■ · ■ · ■ 7 · ■ ·
· ■ · ■ ■ · ■ · ■ ■ ■ ■
· ■ ■ · 7 ■ · ■ · ■ · ·
■ · · ■ ■ · ■ · ■ · 8 ■
7 ■ · ■ · ■ · ■ · ■ ■ ·
■ · ■ ■ ■ · ■ · ■ · · ■
· · · ■ · ■ ■ · · ■ ■ ·
4 ■ · 4 · ■ 5 ■ 6 ■ · 7
■ · ■ · ■ · ■ · ■ · ■ ■
· ■ · ■ · · ■ · · ■ · ·
4 · ■ ■ · · ■ · · ■ ■ ·
· ■ · 5 ■ ■ 6 ■ ■ · · ■
■ 5 ■ ■ · ■ · ■ 7 · ■ ·
· ■ · ■ ■ · ■ · ■ ■ ■ ■
· ■ ■ · 7 ■ · ■ · ■ · ·
■ · · ■ ■ · ■ · ■ · 8 ■
7 ■ · ■ · ■ · ■ · ■ ■ ·
■ · ■ ■ ■ · ■ · ■ · · ■
· · · ■ · ■ ■ · · ■ ■ ·
4 ■ · 4 · ■ 5 ■ 6 ■ · 7
■ · ■ · ■ · ■ · ■ · ■ ■
· ■ · ■ · · ■ · · ■ · ·
4 · ■ ■ · · ■ · · ■ ■ ·
· ■ · 5 ■ ■ 6 ■ ■ · · ■
■ 5 ■ ■ · ■ · ■ 7 · ■ ·
· ■ · ■ ■ · ■ · ■ ■ ■ ■
· ■ ■ · 7 ■ · ■ · ■ · ·
■ · · ■ ■ · ■ · ■ · 8 ■
7 ■ · ■ · ■ · ■ · ■ ■ ·
■ · ■ ■ ■ · ■ · ■ · · ■
· · · ■ · ■ ■ · · ■ ■ ·
4 ■ · 4 · ■ 5 ■ 6 ■ · 7
■ · ■ · ■ · ■ · ■ · ■ ■
· ■ · ■ · · ■ · · ■ · ·
4 · ■ ■ · · ■ · · ■ ■ ·
· ■ · 5 ■ ■ 6 ■ ■ · · ■
■ 5 ■ ■ · ■ · ■ 7 · ■ ·
· ■ · ■ ■ · ■ · ■ ■ ■ ■
· ■ ■ · 7 ■ · ■ · ■ · ·
■ · · ■ ■ · ■ · ■ · 8 ■
7 ■ · ■ · ■ · ■ · ■ ■ ·
■ · ■ ■ ■ · ■ · ■ · · ■
· · · ■ · ■ ■ · · ■ ■ ·
4 ■ · 4 · ■ 5 ■ 6 ■ · 7
■ · ■ · ■ · ■ · ■ · ■ ■
· ■ · ■ · · ■ · · ■ · ·
4 · ■ ■ · · ■ · · ■ ■ ·
· ■ · 5 ■ ■ 6 ■ ■ · · ■
■ 5 ■ ■ · ■ · ■ 7 · ■ ·
· ■ · ■ ■ · ■ · ■ ■ ■ ■
· ■ ■ · 7 ■ · ■ · ■ · ·
■ · · ■ ■ · ■ · ■ · 8 ■
7 ■ · ■ · ■ · ■ · ■ ■ ·
■ · ■ ■ ■ · ■ · ■ · · ■
· · · ■ · ■ ■ · · ■ ■ ·
4 ■ · 4 · ■ 5 ■ 6 ■ · 7
■ · ■ · ■ · ■ · ■ · ■ ■
· ■ · ■ · · ■ · · ■ · ·
4 · ■ ■ · · ■ · · ■ ■ ·
· ■ · 5 ■ ■ 6 ■ ■ · · ■
■ 5 ■ ■ · ■ · ■ 7 · ■ ·
· ■ · ■ ■ · ■ · ■ ■ ■ ■
· ■ ■ · 7 ■ · ■ · ■ · ·
■ · · ■ ■ · ■ · ■ · 8 ■
7 ■ · ■ · ■ · ■ · ■ ■ ·
■ · ■ ■ ■ · ■ · ■ · · ■
· · · ■ · ■ ■ · · ■ ■ ·
4 ■ · 4 · ■ 5 ■ 6 ■ · 7
■ · ■ · ■ · ■ · ■ · ■ ■
· ■ · ■ · · ■ · · ■ · ·
4 · ■ ■ · · ■ · · ■ ■ ·
· ■ · 5 ■ ■ 6 ■ ■ · · ■
■ 5 ■ ■ · ■ · ■ 7 · ■ ·
· ■ · ■ ■ · ■ · ■ ■ ■ ■
· ■ ■ · 7 ■ · ■ · ■ · ·
■ · · ■ ■ · ■ · ■ · 8 ■
7 ■ · ■ · ■ · ■ · ■ ■ ·
■ · ■ ■ ■ · ■ · ■ · · ■
· · · ■ · ■ ■ · · ■ ■ ·
4 ■ · 4 · ■ 5 ■ 6 ■ · 7
■ · ■ · ■ · ■ · ■ · ■ ■
· ■ · ■ · · ■ · · ■ · ·
4 · ■ ■ · · ■ · · ■ ■ ·
· ■ · 5 ■ ■ 6 ■ ■ · · ■
■ 5 ■ ■ · ■ · ■ 7 · ■ ·
· ■ · ■ ■ · ■ · ■ ■ ■ ■
· ■ ■ · 7 ■ · ■ · ■ · ·
■ · · ■ ■ · ■ · ■ · 8 ■
7 ■ · ■ · ■ · ■ · ■ ■ ·
■ · ■ ■ ■ · ■ · ■ · · ■
· · · ■ · ■ ■ · · ■ ■ ·
# Number of solutions found: 10
# CPU time: 5.742 s
================================= 204 =================================
# Encoding time: 0.9491 s
· ■ ■ · · · · ■ 5 ■ · ■ · ■ ·
■ ■ · ■ · ■ ■ ■ ■ · C · ■ · ■
■ · · ■ ■ · ■ · ■ ■ · ■ · ■ ·
· ■ ■ 2 ■ ■ · ■ ■ · ■ D ■ · ■
■ 4 ■ · ■ 1 ■ · · ■ ■ · ■ ■ ·
· ■ ■ ■ ■ ■ ■ ■ ■ ■ 1 ■ · · ■
3 ■ · · · ■ 5 ■ 5 · ■ · ■ · ■
■ · ■ ■ · · ■ · ■ ■ · ■ ■ ■ ·
· ■ · · ■ ■ 4 ■ 5 ■ · · · ■ 3
· · ■ ■ 1 ■ ■ · ■ ■ · ■ ■ ■ ■
■ ■ · ■ ■ · · ■ ■ 2 ■ ■ · 4 ■
■ · ■ D ■ ■ ■ · ■ · ■ C ■ ■ ·
· ■ · ■ · ■ · ■ · ■ · ■ · ■ ·
· ■ ■ ■ 3 ■ ■ · ■ · ■ · ■ · ■
■ · ■ · ■ ■ 3 ■ · ■ · ■ ■ · ·
· ■ ■ · · · · ■ 5 ■ · ■ · ■ ·
■ ■ · ■ · ■ ■ ■ ■ · C · ■ · ■
■ · · ■ ■ · ■ · ■ ■ · ■ · ■ ·
· ■ ■ 2 ■ ■ · ■ ■ · ■ D ■ · ■
■ 4 ■ · ■ 1 ■ · · ■ ■ · ■ ■ ·
· ■ ■ ■ ■ ■ ■ ■ ■ ■ 1 ■ · · ■
3 ■ · · · ■ 5 ■ 5 · ■ · ■ · ■
■ · ■ ■ · · ■ · ■ ■ · ■ ■ ■ ·
· ■ · · ■ ■ 4 ■ 5 ■ · · · ■ 3
· · ■ ■ 1 ■ ■ · ■ ■ · ■ ■ ■ ■
■ ■ · ■ ■ · · ■ ■ 2 ■ ■ · 4 ■
■ · ■ D ■ ■ ■ · ■ · ■ C ■ ■ ·
· ■ · ■ · ■ · ■ · ■ · ■ · ■ ·
· ■ ■ ■ 3 ■ ■ · ■ · ■ · ■ · ■
■ · ■ · ■ ■ 3 ■ · ■ · ■ ■ · ·
· ■ ■ · · · · ■ 5 ■ · ■ · ■ ·
■ ■ · ■ · ■ ■ ■ ■ · C · ■ · ■
■ · · ■ ■ · ■ · ■ ■ · ■ · ■ ·
· ■ ■ 2 ■ ■ · ■ ■ · ■ D ■ · ■
■ 4 ■ · ■ 1 ■ · · ■ ■ · ■ ■ ·
· ■ ■ ■ ■ ■ ■ ■ ■ ■ 1 ■ · · ■
3 ■ · · · ■ 5 ■ 5 · ■ · ■ · ■
■ · ■ ■ · · ■ · ■ ■ · ■ ■ ■ ·
· ■ · · ■ ■ 4 ■ 5 ■ · · · ■ 3
· · ■ ■ 1 ■ ■ · ■ ■ · ■ ■ ■ ■
■ ■ · ■ ■ · · ■ ■ 2 ■ ■ · 4 ■
■ · ■ D ■ ■ ■ · ■ · ■ C ■ ■ ·
· ■ · ■ · ■ · ■ · ■ · ■ · ■ ·
· ■ ■ ■ 3 ■ ■ · ■ · ■ · ■ · ■
■ · ■ · ■ ■ 3 ■ · ■ · ■ ■ · ·
· ■ ■ · · · · ■ 5 ■ · ■ · ■ ·
■ ■ · ■ · ■ ■ ■ ■ · C · ■ · ■
■ · · ■ ■ · ■ · ■ ■ · ■ · ■ ·
· ■ ■ 2 ■ ■ · ■ ■ · ■ D ■ · ■
■ 4 ■ · ■ 1 ■ · · ■ ■ · ■ ■ ·
· ■ ■ ■ ■ ■ ■ ■ ■ ■ 1 ■ · · ■
3 ■ · · · ■ 5 ■ 5 · ■ · ■ · ■
■ · ■ ■ · · ■ · ■ ■ · ■ ■ ■ ·
· ■ · · ■ ■ 4 ■ 5 ■ · · · ■ 3
· · ■ ■ 1 ■ ■ · ■ ■ · ■ ■ ■ ■
■ ■ · ■ ■ · · ■ ■ 2 ■ ■ · 4 ■
■ · ■ D ■ ■ ■ · ■ · ■ C ■ ■ ·
· ■ · ■ · ■ · ■ · ■ · ■ · ■ ·
· ■ ■ ■ 3 ■ ■ · ■ · ■ · ■ · ■
■ · ■ · ■ ■ 3 ■ · ■ · ■ ■ · ·
· ■ ■ · · · · ■ 5 ■ · ■ · ■ ·
■ ■ · ■ · ■ ■ ■ ■ · C · ■ · ■
■ · · ■ ■ · ■ · ■ ■ · ■ · ■ ·
· ■ ■ 2 ■ ■ · ■ ■ · ■ D ■ · ■
■ 4 ■ · ■ 1 ■ · · ■ ■ · ■ ■ ·
· ■ ■ ■ ■ ■ ■ ■ ■ ■ 1 ■ · · ■
3 ■ · · · ■ 5 ■ 5 · ■ · ■ · ■
■ · ■ ■ · · ■ · ■ ■ · ■ ■ ■ ·
· ■ · · ■ ■ 4 ■ 5 ■ · · · ■ 3
· · ■ ■ 1 ■ ■ · ■ ■ · ■ ■ ■ ■
■ ■ · ■ ■ · · ■ ■ 2 ■ ■ · 4 ■
■ · ■ D ■ ■ ■ · ■ · ■ C ■ ■ ·
· ■ · ■ · ■ · ■ · ■ · ■ · ■ ·
· ■ ■ ■ 3 ■ ■ · ■ · ■ · ■ · ■
■ · ■ · ■ ■ 3 ■ · ■ · ■ ■ · ·
· ■ ■ · · · · ■ 5 ■ · ■ · ■ ·
■ ■ · ■ · ■ ■ ■ ■ · C · ■ · ■
■ · · ■ ■ · ■ · ■ ■ · ■ · ■ ·
· ■ ■ 2 ■ ■ · ■ ■ · ■ D ■ · ■
■ 4 ■ · ■ 1 ■ · · ■ ■ · ■ ■ ·
· ■ ■ ■ ■ ■ ■ ■ ■ ■ 1 ■ · · ■
3 ■ · · · ■ 5 ■ 5 · ■ · ■ · ■
■ · ■ ■ · · ■ · ■ ■ · ■ ■ ■ ·
· ■ · · ■ ■ 4 ■ 5 ■ · · · ■ 3
· · ■ ■ 1 ■ ■ · ■ ■ · ■ ■ ■ ■
■ ■ · ■ ■ · · ■ ■ 2 ■ ■ · 4 ■
■ · ■ D ■ ■ ■ · ■ · ■ C ■ ■ ·
· ■ · ■ · ■ · ■ · ■ · ■ · ■ ·
· ■ ■ ■ 3 ■ ■ · ■ · ■ · ■ · ■
■ · ■ · ■ ■ 3 ■ · ■ · ■ ■ · ·
· ■ ■ · · · · ■ 5 ■ · ■ · ■ ·
■ ■ · ■ · ■ ■ ■ ■ · C · ■ · ■
■ · · ■ ■ · ■ · ■ ■ · ■ · ■ ·
· ■ ■ 2 ■ ■ · ■ ■ · ■ D ■ · ■
■ 4 ■ · ■ 1 ■ · · ■ ■ · ■ ■ ·
· ■ ■ ■ ■ ■ ■ ■ ■ ■ 1 ■ · · ■
3 ■ · · · ■ 5 ■ 5 · ■ · ■ · ■
■ · ■ ■ · · ■ · ■ ■ · ■ ■ ■ ·
· ■ · · ■ ■ 4 ■ 5 ■ · · · ■ 3
· · ■ ■ 1 ■ ■ · ■ ■ · ■ ■ ■ ■
■ ■ · ■ ■ · · ■ ■ 2 ■ ■ · 4 ■
■ · ■ D ■ ■ ■ · ■ · ■ C ■ ■ ·
· ■ · ■ · ■ · ■ · ■ · ■ · ■ ·
· ■ ■ ■ 3 ■ ■ · ■ · ■ · ■ · ■
■ · ■ · ■ ■ 3 ■ · ■ · ■ ■ · ·
· ■ ■ · · · · ■ 5 ■ · ■ · ■ ·
■ ■ · ■ · ■ ■ ■ ■ · C · ■ · ■
■ · · ■ ■ · ■ · ■ ■ · ■ · ■ ·
· ■ ■ 2 ■ ■ · ■ ■ · ■ D ■ · ■
■ 4 ■ · ■ 1 ■ · · ■ ■ · ■ ■ ·
· ■ ■ ■ ■ ■ ■ ■ ■ ■ 1 ■ · · ■
3 ■ · · · ■ 5 ■ 5 · ■ · ■ · ■
■ · ■ ■ · · ■ · ■ ■ · ■ ■ ■ ·
· ■ · · ■ ■ 4 ■ 5 ■ · · · ■ 3
· · ■ ■ 1 ■ ■ · ■ ■ · ■ ■ ■ ■
■ ■ · ■ ■ · · ■ ■ 2 ■ ■ · 4 ■
■ · ■ D ■ ■ ■ · ■ · ■ C ■ ■ ·
· ■ · ■ · ■ · ■ · ■ · ■ · ■ ·
· ■ ■ ■ 3 ■ ■ · ■ · ■ · ■ · ■
■ · ■ · ■ ■ 3 ■ · ■ · ■ ■ · ·
· ■ ■ · · · · ■ 5 ■ · ■ · ■ ·
■ ■ · ■ · ■ ■ ■ ■ · C · ■ · ■
■ · · ■ ■ · ■ · ■ ■ · ■ · ■ ·
· ■ ■ 2 ■ ■ · ■ ■ · ■ D ■ · ■
■ 4 ■ · ■ 1 ■ · · ■ ■ · ■ ■ ·
· ■ ■ ■ ■ ■ ■ ■ ■ ■ 1 ■ · · ■
3 ■ · · · ■ 5 ■ 5 · ■ · ■ · ■
■ · ■ ■ · · ■ · ■ ■ · ■ ■ ■ ·
· ■ · · ■ ■ 4 ■ 5 ■ · · · ■ 3
· · ■ ■ 1 ■ ■ · ■ ■ · ■ ■ ■ ■
■ ■ · ■ ■ · · ■ ■ 2 ■ ■ · 4 ■
■ · ■ D ■ ■ ■ · ■ · ■ C ■ ■ ·
· ■ · ■ · ■ · ■ · ■ · ■ · ■ ·
· ■ ■ ■ 3 ■ ■ · ■ · ■ · ■ · ■
■ · ■ · ■ ■ 3 ■ · ■ · ■ ■ · ·
· ■ ■ · · · · ■ 5 ■ · ■ · ■ ·
■ ■ · ■ · ■ ■ ■ ■ · C · ■ · ■
■ · · ■ ■ · ■ · ■ ■ · ■ · ■ ·
· ■ ■ 2 ■ ■ · ■ ■ · ■ D ■ · ■
■ 4 ■ · ■ 1 ■ · · ■ ■ · ■ ■ ·
· ■ ■ ■ ■ ■ ■ ■ ■ ■ 1 ■ · · ■
3 ■ · · · ■ 5 ■ 5 · ■ · ■ · ■
■ · ■ ■ · · ■ · ■ ■ · ■ ■ ■ ·
· ■ · · ■ ■ 4 ■ 5 ■ · · · ■ 3
· · ■ ■ 1 ■ ■ · ■ ■ · ■ ■ ■ ■
■ ■ · ■ ■ · · ■ ■ 2 ■ ■ · 4 ■
■ · ■ D ■ ■ ■ · ■ · ■ C ■ ■ ·
· ■ · ■ · ■ · ■ · ■ · ■ · ■ ·
· ■ ■ ■ 3 ■ ■ · ■ · ■ · ■ · ■
■ · ■ · ■ ■ 3 ■ · ■ · ■ ■ · ·
# Number of solutions found: 10
# CPU time: 2.409 s
================================= 205 =================================
# Encoding time: 0.1456 s
· · ■ 4 · ■ ■ · ■ ·
· ■ · ■ ■ · ■ ■ ■ ■
■ 6 ■ 6 ■ ■ · ■ · ·
· ■ · ■ ■ · ■ · ■ ■
■ · ■ 5 ■ ■ · ■ · ·
■ · ■ ■ · ■ · · ■ ■
· 15 ■ 4 ■ 4 ■ ■ · ·
· ■ · ■ · ■ · ■ · ■
■ · ■ ■ ■ · · · ■ ·
■ · ■ · · · · · · ■
· · ■ 4 · ■ ■ · ■ ·
· ■ · ■ ■ · ■ ■ ■ ■
■ 6 ■ 6 ■ ■ · ■ · ·
· ■ · ■ ■ · ■ · ■ ■
■ · ■ 5 ■ ■ · ■ · ·
■ · ■ ■ · ■ · · ■ ■
· 15 ■ 4 ■ 4 ■ ■ · ·
· ■ · ■ · ■ · ■ · ■
■ · ■ ■ ■ · · · ■ ·
■ · ■ · · · · · · ■
· · ■ 4 · ■ ■ · ■ ·
· ■ · ■ ■ · ■ ■ ■ ■
■ 6 ■ 6 ■ ■ · ■ · ·
· ■ · ■ ■ · ■ · ■ ■
■ · ■ 5 ■ ■ · ■ · ·
■ · ■ ■ · ■ · · ■ ■
· 15 ■ 4 ■ 4 ■ ■ · ·
· ■ · ■ · ■ · ■ · ■
■ · ■ ■ ■ · · · ■ ·
■ · ■ · · · · · · ■
· · ■ 4 · ■ ■ · ■ ·
· ■ · ■ ■ · ■ ■ ■ ■
■ 6 ■ 6 ■ ■ · ■ · ·
· ■ · ■ ■ · ■ · ■ ■
■ · ■ 5 ■ ■ · ■ · ·
■ · ■ ■ · ■ · · ■ ■
· 15 ■ 4 ■ 4 ■ ■ · ·
· ■ · ■ · ■ · ■ · ■
■ · ■ ■ ■ · · · ■ ·
■ · ■ · · · · · · ■
· · ■ 4 · ■ ■ · ■ ·
· ■ · ■ ■ · ■ ■ ■ ■
■ 6 ■ 6 ■ ■ · ■ · ·
· ■ · ■ ■ · ■ · ■ ■
■ · ■ 5 ■ ■ · ■ · ·
■ · ■ ■ · ■ · · ■ ■
· 15 ■ 4 ■ 4 ■ ■ · ·
· ■ · ■ · ■ · ■ · ■
■ · ■ ■ ■ · · · ■ ·
■ · ■ · · · · · · ■
· · ■ 4 · ■ ■ · ■ ·
· ■ · ■ ■ · ■ ■ ■ ■
■ 6 ■ 6 ■ ■ · ■ · ·
· ■ · ■ ■ · ■ · ■ ■
■ · ■ 5 ■ ■ · ■ · ·
■ · ■ ■ · ■ · · ■ ■
· 15 ■ 4 ■ 4 ■ ■ · ·
· ■ · ■ · ■ · ■ · ■
■ · ■ ■ ■ · · · ■ ·
■ · ■ · · · · · · ■
· · ■ 4 · ■ ■ · ■ ·
· ■ · ■ ■ · ■ ■ ■ ■
■ 6 ■ 6 ■ ■ · ■ · ·
· ■ · ■ ■ · ■ · ■ ■
■ · ■ 5 ■ ■ · ■ · ·
■ · ■ ■ · ■ · · ■ ■
· 15 ■ 4 ■ 4 ■ ■ · ·
· ■ · ■ · ■ · ■ · ■
■ · ■ ■ ■ · · · ■ ·
■ · ■ · · · · · · ■
· · ■ 4 · ■ ■ · ■ ·
· ■ · ■ ■ · ■ ■ ■ ■
■ 6 ■ 6 ■ ■ · ■ · ·
· ■ · ■ ■ · ■ · ■ ■
■ · ■ 5 ■ ■ · ■ · ·
■ · ■ ■ · ■ · · ■ ■
· 15 ■ 4 ■ 4 ■ ■ · ·
· ■ · ■ · ■ · ■ · ■
■ · ■ ■ ■ · · · ■ ·
■ · ■ · · · · · · ■
· · ■ 4 · ■ ■ · ■ ·
· ■ · ■ ■ · ■ ■ ■ ■
■ 6 ■ 6 ■ ■ · ■ · ·
· ■ · ■ ■ · ■ · ■ ■
■ · ■ 5 ■ ■ · ■ · ·
■ · ■ ■ · ■ · · ■ ■
· 15 ■ 4 ■ 4 ■ ■ · ·
· ■ · ■ · ■ · ■ · ■
■ · ■ ■ ■ · · · ■ ·
■ · ■ · · · · · · ■
· · ■ 4 · ■ ■ · ■ ·
· ■ · ■ ■ · ■ ■ ■ ■
■ 6 ■ 6 ■ ■ · ■ · ·
· ■ · ■ ■ · ■ · ■ ■
■ · ■ 5 ■ ■ · ■ · ·
■ · ■ ■ · ■ · · ■ ■
· 15 ■ 4 ■ 4 ■ ■ · ·
· ■ · ■ · ■ · ■ · ■
■ · ■ ■ ■ · · · ■ ·
■ · ■ · · · · · · ■
# Number of solutions found: 10
# CPU time: 0.2722 s
================================= 206 =================================
# Encoding time: 0.3318 s
· ■ · ■ · · ■ ■ 1 ■ ·
■ 1 ■ 2 ■ ■ · · ■ · ■
· ■ · ■ · ■ ■ ■ · ■ 3
■ 2 ■ ■ · 3 ■ · ■ ■ ·
■ ■ · ■ ■ ■ · ■ · ■ ■
■ · ■ 3 ■ · ■ 8 ■ · ■
· ■ ■ ■ · ■ · ■ ■ ■ ·
■ ■ · ■ ■ 4 ■ · ■ 7 ■
3 ■ ■ · ■ ■ · ■ · ■ ■
■ · ■ ■ · ■ ■ 5 ■ 6 ·
· ■ 5 · ■ · ■ ■ · · ·
· ■ · ■ · · ■ ■ 1 ■ ·
■ 1 ■ 2 ■ ■ · · ■ · ■
· ■ · ■ · ■ ■ ■ · ■ 3
■ 2 ■ ■ · 3 ■ · ■ ■ ·
■ ■ · ■ ■ ■ · ■ · ■ ■
■ · ■ 3 ■ · ■ 8 ■ · ■
· ■ ■ ■ · ■ · ■ ■ ■ ·
■ ■ · ■ ■ 4 ■ · ■ 7 ■
3 ■ ■ · ■ ■ · ■ · ■ ■
■ · ■ ■ · ■ ■ 5 ■ 6 ·
· ■ 5 · ■ · ■ ■ · · ·
· ■ · ■ · · ■ ■ 1 ■ ·
■ 1 ■ 2 ■ ■ · · ■ · ■
· ■ · ■ · ■ ■ ■ · ■ 3
■ 2 ■ ■ · 3 ■ · ■ ■ ·
■ ■ · ■ ■ ■ · ■ · ■ ■
■ · ■ 3 ■ · ■ 8 ■ · ■
· ■ ■ ■ · ■ · ■ ■ ■ ·
■ ■ · ■ ■ 4 ■ · ■ 7 ■
3 ■ ■ · ■ ■ · ■ · ■ ■
■ · ■ ■ · ■ ■ 5 ■ 6 ·
· ■ 5 · ■ · ■ ■ · · ·
· ■ · ■ · · ■ ■ 1 ■ ·
■ 1 ■ 2 ■ ■ · · ■ · ■
· ■ · ■ · ■ ■ ■ · ■ 3
■ 2 ■ ■ · 3 ■ · ■ ■ ·
■ ■ · ■ ■ ■ · ■ · ■ ■
■ · ■ 3 ■ · ■ 8 ■ · ■
· ■ ■ ■ · ■ · ■ ■ ■ ·
■ ■ · ■ ■ 4 ■ · ■ 7 ■
3 ■ ■ · ■ ■ · ■ · ■ ■
■ · ■ ■ · ■ ■ 5 ■ 6 ·
· ■ 5 · ■ · ■ ■ · · ·
· ■ · ■ · · ■ ■ 1 ■ ·
■ 1 ■ 2 ■ ■ · · ■ · ■
· ■ · ■ · ■ ■ ■ · ■ 3
■ 2 ■ ■ · 3 ■ · ■ ■ ·
■ ■ · ■ ■ ■ · ■ · ■ ■
■ · ■ 3 ■ · ■ 8 ■ · ■
· ■ ■ ■ · ■ · ■ ■ ■ ·
■ ■ · ■ ■ 4 ■ · ■ 7 ■
3 ■ ■ · ■ ■ · ■ · ■ ■
■ · ■ ■ · ■ ■ 5 ■ 6 ·
· ■ 5 · ■ · ■ ■ · · ·
· ■ · ■ · · ■ ■ 1 ■ ·
■ 1 ■ 2 ■ ■ · · ■ · ■
· ■ · ■ · ■ ■ ■ · ■ 3
■ 2 ■ ■ · 3 ■ · ■ ■ ·
■ ■ · ■ ■ ■ · ■ · ■ ■
■ · ■ 3 ■ · ■ 8 ■ · ■
· ■ ■ ■ · ■ · ■ ■ ■ ·
■ ■ · ■ ■ 4 ■ · ■ 7 ■
3 ■ ■ · ■ ■ · ■ · ■ ■
■ · ■ ■ · ■ ■ 5 ■ 6 ·
· ■ 5 · ■ · ■ ■ · · ·
· ■ · ■ · · ■ ■ 1 ■ ·
■ 1 ■ 2 ■ ■ · · ■ · ■
· ■ · ■ · ■ ■ ■ · ■ 3
■ 2 ■ ■ · 3 ■ · ■ ■ ·
■ ■ · ■ ■ ■ · ■ · ■ ■
■ · ■ 3 ■ · ■ 8 ■ · ■
· ■ ■ ■ · ■ · ■ ■ ■ ·
■ ■ · ■ ■ 4 ■ · ■ 7 ■
3 ■ ■ · ■ ■ · ■ · ■ ■
■ · ■ ■ · ■ ■ 5 ■ 6 ·
· ■ 5 · ■ · ■ ■ · · ·
· ■ · ■ · · ■ ■ 1 ■ ·
■ 1 ■ 2 ■ ■ · · ■ · ■
· ■ · ■ · ■ ■ ■ · ■ 3
■ 2 ■ ■ · 3 ■ · ■ ■ ·
■ ■ · ■ ■ ■ · ■ · ■ ■
■ · ■ 3 ■ · ■ 8 ■ · ■
· ■ ■ ■ · ■ · ■ ■ ■ ·
■ ■ · ■ ■ 4 ■ · ■ 7 ■
3 ■ ■ · ■ ■ · ■ · ■ ■
■ · ■ ■ · ■ ■ 5 ■ 6 ·
· ■ 5 · ■ · ■ ■ · · ·
· ■ · ■ · · ■ ■ 1 ■ ·
■ 1 ■ 2 ■ ■ · · ■ · ■
· ■ · ■ · ■ ■ ■ · ■ 3
■ 2 ■ ■ · 3 ■ · ■ ■ ·
■ ■ · ■ ■ ■ · ■ · ■ ■
■ · ■ 3 ■ · ■ 8 ■ · ■
· ■ ■ ■ · ■ · ■ ■ ■ ·
■ ■ · ■ ■ 4 ■ · ■ 7 ■
3 ■ ■ · ■ ■ · ■ · ■ ■
■ · ■ ■ · ■ ■ 5 ■ 6 ·
· ■ 5 · ■ · ■ ■ · · ·
· ■ · ■ · · ■ ■ 1 ■ ·
■ 1 ■ 2 ■ ■ · · ■ · ■
· ■ · ■ · ■ ■ ■ · ■ 3
■ 2 ■ ■ · 3 ■ · ■ ■ ·
■ ■ · ■ ■ ■ · ■ · ■ ■
■ · ■ 3 ■ · ■ 8 ■ · ■
· ■ ■ ■ · ■ · ■ ■ ■ ·
■ ■ · ■ ■ 4 ■ · ■ 7 ■
3 ■ ■ · ■ ■ · ■ · ■ ■
■ · ■ ■ · ■ ■ 5 ■ 6 ·
· ■ 5 · ■ · ■ ■ · · ·
# Number of solutions found: 10
# CPU time: 0.5615 s
================================= 207 =================================
# Encoding time: 0.3412 s
· · · · ■ 4 · ■ · · ■
· ■ · ■ · ■ ■ 1 ■ ■ ·
■ 2 ■ 1 ■ 2 ■ ■ · 3 ■
· ■ · ■ E ■ ■ · ■ ■ ■
■ · ■ · ■ ■ · ■ · ■ ·
■ · · ■ · ■ ■ · ■ · ■
· ■ · · ■ · ■ · · ■ ·
· ■ · · ■ 11 ■ ■ ■ · ■
■ 2 ■ ■ 2 ■ ■ 1 ■ · ■
■ ■ · ■ ■ ■ 3 ■ 3 ■ ·
· ■ ■ 2 ■ · ■ · ■ ■ ·
· · · · ■ 4 · ■ · · ■
· ■ · ■ · ■ ■ 1 ■ ■ ·
■ 2 ■ 1 ■ 2 ■ ■ · 3 ■
· ■ · ■ E ■ ■ · ■ ■ ■
■ · ■ · ■ ■ · ■ · ■ ·
■ · · ■ · ■ ■ · ■ · ■
· ■ · · ■ · ■ · · ■ ·
· ■ · · ■ 11 ■ ■ ■ · ■
■ 2 ■ ■ 2 ■ ■ 1 ■ · ■
■ ■ · ■ ■ ■ 3 ■ 3 ■ ·
· ■ ■ 2 ■ · ■ · ■ ■ ·
· · · · ■ 4 · ■ · · ■
· ■ · ■ · ■ ■ 1 ■ ■ ·
■ 2 ■ 1 ■ 2 ■ ■ · 3 ■
· ■ · ■ E ■ ■ · ■ ■ ■
■ · ■ · ■ ■ · ■ · ■ ·
■ · · ■ · ■ ■ · ■ · ■
· ■ · · ■ · ■ · · ■ ·
· ■ · · ■ 11 ■ ■ ■ · ■
■ 2 ■ ■ 2 ■ ■ 1 ■ · ■
■ ■ · ■ ■ ■ 3 ■ 3 ■ ·
· ■ ■ 2 ■ · ■ · ■ ■ ·
· · · · ■ 4 · ■ · · ■
· ■ · ■ · ■ ■ 1 ■ ■ ·
■ 2 ■ 1 ■ 2 ■ ■ · 3 ■
· ■ · ■ E ■ ■ · ■ ■ ■
■ · ■ · ■ ■ · ■ · ■ ·
■ · · ■ · ■ ■ · ■ · ■
· ■ · · ■ · ■ · · ■ ·
· ■ · · ■ 11 ■ ■ ■ · ■
■ 2 ■ ■ 2 ■ ■ 1 ■ · ■
■ ■ · ■ ■ ■ 3 ■ 3 ■ ·
· ■ ■ 2 ■ · ■ · ■ ■ ·
· · · · ■ 4 · ■ · · ■
· ■ · ■ · ■ ■ 1 ■ ■ ·
■ 2 ■ 1 ■ 2 ■ ■ · 3 ■
· ■ · ■ E ■ ■ · ■ ■ ■
■ · ■ · ■ ■ · ■ · ■ ·
■ · · ■ · ■ ■ · ■ · ■
· ■ · · ■ · ■ · · ■ ·
· ■ · · ■ 11 ■ ■ ■ · ■
■ 2 ■ ■ 2 ■ ■ 1 ■ · ■
■ ■ · ■ ■ ■ 3 ■ 3 ■ ·
· ■ ■ 2 ■ · ■ · ■ ■ ·
· · · · ■ 4 · ■ · · ■
· ■ · ■ · ■ ■ 1 ■ ■ ·
■ 2 ■ 1 ■ 2 ■ ■ · 3 ■
· ■ · ■ E ■ ■ · ■ ■ ■
■ · ■ · ■ ■ · ■ · ■ ·
■ · · ■ · ■ ■ · ■ · ■
· ■ · · ■ · ■ · · ■ ·
· ■ · · ■ 11 ■ ■ ■ · ■
■ 2 ■ ■ 2 ■ ■ 1 ■ · ■
■ ■ · ■ ■ ■ 3 ■ 3 ■ ·
· ■ ■ 2 ■ · ■ · ■ ■ ·
· · · · ■ 4 · ■ · · ■
· ■ · ■ · ■ ■ 1 ■ ■ ·
■ 2 ■ 1 ■ 2 ■ ■ · 3 ■
· ■ · ■ E ■ ■ · ■ ■ ■
■ · ■ · ■ ■ · ■ · ■ ·
■ · · ■ · ■ ■ · ■ · ■
· ■ · · ■ · ■ · · ■ ·
· ■ · · ■ 11 ■ ■ ■ · ■
■ 2 ■ ■ 2 ■ ■ 1 ■ · ■
■ ■ · ■ ■ ■ 3 ■ 3 ■ ·
· ■ ■ 2 ■ · ■ · ■ ■ ·
· · · · ■ 4 · ■ · · ■
· ■ · ■ · ■ ■ 1 ■ ■ ·
■ 2 ■ 1 ■ 2 ■ ■ · 3 ■
· ■ · ■ E ■ ■ · ■ ■ ■
■ · ■ · ■ ■ · ■ · ■ ·
■ · · ■ · ■ ■ · ■ · ■
· ■ · · ■ · ■ · · ■ ·
· ■ · · ■ 11 ■ ■ ■ · ■
■ 2 ■ ■ 2 ■ ■ 1 ■ · ■
■ ■ · ■ ■ ■ 3 ■ 3 ■ ·
· ■ ■ 2 ■ · ■ · ■ ■ ·
· · · · ■ 4 · ■ · · ■
· ■ · ■ · ■ ■ 1 ■ ■ ·
■ 2 ■ 1 ■ 2 ■ ■ · 3 ■
· ■ · ■ E ■ ■ · ■ ■ ■
■ · ■ · ■ ■ · ■ · ■ ·
■ · · ■ · ■ ■ · ■ · ■
· ■ · · ■ · ■ · · ■ ·
· ■ · · ■ 11 ■ ■ ■ · ■
■ 2 ■ ■ 2 ■ ■ 1 ■ · ■
■ ■ · ■ ■ ■ 3 ■ 3 ■ ·
· ■ ■ 2 ■ · ■ · ■ ■ ·
· · · · ■ 4 · ■ · · ■
· ■ · ■ · ■ ■ 1 ■ ■ ·
■ 2 ■ 1 ■ 2 ■ ■ · 3 ■
· ■ · ■ E ■ ■ · ■ ■ ■
■ · ■ · ■ ■ · ■ · ■ ·
■ · · ■ · ■ ■ · ■ · ■
· ■ · · ■ · ■ · · ■ ·
· ■ · · ■ 11 ■ ■ ■ · ■
■ 2 ■ ■ 2 ■ ■ 1 ■ · ■
■ ■ · ■ ■ ■ 3 ■ 3 ■ ·
· ■ ■ 2 ■ · ■ · ■ ■ ·
# Number of solutions found: 10
# CPU time: 0.5567 s
================================= 208 =================================
# Encoding time: 0.3117 s
· ■ · 3 ■ · ■ 2 ■ ·
■ 1 ■ ■ · · · ■ · ·
· ■ · · ■ · ■ · ■ ·
2 ■ 3 ■ 1 ■ 3 ■ 4 ■
■ · ■ · ■ · ■ · ■ ·
· ■ · · · · · ■ · ■
· ■ · · · · · · · ·
■ · ■ · · · · · · ·
· · · · · · · · · ·
· · · ■ ■ ■ ■ ■ · ·
· · ■ · ■ · · · · ·
· ■ 7 ■ · · · · · ·
· 4D ■ · · · · · · ·
· ■ · ■ ■ · ■ ■ · ■
■ · · · · ■ · · ■ ·
· ■ · 3 ■ · ■ 2 ■ ·
■ 1 ■ ■ · · · ■ · ·
· ■ · · ■ · ■ · ■ ·
2 ■ 3 ■ 1 ■ 3 ■ 4 ■
■ · ■ · ■ · ■ · ■ ·
· ■ · · · · · ■ · ■
· ■ · · · · · · · ·
■ · ■ · · · · · · ·
· · · · · · · · · ·
· · · ■ ■ ■ ■ ■ · ·
· · ■ · ■ · · · · ·
· ■ 7 ■ · · · · · ·
· 4D ■ · · · · · · ·
· ■ · ■ ■ · ■ ■ · ■
■ · · · · ■ · · ■ ·
· ■ · 3 ■ · ■ 2 ■ ·
■ 1 ■ ■ · · · ■ · ·
· ■ · · ■ · ■ · ■ ·
2 ■ 3 ■ 1 ■ 3 ■ 4 ■
■ · ■ · ■ · ■ · ■ ·
· ■ · · · · · ■ · ■
· ■ · · · · · · · ·
■ · ■ · · · · · · ·
· · · · · · · · · ·
· · · ■ ■ ■ ■ ■ · ·
· · ■ · ■ · · · · ·
· ■ 7 ■ · · · · · ·
· 4D ■ · · · · · · ·
· ■ · ■ ■ · ■ ■ · ■
■ · · · · ■ · · ■ ·
· ■ · 3 ■ · ■ 2 ■ ·
■ 1 ■ ■ · · · ■ · ·
· ■ · · ■ · ■ · ■ ·
2 ■ 3 ■ 1 ■ 3 ■ 4 ■
■ · ■ · ■ · ■ · ■ ·
· ■ · · · · · ■ · ■
· ■ · · · · · · · ·
■ · ■ · · · · · · ·
· · · · · · · · · ·
· · · ■ ■ ■ ■ ■ · ·
· · ■ · ■ · · · · ·
· ■ 7 ■ · · · · · ·
· 4D ■ · · · · · · ·
· ■ · ■ ■ · ■ ■ · ■
■ · · · · ■ · · ■ ·
· ■ · 3 ■ · ■ 2 ■ ·
■ 1 ■ ■ · · · ■ · ·
· ■ · · ■ · ■ · ■ ·
2 ■ 3 ■ 1 ■ 3 ■ 4 ■
■ · ■ · ■ · ■ · ■ ·
· ■ · · · · · ■ · ■
· ■ · · · · · · · ·
■ · ■ · · · · · · ·
· · · · · · · · · ·
· · · ■ ■ ■ ■ ■ · ·
· · ■ · ■ · · · · ·
· ■ 7 ■ · · · · · ·
· 4D ■ · · · · · · ·
· ■ · ■ ■ · ■ ■ · ■
■ · · · · ■ · · ■ ·
· ■ · 3 ■ · ■ 2 ■ ·
■ 1 ■ ■ · · · ■ · ·
· ■ · · ■ · ■ · ■ ·
2 ■ 3 ■ 1 ■ 3 ■ 4 ■
■ · ■ · ■ · ■ · ■ ·
· ■ · · · · · ■ · ■
· ■ · · · · · · · ·
■ · ■ · · · · · · ·
· · · · · · · · · ·
· · · ■ ■ ■ ■ ■ · ·
· · ■ · ■ · · · · ·
· ■ 7 ■ · · · · · ·
· 4D ■ · · · · · · ·
· ■ · ■ ■ · ■ ■ · ■
■ · · · · ■ · · ■ ·
· ■ · 3 ■ · ■ 2 ■ ·
■ 1 ■ ■ · · · ■ · ·
· ■ · · ■ · ■ · ■ ·
2 ■ 3 ■ 1 ■ 3 ■ 4 ■
■ · ■ · ■ · ■ · ■ ·
· ■ · · · · · ■ · ■
· ■ · · · · · · · ·
■ · ■ · · · · · · ·
· · · · · · · · · ·
· · · ■ ■ ■ ■ ■ · ·
· · ■ · ■ · · · · ·
· ■ 7 ■ · · · · · ·
· 4D ■ · · · · · · ·
· ■ · ■ ■ · ■ ■ · ■
■ · · · · ■ · · ■ ·
· ■ · 3 ■ · ■ 2 ■ ·
■ 1 ■ ■ · · · ■ · ·
· ■ · · ■ · ■ · ■ ·
2 ■ 3 ■ 1 ■ 3 ■ 4 ■
■ · ■ · ■ · ■ · ■ ·
· ■ · · · · · ■ · ■
· ■ · · · · · · · ·
■ · ■ · · · · · · ·
· · · · · · · · · ·
· · · ■ ■ ■ ■ ■ · ·
· · ■ · ■ · · · · ·
· ■ 7 ■ · · · · · ·
· 4D ■ · · · · · · ·
· ■ · ■ ■ · ■ ■ · ■
■ · · · · ■ · · ■ ·
· ■ · 3 ■ · ■ 2 ■ ·
■ 1 ■ ■ · · · ■ · ·
· ■ · · ■ · ■ · ■ ·
2 ■ 3 ■ 1 ■ 3 ■ 4 ■
■ · ■ · ■ · ■ · ■ ·
· ■ · · · · · ■ · ■
· ■ · · · · · · · ·
■ · ■ · · · · · · ·
· · · · · · · · · ·
· · · ■ ■ ■ ■ ■ · ·
· · ■ · ■ · · · · ·
· ■ 7 ■ · · · · · ·
· 4D ■ · · · · · · ·
· ■ · ■ ■ · ■ ■ · ■
■ · · · · ■ · · ■ ·
· ■ · 3 ■ · ■ 2 ■ ·
■ 1 ■ ■ · · · ■ · ·
· ■ · · ■ · ■ · ■ ·
2 ■ 3 ■ 1 ■ 3 ■ 4 ■
■ · ■ · ■ · ■ · ■ ·
· ■ · · · · · ■ · ■
· ■ · · · · · · · ·
■ · ■ · · · · · · ·
· · · · · · · · · ·
· · · ■ ■ ■ ■ ■ · ·
· · ■ · ■ · · · · ·
· ■ 7 ■ · · · · · ·
· 4D ■ · · · · · · ·
· ■ · ■ ■ · ■ ■ · ■
■ · · · · ■ · · ■ ·
# Number of solutions found: 10
# CPU time: 2.251 s
================================= 209 =================================
# Encoding time: 0.1566 s
· ■ 6 · ■ 5 · ■ · ■ ·
■ ■ ■ ■ ■ ■ ■ · ■ · ■
■ · ■ · ■ · ■ ■ ■ ■ ■
9 ■ · ■ ■ · ■ · ■ · ■
■ · ■ ■ · ■ ■ ■ · ■ 7
· ■ ■ · ■ ■ · · ■ · ■
■ · ■ · · ■ ■ ■ ■ ■ 7
· ■ ■ ■ ■ · · · · ■ ■
■ · ■ · ■ ■ ■ ■ ■ ■ ·
· ■ 4 ■ 7 · ■ · ■ · ·
· ■ 6 · ■ 5 · ■ · ■ ·
■ ■ ■ ■ ■ ■ ■ · ■ · ■
■ · ■ · ■ · ■ ■ ■ ■ ■
9 ■ · ■ ■ · ■ · ■ · ■
■ · ■ ■ · ■ ■ ■ · ■ 7
· ■ ■ · ■ ■ · · ■ · ■
■ · ■ · · ■ ■ ■ ■ ■ 7
· ■ ■ ■ ■ · · · · ■ ■
■ · ■ · ■ ■ ■ ■ ■ ■ ·
· ■ 4 ■ 7 · ■ · ■ · ·
· ■ 6 · ■ 5 · ■ · ■ ·
■ ■ ■ ■ ■ ■ ■ · ■ · ■
■ · ■ · ■ · ■ ■ ■ ■ ■
9 ■ · ■ ■ · ■ · ■ · ■
■ · ■ ■ · ■ ■ ■ · ■ 7
· ■ ■ · ■ ■ · · ■ · ■
■ · ■ · · ■ ■ ■ ■ ■ 7
· ■ ■ ■ ■ · · · · ■ ■
■ · ■ · ■ ■ ■ ■ ■ ■ ·
· ■ 4 ■ 7 · ■ · ■ · ·
· ■ 6 · ■ 5 · ■ · ■ ·
■ ■ ■ ■ ■ ■ ■ · ■ · ■
■ · ■ · ■ · ■ ■ ■ ■ ■
9 ■ · ■ ■ · ■ · ■ · ■
■ · ■ ■ · ■ ■ ■ · ■ 7
· ■ ■ · ■ ■ · · ■ · ■
■ · ■ · · ■ ■ ■ ■ ■ 7
· ■ ■ ■ ■ · · · · ■ ■
■ · ■ · ■ ■ ■ ■ ■ ■ ·
· ■ 4 ■ 7 · ■ · ■ · ·
· ■ 6 · ■ 5 · ■ · ■ ·
■ ■ ■ ■ ■ ■ ■ · ■ · ■
■ · ■ · ■ · ■ ■ ■ ■ ■
9 ■ · ■ ■ · ■ · ■ · ■
■ · ■ ■ · ■ ■ ■ · ■ 7
· ■ ■ · ■ ■ · · ■ · ■
■ · ■ · · ■ ■ ■ ■ ■ 7
· ■ ■ ■ ■ · · · · ■ ■
■ · ■ · ■ ■ ■ ■ ■ ■ ·
· ■ 4 ■ 7 · ■ · ■ · ·
· ■ 6 · ■ 5 · ■ · ■ ·
■ ■ ■ ■ ■ ■ ■ · ■ · ■
■ · ■ · ■ · ■ ■ ■ ■ ■
9 ■ · ■ ■ · ■ · ■ · ■
■ · ■ ■ · ■ ■ ■ · ■ 7
· ■ ■ · ■ ■ · · ■ · ■
■ · ■ · · ■ ■ ■ ■ ■ 7
· ■ ■ ■ ■ · · · · ■ ■
■ · ■ · ■ ■ ■ ■ ■ ■ ·
· ■ 4 ■ 7 · ■ · ■ · ·
· ■ 6 · ■ 5 · ■ · ■ ·
■ ■ ■ ■ ■ ■ ■ · ■ · ■
■ · ■ · ■ · ■ ■ ■ ■ ■
9 ■ · ■ ■ · ■ · ■ · ■
■ · ■ ■ · ■ ■ ■ · ■ 7
· ■ ■ · ■ ■ · · ■ · ■
■ · ■ · · ■ ■ ■ ■ ■ 7
· ■ ■ ■ ■ · · · · ■ ■
■ · ■ · ■ ■ ■ ■ ■ ■ ·
· ■ 4 ■ 7 · ■ · ■ · ·
· ■ 6 · ■ 5 · ■ · ■ ·
■ ■ ■ ■ ■ ■ ■ · ■ · ■
■ · ■ · ■ · ■ ■ ■ ■ ■
9 ■ · ■ ■ · ■ · ■ · ■
■ · ■ ■ · ■ ■ ■ · ■ 7
· ■ ■ · ■ ■ · · ■ · ■
■ · ■ · · ■ ■ ■ ■ ■ 7
· ■ ■ ■ ■ · · · · ■ ■
■ · ■ · ■ ■ ■ ■ ■ ■ ·
· ■ 4 ■ 7 · ■ · ■ · ·
· ■ 6 · ■ 5 · ■ · ■ ·
■ ■ ■ ■ ■ ■ ■ · ■ · ■
■ · ■ · ■ · ■ ■ ■ ■ ■
9 ■ · ■ ■ · ■ · ■ · ■
■ · ■ ■ · ■ ■ ■ · ■ 7
· ■ ■ · ■ ■ · · ■ · ■
■ · ■ · · ■ ■ ■ ■ ■ 7
· ■ ■ ■ ■ · · · · ■ ■
■ · ■ · ■ ■ ■ ■ ■ ■ ·
· ■ 4 ■ 7 · ■ · ■ · ·
· ■ 6 · ■ 5 · ■ · ■ ·
■ ■ ■ ■ ■ ■ ■ · ■ · ■
■ · ■ · ■ · ■ ■ ■ ■ ■
9 ■ · ■ ■ · ■ · ■ · ■
■ · ■ ■ · ■ ■ ■ · ■ 7
· ■ ■ · ■ ■ · · ■ · ■
■ · ■ · · ■ ■ ■ ■ ■ 7
· ■ ■ ■ ■ · · · · ■ ■
■ · ■ · ■ ■ ■ ■ ■ ■ ·
· ■ 4 ■ 7 · ■ · ■ · ·
# Number of solutions found: 10
# CPU time: 0.2645 s
================================= 210 =================================
# Encoding time: 0.05827 s
· · ■ · · ■ · · ·
6 · · ■ ■ 6 · ■ ■
■ · ■ 6 · ■ ■ · ·
9 ■ · · · ■ · ■ ■
■ · ■ · ■ · · · ■
· ■ · ■ · · · ■ 6
· · ■ · · ■ · · ·
6 · · ■ ■ 6 · ■ ■
■ · ■ 6 · ■ ■ · ·
9 ■ · · · ■ · ■ ■
■ · ■ · ■ · · · ■
· ■ · ■ · · · ■ 6
· · ■ · · ■ · · ·
6 · · ■ ■ 6 · ■ ■
■ · ■ 6 · ■ ■ · ·
9 ■ · · · ■ · ■ ■
■ · ■ · ■ · · · ■
· ■ · ■ · · · ■ 6
· · ■ · · ■ · · ·
6 · · ■ ■ 6 · ■ ■
■ · ■ 6 · ■ ■ · ·
9 ■ · · · ■ · ■ ■
■ · ■ · ■ · · · ■
· ■ · ■ · · · ■ 6
· · ■ · · ■ · · ·
6 · · ■ ■ 6 · ■ ■
■ · ■ 6 · ■ ■ · ·
9 ■ · · · ■ · ■ ■
■ · ■ · ■ · · · ■
· ■ · ■ · · · ■ 6
· · ■ · · ■ · · ·
6 · · ■ ■ 6 · ■ ■
■ · ■ 6 · ■ ■ · ·
9 ■ · · · ■ · ■ ■
■ · ■ · ■ · · · ■
· ■ · ■ · · · ■ 6
· · ■ · · ■ · · ·
6 · · ■ ■ 6 · ■ ■
■ · ■ 6 · ■ ■ · ·
9 ■ · · · ■ · ■ ■
■ · ■ · ■ · · · ■
· ■ · ■ · · · ■ 6
· · ■ · · ■ · · ·
6 · · ■ ■ 6 · ■ ■
■ · ■ 6 · ■ ■ · ·
9 ■ · · · ■ · ■ ■
■ · ■ · ■ · · · ■
· ■ · ■ · · · ■ 6
· · ■ · · ■ · · ·
6 · · ■ ■ 6 · ■ ■
■ · ■ 6 · ■ ■ · ·
9 ■ · · · ■ · ■ ■
■ · ■ · ■ · · · ■
· ■ · ■ · · · ■ 6
· · ■ · · ■ · · ·
6 · · ■ ■ 6 · ■ ■
■ · ■ 6 · ■ ■ · ·
9 ■ · · · ■ · ■ ■
■ · ■ · ■ · · · ■
· ■ · ■ · · · ■ 6
# Number of solutions found: 10
# CPU time: 1.497 s
================================= 211 =================================
# Encoding time: 0.4844 s
· ■ 3 ■ ■ · ■ · ■ 5 ■ ·
■ · ■ · ■ ■ · ■ · ■ · ■
5 ■ · ■ 1 ■ ■ 3 ■ · ■ 3
■ · ■ · ■ · · ■ · ■ · ■
· ■ 3 ■ · · · · ■ 1 ■ ·
■ · ■ · · 18 ■ ■ · ■ · ·
· ■ ■ · ■ ■ · · · ■ · ·
· ■ 1 ■ · ■ ■ · ■ 1 ■ ■
■ · ■ · ■ · ■ ■ · ■ · ■
7 ■ · ■ 3 ■ ■ 2 ■ · ■ 8
■ · ■ · ■ · ■ ■ · ■ · ■
· ■ 1 ■ ■ · ■ · ■ 1 ■ ·
· ■ 3 ■ ■ · ■ · ■ 5 ■ ·
■ · ■ · ■ ■ · ■ · ■ · ■
5 ■ · ■ 1 ■ ■ 3 ■ · ■ 3
■ · ■ · ■ · · ■ · ■ · ■
· ■ 3 ■ · · · · ■ 1 ■ ·
■ · ■ · · 18 ■ ■ · ■ · ·
· ■ ■ · ■ ■ · · · ■ · ·
· ■ 1 ■ · ■ ■ · ■ 1 ■ ■
■ · ■ · ■ · ■ ■ · ■ · ■
7 ■ · ■ 3 ■ ■ 2 ■ · ■ 8
■ · ■ · ■ · ■ ■ · ■ · ■
· ■ 1 ■ ■ · ■ · ■ 1 ■ ·
· ■ 3 ■ ■ · ■ · ■ 5 ■ ·
■ · ■ · ■ ■ · ■ · ■ · ■
5 ■ · ■ 1 ■ ■ 3 ■ · ■ 3
■ · ■ · ■ · · ■ · ■ · ■
· ■ 3 ■ · · · · ■ 1 ■ ·
■ · ■ · · 18 ■ ■ · ■ · ·
· ■ ■ · ■ ■ · · · ■ · ·
· ■ 1 ■ · ■ ■ · ■ 1 ■ ■
■ · ■ · ■ · ■ ■ · ■ · ■
7 ■ · ■ 3 ■ ■ 2 ■ · ■ 8
■ · ■ · ■ · ■ ■ · ■ · ■
· ■ 1 ■ ■ · ■ · ■ 1 ■ ·
· ■ 3 ■ ■ · ■ · ■ 5 ■ ·
■ · ■ · ■ ■ · ■ · ■ · ■
5 ■ · ■ 1 ■ ■ 3 ■ · ■ 3
■ · ■ · ■ · · ■ · ■ · ■
· ■ 3 ■ · · · · ■ 1 ■ ·
■ · ■ · · 18 ■ ■ · ■ · ·
· ■ ■ · ■ ■ · · · ■ · ·
· ■ 1 ■ · ■ ■ · ■ 1 ■ ■
■ · ■ · ■ · ■ ■ · ■ · ■
7 ■ · ■ 3 ■ ■ 2 ■ · ■ 8
■ · ■ · ■ · ■ ■ · ■ · ■
· ■ 1 ■ ■ · ■ · ■ 1 ■ ·
· ■ 3 ■ ■ · ■ · ■ 5 ■ ·
■ · ■ · ■ ■ · ■ · ■ · ■
5 ■ · ■ 1 ■ ■ 3 ■ · ■ 3
■ · ■ · ■ · · ■ · ■ · ■
· ■ 3 ■ · · · · ■ 1 ■ ·
■ · ■ · · 18 ■ ■ · ■ · ·
· ■ ■ · ■ ■ · · · ■ · ·
· ■ 1 ■ · ■ ■ · ■ 1 ■ ■
■ · ■ · ■ · ■ ■ · ■ · ■
7 ■ · ■ 3 ■ ■ 2 ■ · ■ 8
■ · ■ · ■ · ■ ■ · ■ · ■
· ■ 1 ■ ■ · ■ · ■ 1 ■ ·
· ■ 3 ■ ■ · ■ · ■ 5 ■ ·
■ · ■ · ■ ■ · ■ · ■ · ■
5 ■ · ■ 1 ■ ■ 3 ■ · ■ 3
■ · ■ · ■ · · ■ · ■ · ■
· ■ 3 ■ · · · · ■ 1 ■ ·
■ · ■ · · 18 ■ ■ · ■ · ·
· ■ ■ · ■ ■ · · · ■ · ·
· ■ 1 ■ · ■ ■ · ■ 1 ■ ■
■ · ■ · ■ · ■ ■ · ■ · ■
7 ■ · ■ 3 ■ ■ 2 ■ · ■ 8
■ · ■ · ■ · ■ ■ · ■ · ■
· ■ 1 ■ ■ · ■ · ■ 1 ■ ·
· ■ 3 ■ ■ · ■ · ■ 5 ■ ·
■ · ■ · ■ ■ · ■ · ■ · ■
5 ■ · ■ 1 ■ ■ 3 ■ · ■ 3
■ · ■ · ■ · · ■ · ■ · ■
· ■ 3 ■ · · · · ■ 1 ■ ·
■ · ■ · · 18 ■ ■ · ■ · ·
· ■ ■ · ■ ■ · · · ■ · ·
· ■ 1 ■ · ■ ■ · ■ 1 ■ ■
■ · ■ · ■ · ■ ■ · ■ · ■
7 ■ · ■ 3 ■ ■ 2 ■ · ■ 8
■ · ■ · ■ · ■ ■ · ■ · ■
· ■ 1 ■ ■ · ■ · ■ 1 ■ ·
· ■ 3 ■ ■ · ■ · ■ 5 ■ ·
■ · ■ · ■ ■ · ■ · ■ · ■
5 ■ · ■ 1 ■ ■ 3 ■ · ■ 3
■ · ■ · ■ · · ■ · ■ · ■
· ■ 3 ■ · · · · ■ 1 ■ ·
■ · ■ · · 18 ■ ■ · ■ · ·
· ■ ■ · ■ ■ · · · ■ · ·
· ■ 1 ■ · ■ ■ · ■ 1 ■ ■
■ · ■ · ■ · ■ ■ · ■ · ■
7 ■ · ■ 3 ■ ■ 2 ■ · ■ 8
■ · ■ · ■ · ■ ■ · ■ · ■
· ■ 1 ■ ■ · ■ · ■ 1 ■ ·
· ■ 3 ■ ■ · ■ · ■ 5 ■ ·
■ · ■ · ■ ■ · ■ · ■ · ■
5 ■ · ■ 1 ■ ■ 3 ■ · ■ 3
■ · ■ · ■ · · ■ · ■ · ■
· ■ 3 ■ · · · · ■ 1 ■ ·
■ · ■ · · 18 ■ ■ · ■ · ·
· ■ ■ · ■ ■ · · · ■ · ·
· ■ 1 ■ · ■ ■ · ■ 1 ■ ■
■ · ■ · ■ · ■ ■ · ■ · ■
7 ■ · ■ 3 ■ ■ 2 ■ · ■ 8
■ · ■ · ■ · ■ ■ · ■ · ■
· ■ 1 ■ ■ · ■ · ■ 1 ■ ·
· ■ 3 ■ ■ · ■ · ■ 5 ■ ·
■ · ■ · ■ ■ · ■ · ■ · ■
5 ■ · ■ 1 ■ ■ 3 ■ · ■ 3
■ · ■ · ■ · · ■ · ■ · ■
· ■ 3 ■ · · · · ■ 1 ■ ·
■ · ■ · · 18 ■ ■ · ■ · ·
· ■ ■ · ■ ■ · · · ■ · ·
· ■ 1 ■ · ■ ■ · ■ 1 ■ ■
■ · ■ · ■ · ■ ■ · ■ · ■
7 ■ · ■ 3 ■ ■ 2 ■ · ■ 8
■ · ■ · ■ · ■ ■ · ■ · ■
· ■ 1 ■ ■ · ■ · ■ 1 ■ ·
# Number of solutions found: 10
# CPU time: 0.8848 s
================================= 212 =================================
# Encoding time: 0.1649 s
1 ■ · · · · · ■ 1 ■
■ · · · · · · · ■ ·
· · ■ ■ · · · ■ 1 ■
· · · · · · · ■ ■ ·
· · · · · · ■ 1 ■ ·
· · · · · ■ 1 ■ 3B ·
· · · · ■ 1 ■ · · ·
· · · ■ 1 ■ ■ · ■ ■
· ■ · ■ ■ · · · · ■
■ ■ ■ · ■ ■ · ■ ■ ■
1 ■ · · · · · ■ 1 ■
■ · · · · · · · ■ ·
· · ■ ■ · · · ■ 1 ■
· · · · · · · ■ ■ ·
· · · · · · ■ 1 ■ ·
· · · · · ■ 1 ■ 3B ·
· · · · ■ 1 ■ · · ·
· · · ■ 1 ■ ■ · ■ ■
· ■ · ■ ■ · · · · ■
■ ■ ■ · ■ ■ · ■ ■ ■
1 ■ · · · · · ■ 1 ■
■ · · · · · · · ■ ·
· · ■ ■ · · · ■ 1 ■
· · · · · · · ■ ■ ·
· · · · · · ■ 1 ■ ·
· · · · · ■ 1 ■ 3B ·
· · · · ■ 1 ■ · · ·
· · · ■ 1 ■ ■ · ■ ■
· ■ · ■ ■ · · · · ■
■ ■ ■ · ■ ■ · ■ ■ ■
1 ■ · · · · · ■ 1 ■
■ · · · · · · · ■ ·
· · ■ ■ · · · ■ 1 ■
· · · · · · · ■ ■ ·
· · · · · · ■ 1 ■ ·
· · · · · ■ 1 ■ 3B ·
· · · · ■ 1 ■ · · ·
· · · ■ 1 ■ ■ · ■ ■
· ■ · ■ ■ · · · · ■
■ ■ ■ · ■ ■ · ■ ■ ■
1 ■ · · · · · ■ 1 ■
■ · · · · · · · ■ ·
· · ■ ■ · · · ■ 1 ■
· · · · · · · ■ ■ ·
· · · · · · ■ 1 ■ ·
· · · · · ■ 1 ■ 3B ·
· · · · ■ 1 ■ · · ·
· · · ■ 1 ■ ■ · ■ ■
· ■ · ■ ■ · · · · ■
■ ■ ■ · ■ ■ · ■ ■ ■
1 ■ · · · · · ■ 1 ■
■ · · · · · · · ■ ·
· · ■ ■ · · · ■ 1 ■
· · · · · · · ■ ■ ·
· · · · · · ■ 1 ■ ·
· · · · · ■ 1 ■ 3B ·
· · · · ■ 1 ■ · · ·
· · · ■ 1 ■ ■ · ■ ■
· ■ · ■ ■ · · · · ■
■ ■ ■ · ■ ■ · ■ ■ ■
1 ■ · · · · · ■ 1 ■
■ · · · · · · · ■ ·
· · ■ ■ · · · ■ 1 ■
· · · · · · · ■ ■ ·
· · · · · · ■ 1 ■ ·
· · · · · ■ 1 ■ 3B ·
· · · · ■ 1 ■ · · ·
· · · ■ 1 ■ ■ · ■ ■
· ■ · ■ ■ · · · · ■
■ ■ ■ · ■ ■ · ■ ■ ■
1 ■ · · · · · ■ 1 ■
■ · · · · · · · ■ ·
· · ■ ■ · · · ■ 1 ■
· · · · · · · ■ ■ ·
· · · · · · ■ 1 ■ ·
· · · · · ■ 1 ■ 3B ·
· · · · ■ 1 ■ · · ·
· · · ■ 1 ■ ■ · ■ ■
· ■ · ■ ■ · · · · ■
■ ■ ■ · ■ ■ · ■ ■ ■
1 ■ · · · · · ■ 1 ■
■ · · · · · · · ■ ·
· · ■ ■ · · · ■ 1 ■
· · · · · · · ■ ■ ·
· · · · · · ■ 1 ■ ·
· · · · · ■ 1 ■ 3B ·
· · · · ■ 1 ■ · · ·
· · · ■ 1 ■ ■ · ■ ■
· ■ · ■ ■ · · · · ■
■ ■ ■ · ■ ■ · ■ ■ ■
1 ■ · · · · · ■ 1 ■
■ · · · · · · · ■ ·
· · ■ ■ · · · ■ 1 ■
· · · · · · · ■ ■ ·
· · · · · · ■ 1 ■ ·
· · · · · ■ 1 ■ 3B ·
· · · · ■ 1 ■ · · ·
· · · ■ 1 ■ ■ · ■ ■
· ■ · ■ ■ · · · · ■
■ ■ ■ · ■ ■ · ■ ■ ■
# Number of solutions found: 10
# CPU time: 0.2186 s
================================= 213 =================================
# Encoding time: 0.08134 s
? ■ · ■ · ■ ·
■ ? ■ ? ■ ■ ■
■ ■ ? ■ ? ■ ·
? ■ · ■ ■ · ■
■ ? ■ ? · ■ ·
■ ■ ? ■ · ■ ■
? ■ · ■ ■ ■ ·
? ■ · ■ · ■ ·
■ ? ■ ? ■ ■ ■
■ ■ ? ■ ? ■ ·
? ■ · ■ ■ · ■
■ ? ■ ? · ■ ·
■ ■ ? ■ · ■ ■
? ■ · ■ ■ ■ ·
? ■ · ■ · ■ ·
■ ? ■ ? ■ ■ ■
■ ■ ? ■ ? ■ ·
? ■ · ■ ■ · ■
■ ? ■ ? · ■ ·
■ ■ ? ■ · ■ ■
? ■ · ■ ■ ■ ·
? ■ · ■ · ■ ·
■ ? ■ ? ■ ■ ■
■ ■ ? ■ ? ■ ·
? ■ · ■ ■ · ■
■ ? ■ ? · ■ ·
■ ■ ? ■ · ■ ■
? ■ · ■ ■ ■ ·
? ■ · ■ · ■ ·
■ ? ■ ? ■ ■ ■
■ ■ ? ■ ? ■ ·
? ■ · ■ ■ · ■
■ ? ■ ? · ■ ·
■ ■ ? ■ · ■ ■
? ■ · ■ ■ ■ ·
? ■ · ■ · ■ ·
■ ? ■ ? ■ ■ ■
■ ■ ? ■ ? ■ ·
? ■ · ■ ■ · ■
■ ? ■ ? · ■ ·
■ ■ ? ■ · ■ ■
? ■ · ■ ■ ■ ·
? ■ · ■ · ■ ·
■ ? ■ ? ■ ■ ■
■ ■ ? ■ ? ■ ·
? ■ · ■ ■ · ■
■ ? ■ ? · ■ ·
■ ■ ? ■ · ■ ■
? ■ · ■ ■ ■ ·
? ■ · ■ · ■ ·
■ ? ■ ? ■ ■ ■
■ ■ ? ■ ? ■ ·
? ■ · ■ ■ · ■
■ ? ■ ? · ■ ·
■ ■ ? ■ · ■ ■
? ■ · ■ ■ ■ ·
? ■ · ■ · ■ ·
■ ? ■ ? ■ ■ ■
■ ■ ? ■ ? ■ ·
? ■ · ■ ■ · ■
■ ? ■ ? · ■ ·
■ ■ ? ■ · ■ ■
? ■ · ■ ■ ■ ·
? ■ · ■ · ■ ·
■ ? ■ ? ■ ■ ■
■ ■ ? ■ ? ■ ·
? ■ · ■ ■ · ■
■ ? ■ ? · ■ ·
■ ■ ? ■ · ■ ■
? ■ · ■ ■ ■ ·
# Number of solutions found: 10
# CPU time: 0.09152 s
================================= 214 =================================
# Encoding time: 0.2627 s
2 ■ · ■ · ■ · ■ · ·
· ■ · 7 ■ ■ 2 ■ · ■
■ 5 ■ · ■ · ■ · ■ 5
· ■ ■ ■ · ■ ■ 2 ■ ·
· ■ · ■ ■ ■ · ■ · ■
■ · ■ · 3 ■ ■ · ■ ·
· ■ ■ · ■ · ■ · ■ ·
■ 3 · ■ · 3 ■ 3 ■ ·
■ · ■ 5 ■ ■ · ■ · ■
1 ■ · · · ■ ■ · ■ 9
2 ■ · ■ · ■ · ■ · ·
· ■ · 7 ■ ■ 2 ■ · ■
■ 5 ■ · ■ · ■ · ■ 5
· ■ ■ ■ · ■ ■ 2 ■ ·
· ■ · ■ ■ ■ · ■ · ■
■ · ■ · 3 ■ ■ · ■ ·
· ■ ■ · ■ · ■ · ■ ·
■ 3 · ■ · 3 ■ 3 ■ ·
■ · ■ 5 ■ ■ · ■ · ■
1 ■ · · · ■ ■ · ■ 9
2 ■ · ■ · ■ · ■ · ·
· ■ · 7 ■ ■ 2 ■ · ■
■ 5 ■ · ■ · ■ · ■ 5
· ■ ■ ■ · ■ ■ 2 ■ ·
· ■ · ■ ■ ■ · ■ · ■
■ · ■ · 3 ■ ■ · ■ ·
· ■ ■ · ■ · ■ · ■ ·
■ 3 · ■ · 3 ■ 3 ■ ·
■ · ■ 5 ■ ■ · ■ · ■
1 ■ · · · ■ ■ · ■ 9
2 ■ · ■ · ■ · ■ · ·
· ■ · 7 ■ ■ 2 ■ · ■
■ 5 ■ · ■ · ■ · ■ 5
· ■ ■ ■ · ■ ■ 2 ■ ·
· ■ · ■ ■ ■ · ■ · ■
■ · ■ · 3 ■ ■ · ■ ·
· ■ ■ · ■ · ■ · ■ ·
■ 3 · ■ · 3 ■ 3 ■ ·
■ · ■ 5 ■ ■ · ■ · ■
1 ■ · · · ■ ■ · ■ 9
2 ■ · ■ · ■ · ■ · ·
· ■ · 7 ■ ■ 2 ■ · ■
■ 5 ■ · ■ · ■ · ■ 5
· ■ ■ ■ · ■ ■ 2 ■ ·
· ■ · ■ ■ ■ · ■ · ■
■ · ■ · 3 ■ ■ · ■ ·
· ■ ■ · ■ · ■ · ■ ·
■ 3 · ■ · 3 ■ 3 ■ ·
■ · ■ 5 ■ ■ · ■ · ■
1 ■ · · · ■ ■ · ■ 9
2 ■ · ■ · ■ · ■ · ·
· ■ · 7 ■ ■ 2 ■ · ■
■ 5 ■ · ■ · ■ · ■ 5
· ■ ■ ■ · ■ ■ 2 ■ ·
· ■ · ■ ■ ■ · ■ · ■
■ · ■ · 3 ■ ■ · ■ ·
· ■ ■ · ■ · ■ · ■ ·
■ 3 · ■ · 3 ■ 3 ■ ·
■ · ■ 5 ■ ■ · ■ · ■
1 ■ · · · ■ ■ · ■ 9
2 ■ · ■ · ■ · ■ · ·
· ■ · 7 ■ ■ 2 ■ · ■
■ 5 ■ · ■ · ■ · ■ 5
· ■ ■ ■ · ■ ■ 2 ■ ·
· ■ · ■ ■ ■ · ■ · ■
■ · ■ · 3 ■ ■ · ■ ·
· ■ ■ · ■ · ■ · ■ ·
■ 3 · ■ · 3 ■ 3 ■ ·
■ · ■ 5 ■ ■ · ■ · ■
1 ■ · · · ■ ■ · ■ 9
2 ■ · ■ · ■ · ■ · ·
· ■ · 7 ■ ■ 2 ■ · ■
■ 5 ■ · ■ · ■ · ■ 5
· ■ ■ ■ · ■ ■ 2 ■ ·
· ■ · ■ ■ ■ · ■ · ■
■ · ■ · 3 ■ ■ · ■ ·
· ■ ■ · ■ · ■ · ■ ·
■ 3 · ■ · 3 ■ 3 ■ ·
■ · ■ 5 ■ ■ · ■ · ■
1 ■ · · · ■ ■ · ■ 9
2 ■ · ■ · ■ · ■ · ·
· ■ · 7 ■ ■ 2 ■ · ■
■ 5 ■ · ■ · ■ · ■ 5
· ■ ■ ■ · ■ ■ 2 ■ ·
· ■ · ■ ■ ■ · ■ · ■
■ · ■ · 3 ■ ■ · ■ ·
· ■ ■ · ■ · ■ · ■ ·
■ 3 · ■ · 3 ■ 3 ■ ·
■ · ■ 5 ■ ■ · ■ · ■
1 ■ · · · ■ ■ · ■ 9
2 ■ · ■ · ■ · ■ · ·
· ■ · 7 ■ ■ 2 ■ · ■
■ 5 ■ · ■ · ■ · ■ 5
· ■ ■ ■ · ■ ■ 2 ■ ·
· ■ · ■ ■ ■ · ■ · ■
■ · ■ · 3 ■ ■ · ■ ·
· ■ ■ · ■ · ■ · ■ ·
■ 3 · ■ · 3 ■ 3 ■ ·
■ · ■ 5 ■ ■ · ■ · ■
1 ■ · · · ■ ■ · ■ 9
# Number of solutions found: 10
# CPU time: 0.5623 s
================================= 215 =================================
# Encoding time: 1.997 s
9 ■ ■ ■ · · ■ · · ■ 3 ■ · ■ · ■ ·
■ · · ■ ■ ■ · ■ · · ■ · ■ · ■ 6 ■
· · ■ · ■ 1 ■ · ■ ■ · ■ 5 ■ ■ ■ ·
■ ■ · ■ · ■ · ■ 6 ■ · · ■ ■ 1 ■ ■
■ B ■ 5 ■ · ■ · ■ · ■ ■ ■ · ■ ■ ·
· ■ · ■ · ■ ■ 3 ■ ■ ■ · · ■ · · ■
■ · ■ ■ · ■ · ■ · ■ 4 ■ ■ 2 ■ ■ 2
· ■ · · ■ 1 ■ · ■ ■ ■ 2 ■ ■ · ■ ■
■ · ■ ■ 4 ■ · ■ · · ■ ■ ■ · ■ · ·
· ■ 3 · ■ · ■ 1 ■ ■ · ■ · ■ ■ · 6
■ 1 ■ · ■ ■ · ■ 2 · ■ · ■ · ■ · ·
· ■ · ■ 4 ■ ■ · ■ ■ 4 ■ ■ ■ 3 ■ ■
■ · ■ · ■ 3 ■ ■ · · ■ ■ · ■ ■ ■ 4
· ■ · ■ · ■ · ■ ■ ■ · ■ ■ 3 ■ · ■
■ · ■ · ■ ■ ■ 3 ■ · ■ · · ■ ■ ■ ·
■ ■ ■ ■ ■ · ■ ■ 2 ■ 1 ■ ■ ■ C ■ ■
5 ■ · 5 ■ ■ ■ · ■ · ■ · · · ■ · ■
9 ■ ■ ■ · · ■ · · ■ 3 ■ · ■ · ■ ·
■ · · ■ ■ ■ · ■ · · ■ · ■ · ■ 6 ■
· · ■ · ■ 1 ■ · ■ ■ · ■ 5 ■ ■ ■ ·
■ ■ · ■ · ■ · ■ 6 ■ · · ■ ■ 1 ■ ■
■ B ■ 5 ■ · ■ · ■ · ■ ■ ■ · ■ ■ ·
· ■ · ■ · ■ ■ 3 ■ ■ ■ · · ■ · · ■
■ · ■ ■ · ■ · ■ · ■ 4 ■ ■ 2 ■ ■ 2
· ■ · · ■ 1 ■ · ■ ■ ■ 2 ■ ■ · ■ ■
■ · ■ ■ 4 ■ · ■ · · ■ ■ ■ · ■ · ·
· ■ 3 · ■ · ■ 1 ■ ■ · ■ · ■ ■ · 6
■ 1 ■ · ■ ■ · ■ 2 · ■ · ■ · ■ · ·
· ■ · ■ 4 ■ ■ · ■ ■ 4 ■ ■ ■ 3 ■ ■
■ · ■ · ■ 3 ■ ■ · · ■ ■ · ■ ■ ■ 4
· ■ · ■ · ■ · ■ ■ ■ · ■ ■ 3 ■ · ■
■ · ■ · ■ ■ ■ 3 ■ · ■ · · ■ ■ ■ ·
■ ■ ■ ■ ■ · ■ ■ 2 ■ 1 ■ ■ ■ C ■ ■
5 ■ · 5 ■ ■ ■ · ■ · ■ · · · ■ · ■
9 ■ ■ ■ · · ■ · · ■ 3 ■ · ■ · ■ ·
■ · · ■ ■ ■ · ■ · · ■ · ■ · ■ 6 ■
· · ■ · ■ 1 ■ · ■ ■ · ■ 5 ■ ■ ■ ·
■ ■ · ■ · ■ · ■ 6 ■ · · ■ ■ 1 ■ ■
■ B ■ 5 ■ · ■ · ■ · ■ ■ ■ · ■ ■ ·
· ■ · ■ · ■ ■ 3 ■ ■ ■ · · ■ · · ■
■ · ■ ■ · ■ · ■ · ■ 4 ■ ■ 2 ■ ■ 2
· ■ · · ■ 1 ■ · ■ ■ ■ 2 ■ ■ · ■ ■
■ · ■ ■ 4 ■ · ■ · · ■ ■ ■ · ■ · ·
· ■ 3 · ■ · ■ 1 ■ ■ · ■ · ■ ■ · 6
■ 1 ■ · ■ ■ · ■ 2 · ■ · ■ · ■ · ·
· ■ · ■ 4 ■ ■ · ■ ■ 4 ■ ■ ■ 3 ■ ■
■ · ■ · ■ 3 ■ ■ · · ■ ■ · ■ ■ ■ 4
· ■ · ■ · ■ · ■ ■ ■ · ■ ■ 3 ■ · ■
■ · ■ · ■ ■ ■ 3 ■ · ■ · · ■ ■ ■ ·
■ ■ ■ ■ ■ · ■ ■ 2 ■ 1 ■ ■ ■ C ■ ■
5 ■ · 5 ■ ■ ■ · ■ · ■ · · · ■ · ■
9 ■ ■ ■ · · ■ · · ■ 3 ■ · ■ · ■ ·
■ · · ■ ■ ■ · ■ · · ■ · ■ · ■ 6 ■
· · ■ · ■ 1 ■ · ■ ■ · ■ 5 ■ ■ ■ ·
■ ■ · ■ · ■ · ■ 6 ■ · · ■ ■ 1 ■ ■
■ B ■ 5 ■ · ■ · ■ · ■ ■ ■ · ■ ■ ·
· ■ · ■ · ■ ■ 3 ■ ■ ■ · · ■ · · ■
■ · ■ ■ · ■ · ■ · ■ 4 ■ ■ 2 ■ ■ 2
· ■ · · ■ 1 ■ · ■ ■ ■ 2 ■ ■ · ■ ■
■ · ■ ■ 4 ■ · ■ · · ■ ■ ■ · ■ · ·
· ■ 3 · ■ · ■ 1 ■ ■ · ■ · ■ ■ · 6
■ 1 ■ · ■ ■ · ■ 2 · ■ · ■ · ■ · ·
· ■ · ■ 4 ■ ■ · ■ ■ 4 ■ ■ ■ 3 ■ ■
■ · ■ · ■ 3 ■ ■ · · ■ ■ · ■ ■ ■ 4
· ■ · ■ · ■ · ■ ■ ■ · ■ ■ 3 ■ · ■
■ · ■ · ■ ■ ■ 3 ■ · ■ · · ■ ■ ■ ·
■ ■ ■ ■ ■ · ■ ■ 2 ■ 1 ■ ■ ■ C ■ ■
5 ■ · 5 ■ ■ ■ · ■ · ■ · · · ■ · ■
9 ■ ■ ■ · · ■ · · ■ 3 ■ · ■ · ■ ·
■ · · ■ ■ ■ · ■ · · ■ · ■ · ■ 6 ■
· · ■ · ■ 1 ■ · ■ ■ · ■ 5 ■ ■ ■ ·
■ ■ · ■ · ■ · ■ 6 ■ · · ■ ■ 1 ■ ■
■ B ■ 5 ■ · ■ · ■ · ■ ■ ■ · ■ ■ ·
· ■ · ■ · ■ ■ 3 ■ ■ ■ · · ■ · · ■
■ · ■ ■ · ■ · ■ · ■ 4 ■ ■ 2 ■ ■ 2
· ■ · · ■ 1 ■ · ■ ■ ■ 2 ■ ■ · ■ ■
■ · ■ ■ 4 ■ · ■ · · ■ ■ ■ · ■ · ·
· ■ 3 · ■ · ■ 1 ■ ■ · ■ · ■ ■ · 6
■ 1 ■ · ■ ■ · ■ 2 · ■ · ■ · ■ · ·
· ■ · ■ 4 ■ ■ · ■ ■ 4 ■ ■ ■ 3 ■ ■
■ · ■ · ■ 3 ■ ■ · · ■ ■ · ■ ■ ■ 4
· ■ · ■ · ■ · ■ ■ ■ · ■ ■ 3 ■ · ■
■ · ■ · ■ ■ ■ 3 ■ · ■ · · ■ ■ ■ ·
■ ■ ■ ■ ■ · ■ ■ 2 ■ 1 ■ ■ ■ C ■ ■
5 ■ · 5 ■ ■ ■ · ■ · ■ · · · ■ · ■
9 ■ ■ ■ · · ■ · · ■ 3 ■ · ■ · ■ ·
■ · · ■ ■ ■ · ■ · · ■ · ■ · ■ 6 ■
· · ■ · ■ 1 ■ · ■ ■ · ■ 5 ■ ■ ■ ·
■ ■ · ■ · ■ · ■ 6 ■ · · ■ ■ 1 ■ ■
■ B ■ 5 ■ · ■ · ■ · ■ ■ ■ · ■ ■ ·
· ■ · ■ · ■ ■ 3 ■ ■ ■ · · ■ · · ■
■ · ■ ■ · ■ · ■ · ■ 4 ■ ■ 2 ■ ■ 2
· ■ · · ■ 1 ■ · ■ ■ ■ 2 ■ ■ · ■ ■
■ · ■ ■ 4 ■ · ■ · · ■ ■ ■ · ■ · ·
· ■ 3 · ■ · ■ 1 ■ ■ · ■ · ■ ■ · 6
■ 1 ■ · ■ ■ · ■ 2 · ■ · ■ · ■ · ·
· ■ · ■ 4 ■ ■ · ■ ■ 4 ■ ■ ■ 3 ■ ■
■ · ■ · ■ 3 ■ ■ · · ■ ■ · ■ ■ ■ 4
· ■ · ■ · ■ · ■ ■ ■ · ■ ■ 3 ■ · ■
■ · ■ · ■ ■ ■ 3 ■ · ■ · · ■ ■ ■ ·
■ ■ ■ ■ ■ · ■ ■ 2 ■ 1 ■ ■ ■ C ■ ■
5 ■ · 5 ■ ■ ■ · ■ · ■ · · · ■ · ■
9 ■ ■ ■ · · ■ · · ■ 3 ■ · ■ · ■ ·
■ · · ■ ■ ■ · ■ · · ■ · ■ · ■ 6 ■
· · ■ · ■ 1 ■ · ■ ■ · ■ 5 ■ ■ ■ ·
■ ■ · ■ · ■ · ■ 6 ■ · · ■ ■ 1 ■ ■
■ B ■ 5 ■ · ■ · ■ · ■ ■ ■ · ■ ■ ·
· ■ · ■ · ■ ■ 3 ■ ■ ■ · · ■ · · ■
■ · ■ ■ · ■ · ■ · ■ 4 ■ ■ 2 ■ ■ 2
· ■ · · ■ 1 ■ · ■ ■ ■ 2 ■ ■ · ■ ■
■ · ■ ■ 4 ■ · ■ · · ■ ■ ■ · ■ · ·
· ■ 3 · ■ · ■ 1 ■ ■ · ■ · ■ ■ · 6
■ 1 ■ · ■ ■ · ■ 2 · ■ · ■ · ■ · ·
· ■ · ■ 4 ■ ■ · ■ ■ 4 ■ ■ ■ 3 ■ ■
■ · ■ · ■ 3 ■ ■ · · ■ ■ · ■ ■ ■ 4
· ■ · ■ · ■ · ■ ■ ■ · ■ ■ 3 ■ · ■
■ · ■ · ■ ■ ■ 3 ■ · ■ · · ■ ■ ■ ·
■ ■ ■ ■ ■ · ■ ■ 2 ■ 1 ■ ■ ■ C ■ ■
5 ■ · 5 ■ ■ ■ · ■ · ■ · · · ■ · ■
9 ■ ■ ■ · · ■ · · ■ 3 ■ · ■ · ■ ·
■ · · ■ ■ ■ · ■ · · ■ · ■ · ■ 6 ■
· · ■ · ■ 1 ■ · ■ ■ · ■ 5 ■ ■ ■ ·
■ ■ · ■ · ■ · ■ 6 ■ · · ■ ■ 1 ■ ■
■ B ■ 5 ■ · ■ · ■ · ■ ■ ■ · ■ ■ ·
· ■ · ■ · ■ ■ 3 ■ ■ ■ · · ■ · · ■
■ · ■ ■ · ■ · ■ · ■ 4 ■ ■ 2 ■ ■ 2
· ■ · · ■ 1 ■ · ■ ■ ■ 2 ■ ■ · ■ ■
■ · ■ ■ 4 ■ · ■ · · ■ ■ ■ · ■ · ·
· ■ 3 · ■ · ■ 1 ■ ■ · ■ · ■ ■ · 6
■ 1 ■ · ■ ■ · ■ 2 · ■ · ■ · ■ · ·
· ■ · ■ 4 ■ ■ · ■ ■ 4 ■ ■ ■ 3 ■ ■
■ · ■ · ■ 3 ■ ■ · · ■ ■ · ■ ■ ■ 4
· ■ · ■ · ■ · ■ ■ ■ · ■ ■ 3 ■ · ■
■ · ■ · ■ ■ ■ 3 ■ · ■ · · ■ ■ ■ ·
■ ■ ■ ■ ■ · ■ ■ 2 ■ 1 ■ ■ ■ C ■ ■
5 ■ · 5 ■ ■ ■ · ■ · ■ · · · ■ · ■
9 ■ ■ ■ · · ■ · · ■ 3 ■ · ■ · ■ ·
■ · · ■ ■ ■ · ■ · · ■ · ■ · ■ 6 ■
· · ■ · ■ 1 ■ · ■ ■ · ■ 5 ■ ■ ■ ·
■ ■ · ■ · ■ · ■ 6 ■ · · ■ ■ 1 ■ ■
■ B ■ 5 ■ · ■ · ■ · ■ ■ ■ · ■ ■ ·
· ■ · ■ · ■ ■ 3 ■ ■ ■ · · ■ · · ■
■ · ■ ■ · ■ · ■ · ■ 4 ■ ■ 2 ■ ■ 2
· ■ · · ■ 1 ■ · ■ ■ ■ 2 ■ ■ · ■ ■
■ · ■ ■ 4 ■ · ■ · · ■ ■ ■ · ■ · ·
· ■ 3 · ■ · ■ 1 ■ ■ · ■ · ■ ■ · 6
■ 1 ■ · ■ ■ · ■ 2 · ■ · ■ · ■ · ·
· ■ · ■ 4 ■ ■ · ■ ■ 4 ■ ■ ■ 3 ■ ■
■ · ■ · ■ 3 ■ ■ · · ■ ■ · ■ ■ ■ 4
· ■ · ■ · ■ · ■ ■ ■ · ■ ■ 3 ■ · ■
■ · ■ · ■ ■ ■ 3 ■ · ■ · · ■ ■ ■ ·
■ ■ ■ ■ ■ · ■ ■ 2 ■ 1 ■ ■ ■ C ■ ■
5 ■ · 5 ■ ■ ■ · ■ · ■ · · · ■ · ■
9 ■ ■ ■ · · ■ · · ■ 3 ■ · ■ · ■ ·
■ · · ■ ■ ■ · ■ · · ■ · ■ · ■ 6 ■
· · ■ · ■ 1 ■ · ■ ■ · ■ 5 ■ ■ ■ ·
■ ■ · ■ · ■ · ■ 6 ■ · · ■ ■ 1 ■ ■
■ B ■ 5 ■ · ■ · ■ · ■ ■ ■ · ■ ■ ·
· ■ · ■ · ■ ■ 3 ■ ■ ■ · · ■ · · ■
■ · ■ ■ · ■ · ■ · ■ 4 ■ ■ 2 ■ ■ 2
· ■ · · ■ 1 ■ · ■ ■ ■ 2 ■ ■ · ■ ■
■ · ■ ■ 4 ■ · ■ · · ■ ■ ■ · ■ · ·
· ■ 3 · ■ · ■ 1 ■ ■ · ■ · ■ ■ · 6
■ 1 ■ · ■ ■ · ■ 2 · ■ · ■ · ■ · ·
· ■ · ■ 4 ■ ■ · ■ ■ 4 ■ ■ ■ 3 ■ ■
■ · ■ · ■ 3 ■ ■ · · ■ ■ · ■ ■ ■ 4
· ■ · ■ · ■ · ■ ■ ■ · ■ ■ 3 ■ · ■
■ · ■ · ■ ■ ■ 3 ■ · ■ · · ■ ■ ■ ·
■ ■ ■ ■ ■ · ■ ■ 2 ■ 1 ■ ■ ■ C ■ ■
5 ■ · 5 ■ ■ ■ · ■ · ■ · · · ■ · ■
# Number of solutions found: 10
# CPU time: 6.705 s
================================= 216 =================================
# Encoding time: 0.3001 s
■ ■ · ■ · ■ ■ · · · ■
· ■ ■ · ■ · ■ ■ · ■ ·
■ · ■ ■ · ■ · ■ · ■ ■
· ■ ■ 5 ■ 4 ■ 5 ■ · ·
■ ■ · ■ · ■ · ■ 2 ■ ·
■ · ■ 5 ■ · ■ · ■ · ■
■ ■ · ■ 6 ■ ■ ■ · · ■
· ■ ■ · ■ ■ · ■ ■ ■ 7
■ · · ■ 1 ■ ■ · ■ · ■
■ ■ ■ · ■ · · ■ 3 ■ ·
4 ■ 4 ■ · ■ ■ 7 ■ · ■
■ ■ · ■ · ■ ■ · · · ■
· ■ ■ · ■ · ■ ■ · ■ ·
■ · ■ ■ · ■ · ■ · ■ ■
· ■ ■ 5 ■ 4 ■ 5 ■ · ·
■ ■ · ■ · ■ · ■ 2 ■ ·
■ · ■ 5 ■ · ■ · ■ · ■
■ ■ · ■ 6 ■ ■ ■ · · ■
· ■ ■ · ■ ■ · ■ ■ ■ 7
■ · · ■ 1 ■ ■ · ■ · ■
■ ■ ■ · ■ · · ■ 3 ■ ·
4 ■ 4 ■ · ■ ■ 7 ■ · ■
■ ■ · ■ · ■ ■ · · · ■
· ■ ■ · ■ · ■ ■ · ■ ·
■ · ■ ■ · ■ · ■ · ■ ■
· ■ ■ 5 ■ 4 ■ 5 ■ · ·
■ ■ · ■ · ■ · ■ 2 ■ ·
■ · ■ 5 ■ · ■ · ■ · ■
■ ■ · ■ 6 ■ ■ ■ · · ■
· ■ ■ · ■ ■ · ■ ■ ■ 7
■ · · ■ 1 ■ ■ · ■ · ■
■ ■ ■ · ■ · · ■ 3 ■ ·
4 ■ 4 ■ · ■ ■ 7 ■ · ■
■ ■ · ■ · ■ ■ · · · ■
· ■ ■ · ■ · ■ ■ · ■ ·
■ · ■ ■ · ■ · ■ · ■ ■
· ■ ■ 5 ■ 4 ■ 5 ■ · ·
■ ■ · ■ · ■ · ■ 2 ■ ·
■ · ■ 5 ■ · ■ · ■ · ■
■ ■ · ■ 6 ■ ■ ■ · · ■
· ■ ■ · ■ ■ · ■ ■ ■ 7
■ · · ■ 1 ■ ■ · ■ · ■
■ ■ ■ · ■ · · ■ 3 ■ ·
4 ■ 4 ■ · ■ ■ 7 ■ · ■
■ ■ · ■ · ■ ■ · · · ■
· ■ ■ · ■ · ■ ■ · ■ ·
■ · ■ ■ · ■ · ■ · ■ ■
· ■ ■ 5 ■ 4 ■ 5 ■ · ·
■ ■ · ■ · ■ · ■ 2 ■ ·
■ · ■ 5 ■ · ■ · ■ · ■
■ ■ · ■ 6 ■ ■ ■ · · ■
· ■ ■ · ■ ■ · ■ ■ ■ 7
■ · · ■ 1 ■ ■ · ■ · ■
■ ■ ■ · ■ · · ■ 3 ■ ·
4 ■ 4 ■ · ■ ■ 7 ■ · ■
■ ■ · ■ · ■ ■ · · · ■
· ■ ■ · ■ · ■ ■ · ■ ·
■ · ■ ■ · ■ · ■ · ■ ■
· ■ ■ 5 ■ 4 ■ 5 ■ · ·
■ ■ · ■ · ■ · ■ 2 ■ ·
■ · ■ 5 ■ · ■ · ■ · ■
■ ■ · ■ 6 ■ ■ ■ · · ■
· ■ ■ · ■ ■ · ■ ■ ■ 7
■ · · ■ 1 ■ ■ · ■ · ■
■ ■ ■ · ■ · · ■ 3 ■ ·
4 ■ 4 ■ · ■ ■ 7 ■ · ■
■ ■ · ■ · ■ ■ · · · ■
· ■ ■ · ■ · ■ ■ · ■ ·
■ · ■ ■ · ■ · ■ · ■ ■
· ■ ■ 5 ■ 4 ■ 5 ■ · ·
■ ■ · ■ · ■ · ■ 2 ■ ·
■ · ■ 5 ■ · ■ · ■ · ■
■ ■ · ■ 6 ■ ■ ■ · · ■
· ■ ■ · ■ ■ · ■ ■ ■ 7
■ · · ■ 1 ■ ■ · ■ · ■
■ ■ ■ · ■ · · ■ 3 ■ ·
4 ■ 4 ■ · ■ ■ 7 ■ · ■
■ ■ · ■ · ■ ■ · · · ■
· ■ ■ · ■ · ■ ■ · ■ ·
■ · ■ ■ · ■ · ■ · ■ ■
· ■ ■ 5 ■ 4 ■ 5 ■ · ·
■ ■ · ■ · ■ · ■ 2 ■ ·
■ · ■ 5 ■ · ■ · ■ · ■
■ ■ · ■ 6 ■ ■ ■ · · ■
· ■ ■ · ■ ■ · ■ ■ ■ 7
■ · · ■ 1 ■ ■ · ■ · ■
■ ■ ■ · ■ · · ■ 3 ■ ·
4 ■ 4 ■ · ■ ■ 7 ■ · ■
■ ■ · ■ · ■ ■ · · · ■
· ■ ■ · ■ · ■ ■ · ■ ·
■ · ■ ■ · ■ · ■ · ■ ■
· ■ ■ 5 ■ 4 ■ 5 ■ · ·
■ ■ · ■ · ■ · ■ 2 ■ ·
■ · ■ 5 ■ · ■ · ■ · ■
■ ■ · ■ 6 ■ ■ ■ · · ■
· ■ ■ · ■ ■ · ■ ■ ■ 7
■ · · ■ 1 ■ ■ · ■ · ■
■ ■ ■ · ■ · · ■ 3 ■ ·
4 ■ 4 ■ · ■ ■ 7 ■ · ■
■ ■ · ■ · ■ ■ · · · ■
· ■ ■ · ■ · ■ ■ · ■ ·
■ · ■ ■ · ■ · ■ · ■ ■
· ■ ■ 5 ■ 4 ■ 5 ■ · ·
■ ■ · ■ · ■ · ■ 2 ■ ·
■ · ■ 5 ■ · ■ · ■ · ■
■ ■ · ■ 6 ■ ■ ■ · · ■
· ■ ■ · ■ ■ · ■ ■ ■ 7
■ · · ■ 1 ■ ■ · ■ · ■
■ ■ ■ · ■ · · ■ 3 ■ ·
4 ■ 4 ■ · ■ ■ 7 ■ · ■
# Number of solutions found: 10
# CPU time: 0.5484 s
================================= 217 =================================
# Encoding time: 0.149 s
■ ■ 3 ■ 5 ■ ■ B ■ ■
■ · ■ ■ ■ · ■ ■ · ■
· ■ · ■ · ■ ■ · ■ ■
3 ■ ■ · ■ ■ · ■ ■ A
■ ■ · ■ ■ · ■ · · ■
■ · ■ · · ■ · ■ ■ ■
■ 3 ■ · ■ ■ ■ · ■ ·
■ ■ 4 ■ · ■ · ■ · ■
· ■ ■ ■ ■ ■ ■ · · ·
■ ■ · ■ · ■ · ■ · ·
■ ■ 3 ■ 5 ■ ■ B ■ ■
■ · ■ ■ ■ · ■ ■ · ■
· ■ · ■ · ■ ■ · ■ ■
3 ■ ■ · ■ ■ · ■ ■ A
■ ■ · ■ ■ · ■ · · ■
■ · ■ · · ■ · ■ ■ ■
■ 3 ■ · ■ ■ ■ · ■ ·
■ ■ 4 ■ · ■ · ■ · ■
· ■ ■ ■ ■ ■ ■ · · ·
■ ■ · ■ · ■ · ■ · ·
■ ■ 3 ■ 5 ■ ■ B ■ ■
■ · ■ ■ ■ · ■ ■ · ■
· ■ · ■ · ■ ■ · ■ ■
3 ■ ■ · ■ ■ · ■ ■ A
■ ■ · ■ ■ · ■ · · ■
■ · ■ · · ■ · ■ ■ ■
■ 3 ■ · ■ ■ ■ · ■ ·
■ ■ 4 ■ · ■ · ■ · ■
· ■ ■ ■ ■ ■ ■ · · ·
■ ■ · ■ · ■ · ■ · ·
■ ■ 3 ■ 5 ■ ■ B ■ ■
■ · ■ ■ ■ · ■ ■ · ■
· ■ · ■ · ■ ■ · ■ ■
3 ■ ■ · ■ ■ · ■ ■ A
■ ■ · ■ ■ · ■ · · ■
■ · ■ · · ■ · ■ ■ ■
■ 3 ■ · ■ ■ ■ · ■ ·
■ ■ 4 ■ · ■ · ■ · ■
· ■ ■ ■ ■ ■ ■ · · ·
■ ■ · ■ · ■ · ■ · ·
■ ■ 3 ■ 5 ■ ■ B ■ ■
■ · ■ ■ ■ · ■ ■ · ■
· ■ · ■ · ■ ■ · ■ ■
3 ■ ■ · ■ ■ · ■ ■ A
■ ■ · ■ ■ · ■ · · ■
■ · ■ · · ■ · ■ ■ ■
■ 3 ■ · ■ ■ ■ · ■ ·
■ ■ 4 ■ · ■ · ■ · ■
· ■ ■ ■ ■ ■ ■ · · ·
■ ■ · ■ · ■ · ■ · ·
■ ■ 3 ■ 5 ■ ■ B ■ ■
■ · ■ ■ ■ · ■ ■ · ■
· ■ · ■ · ■ ■ · ■ ■
3 ■ ■ · ■ ■ · ■ ■ A
■ ■ · ■ ■ · ■ · · ■
■ · ■ · · ■ · ■ ■ ■
■ 3 ■ · ■ ■ ■ · ■ ·
■ ■ 4 ■ · ■ · ■ · ■
· ■ ■ ■ ■ ■ ■ · · ·
■ ■ · ■ · ■ · ■ · ·
■ ■ 3 ■ 5 ■ ■ B ■ ■
■ · ■ ■ ■ · ■ ■ · ■
· ■ · ■ · ■ ■ · ■ ■
3 ■ ■ · ■ ■ · ■ ■ A
■ ■ · ■ ■ · ■ · · ■
■ · ■ · · ■ · ■ ■ ■
■ 3 ■ · ■ ■ ■ · ■ ·
■ ■ 4 ■ · ■ · ■ · ■
· ■ ■ ■ ■ ■ ■ · · ·
■ ■ · ■ · ■ · ■ · ·
■ ■ 3 ■ 5 ■ ■ B ■ ■
■ · ■ ■ ■ · ■ ■ · ■
· ■ · ■ · ■ ■ · ■ ■
3 ■ ■ · ■ ■ · ■ ■ A
■ ■ · ■ ■ · ■ · · ■
■ · ■ · · ■ · ■ ■ ■
■ 3 ■ · ■ ■ ■ · ■ ·
■ ■ 4 ■ · ■ · ■ · ■
· ■ ■ ■ ■ ■ ■ · · ·
■ ■ · ■ · ■ · ■ · ·
■ ■ 3 ■ 5 ■ ■ B ■ ■
■ · ■ ■ ■ · ■ ■ · ■
· ■ · ■ · ■ ■ · ■ ■
3 ■ ■ · ■ ■ · ■ ■ A
■ ■ · ■ ■ · ■ · · ■
■ · ■ · · ■ · ■ ■ ■
■ 3 ■ · ■ ■ ■ · ■ ·
■ ■ 4 ■ · ■ · ■ · ■
· ■ ■ ■ ■ ■ ■ · · ·
■ ■ · ■ · ■ · ■ · ·
■ ■ 3 ■ 5 ■ ■ B ■ ■
■ · ■ ■ ■ · ■ ■ · ■
· ■ · ■ · ■ ■ · ■ ■
3 ■ ■ · ■ ■ · ■ ■ A
■ ■ · ■ ■ · ■ · · ■
■ · ■ · · ■ · ■ ■ ■
■ 3 ■ · ■ ■ ■ · ■ ·
■ ■ 4 ■ · ■ · ■ · ■
· ■ ■ ■ ■ ■ ■ · · ·
■ ■ · ■ · ■ · ■ · ·
# Number of solutions found: 10
# CPU time: 0.2283 s
================================= 218 =================================
# Encoding time: 1.282 s
■ · ■ · ■ 4 ■ · · ■ · ■ ■ · ■ ■ ·
11 ■ · ■ · ■ ■ ■ ■ · ■ ■ · ■ ■ · ■
■ 4 ■ · ■ · 4 ■ · ■ ■ · ■ ■ 6 ■ ·
■ · ■ · · ■ ■ · ■ ■ · ■ ■ · ■ 15 ■
· ■ · ■ · · · ■ ■ · ■ · · ■ 5 ■ ·
■ · ■ ■ · ■ · ■ · · ■ · ■ · ■ 7 ■
■ 2 ■ · ■ · ■ · ■ ■ · ■ · ■ · ■ ·
4 ■ · ■ 1 ■ · ■ · ■ ■ · ■ · ■ · ·
■ ■ 5 · ■ · ■ · ■ · ■ ■ ■ ■ · ■ ·
· · ■ ■ · · · ■ · ■ · · · ■ ■ · ■
· · · ■ · · ■ · ■ ■ ■ · ■ ■ · ■ ■
■ · ■ 1 ■ ■ · ■ · · · ■ · · ■ ■ ·
2 ■ · ■ · · ■ 2 ■ ■ ■ · ■ · ■ · ■
■ · ■ · ■ ■ ■ · ■ · ■ · · ■ 6 ■ 6
· ■ · ■ · 4 · ■ · ■ · · ■ · ■ F ■
■ · ■ · ■ ■ ■ · ■ · ■ · ■ ■ · ■ ■
10 ■ 4 ■ · ■ · ■ · ■ 4 ■ · · · ■ ·
■ · ■ · ■ 4 ■ · · ■ · ■ ■ · ■ ■ ·
11 ■ · ■ · ■ ■ ■ ■ · ■ ■ · ■ ■ · ■
■ 4 ■ · ■ · 4 ■ · ■ ■ · ■ ■ 6 ■ ·
■ · ■ · · ■ ■ · ■ ■ · ■ ■ · ■ 15 ■
· ■ · ■ · · · ■ ■ · ■ · · ■ 5 ■ ·
■ · ■ ■ · ■ · ■ · · ■ · ■ · ■ 7 ■
■ 2 ■ · ■ · ■ · ■ ■ · ■ · ■ · ■ ·
4 ■ · ■ 1 ■ · ■ · ■ ■ · ■ · ■ · ·
■ ■ 5 · ■ · ■ · ■ · ■ ■ ■ ■ · ■ ·
· · ■ ■ · · · ■ · ■ · · · ■ ■ · ■
· · · ■ · · ■ · ■ ■ ■ · ■ ■ · ■ ■
■ · ■ 1 ■ ■ · ■ · · · ■ · · ■ ■ ·
2 ■ · ■ · · ■ 2 ■ ■ ■ · ■ · ■ · ■
■ · ■ · ■ ■ ■ · ■ · ■ · · ■ 6 ■ 6
· ■ · ■ · 4 · ■ · ■ · · ■ · ■ F ■
■ · ■ · ■ ■ ■ · ■ · ■ · ■ ■ · ■ ■
10 ■ 4 ■ · ■ · ■ · ■ 4 ■ · · · ■ ·
■ · ■ · ■ 4 ■ · · ■ · ■ ■ · ■ ■ ·
11 ■ · ■ · ■ ■ ■ ■ · ■ ■ · ■ ■ · ■
■ 4 ■ · ■ · 4 ■ · ■ ■ · ■ ■ 6 ■ ·
■ · ■ · · ■ ■ · ■ ■ · ■ ■ · ■ 15 ■
· ■ · ■ · · · ■ ■ · ■ · · ■ 5 ■ ·
■ · ■ ■ · ■ · ■ · · ■ · ■ · ■ 7 ■
■ 2 ■ · ■ · ■ · ■ ■ · ■ · ■ · ■ ·
4 ■ · ■ 1 ■ · ■ · ■ ■ · ■ · ■ · ·
■ ■ 5 · ■ · ■ · ■ · ■ ■ ■ ■ · ■ ·
· · ■ ■ · · · ■ · ■ · · · ■ ■ · ■
· · · ■ · · ■ · ■ ■ ■ · ■ ■ · ■ ■
■ · ■ 1 ■ ■ · ■ · · · ■ · · ■ ■ ·
2 ■ · ■ · · ■ 2 ■ ■ ■ · ■ · ■ · ■
■ · ■ · ■ ■ ■ · ■ · ■ · · ■ 6 ■ 6
· ■ · ■ · 4 · ■ · ■ · · ■ · ■ F ■
■ · ■ · ■ ■ ■ · ■ · ■ · ■ ■ · ■ ■
10 ■ 4 ■ · ■ · ■ · ■ 4 ■ · · · ■ ·
■ · ■ · ■ 4 ■ · · ■ · ■ ■ · ■ ■ ·
11 ■ · ■ · ■ ■ ■ ■ · ■ ■ · ■ ■ · ■
■ 4 ■ · ■ · 4 ■ · ■ ■ · ■ ■ 6 ■ ·
■ · ■ · · ■ ■ · ■ ■ · ■ ■ · ■ 15 ■
· ■ · ■ · · · ■ ■ · ■ · · ■ 5 ■ ·
■ · ■ ■ · ■ · ■ · · ■ · ■ · ■ 7 ■
■ 2 ■ · ■ · ■ · ■ ■ · ■ · ■ · ■ ·
4 ■ · ■ 1 ■ · ■ · ■ ■ · ■ · ■ · ·
■ ■ 5 · ■ · ■ · ■ · ■ ■ ■ ■ · ■ ·
· · ■ ■ · · · ■ · ■ · · · ■ ■ · ■
· · · ■ · · ■ · ■ ■ ■ · ■ ■ · ■ ■
■ · ■ 1 ■ ■ · ■ · · · ■ · · ■ ■ ·
2 ■ · ■ · · ■ 2 ■ ■ ■ · ■ · ■ · ■
■ · ■ · ■ ■ ■ · ■ · ■ · · ■ 6 ■ 6
· ■ · ■ · 4 · ■ · ■ · · ■ · ■ F ■
■ · ■ · ■ ■ ■ · ■ · ■ · ■ ■ · ■ ■
10 ■ 4 ■ · ■ · ■ · ■ 4 ■ · · · ■ ·
■ · ■ · ■ 4 ■ · · ■ · ■ ■ · ■ ■ ·
11 ■ · ■ · ■ ■ ■ ■ · ■ ■ · ■ ■ · ■
■ 4 ■ · ■ · 4 ■ · ■ ■ · ■ ■ 6 ■ ·
■ · ■ · · ■ ■ · ■ ■ · ■ ■ · ■ 15 ■
· ■ · ■ · · · ■ ■ · ■ · · ■ 5 ■ ·
■ · ■ ■ · ■ · ■ · · ■ · ■ · ■ 7 ■
■ 2 ■ · ■ · ■ · ■ ■ · ■ · ■ · ■ ·
4 ■ · ■ 1 ■ · ■ · ■ ■ · ■ · ■ · ·
■ ■ 5 · ■ · ■ · ■ · ■ ■ ■ ■ · ■ ·
· · ■ ■ · · · ■ · ■ · · · ■ ■ · ■
· · · ■ · · ■ · ■ ■ ■ · ■ ■ · ■ ■
■ · ■ 1 ■ ■ · ■ · · · ■ · · ■ ■ ·
2 ■ · ■ · · ■ 2 ■ ■ ■ · ■ · ■ · ■
■ · ■ · ■ ■ ■ · ■ · ■ · · ■ 6 ■ 6
· ■ · ■ · 4 · ■ · ■ · · ■ · ■ F ■
■ · ■ · ■ ■ ■ · ■ · ■ · ■ ■ · ■ ■
10 ■ 4 ■ · ■ · ■ · ■ 4 ■ · · · ■ ·
■ · ■ · ■ 4 ■ · · ■ · ■ ■ · ■ ■ ·
11 ■ · ■ · ■ ■ ■ ■ · ■ ■ · ■ ■ · ■
■ 4 ■ · ■ · 4 ■ · ■ ■ · ■ ■ 6 ■ ·
■ · ■ · · ■ ■ · ■ ■ · ■ ■ · ■ 15 ■
· ■ · ■ · · · ■ ■ · ■ · · ■ 5 ■ ·
■ · ■ ■ · ■ · ■ · · ■ · ■ · ■ 7 ■
■ 2 ■ · ■ · ■ · ■ ■ · ■ · ■ · ■ ·
4 ■ · ■ 1 ■ · ■ · ■ ■ · ■ · ■ · ·
■ ■ 5 · ■ · ■ · ■ · ■ ■ ■ ■ · ■ ·
· · ■ ■ · · · ■ · ■ · · · ■ ■ · ■
· · · ■ · · ■ · ■ ■ ■ · ■ ■ · ■ ■
■ · ■ 1 ■ ■ · ■ · · · ■ · · ■ ■ ·
2 ■ · ■ · · ■ 2 ■ ■ ■ · ■ · ■ · ■
■ · ■ · ■ ■ ■ · ■ · ■ · · ■ 6 ■ 6
· ■ · ■ · 4 · ■ · ■ · · ■ · ■ F ■
■ · ■ · ■ ■ ■ · ■ · ■ · ■ ■ · ■ ■
10 ■ 4 ■ · ■ · ■ · ■ 4 ■ · · · ■ ·
■ · ■ · ■ 4 ■ · · ■ · ■ ■ · ■ ■ ·
11 ■ · ■ · ■ ■ ■ ■ · ■ ■ · ■ ■ · ■
■ 4 ■ · ■ · 4 ■ · ■ ■ · ■ ■ 6 ■ ·
■ · ■ · · ■ ■ · ■ ■ · ■ ■ · ■ 15 ■
· ■ · ■ · · · ■ ■ · ■ · · ■ 5 ■ ·
■ · ■ ■ · ■ · ■ · · ■ · ■ · ■ 7 ■
■ 2 ■ · ■ · ■ · ■ ■ · ■ · ■ · ■ ·
4 ■ · ■ 1 ■ · ■ · ■ ■ · ■ · ■ · ·
■ ■ 5 · ■ · ■ · ■ · ■ ■ ■ ■ · ■ ·
· · ■ ■ · · · ■ · ■ · · · ■ ■ · ■
· · · ■ · · ■ · ■ ■ ■ · ■ ■ · ■ ■
■ · ■ 1 ■ ■ · ■ · · · ■ · · ■ ■ ·
2 ■ · ■ · · ■ 2 ■ ■ ■ · ■ · ■ · ■
■ · ■ · ■ ■ ■ · ■ · ■ · · ■ 6 ■ 6
· ■ · ■ · 4 · ■ · ■ · · ■ · ■ F ■
■ · ■ · ■ ■ ■ · ■ · ■ · ■ ■ · ■ ■
10 ■ 4 ■ · ■ · ■ · ■ 4 ■ · · · ■ ·
■ · ■ · ■ 4 ■ · · ■ · ■ ■ · ■ ■ ·
11 ■ · ■ · ■ ■ ■ ■ · ■ ■ · ■ ■ · ■
■ 4 ■ · ■ · 4 ■ · ■ ■ · ■ ■ 6 ■ ·
■ · ■ · · ■ ■ · ■ ■ · ■ ■ · ■ 15 ■
· ■ · ■ · · · ■ ■ · ■ · · ■ 5 ■ ·
■ · ■ ■ · ■ · ■ · · ■ · ■ · ■ 7 ■
■ 2 ■ · ■ · ■ · ■ ■ · ■ · ■ · ■ ·
4 ■ · ■ 1 ■ · ■ · ■ ■ · ■ · ■ · ·
■ ■ 5 · ■ · ■ · ■ · ■ ■ ■ ■ · ■ ·
· · ■ ■ · · · ■ · ■ · · · ■ ■ · ■
· · · ■ · · ■ · ■ ■ ■ · ■ ■ · ■ ■
■ · ■ 1 ■ ■ · ■ · · · ■ · · ■ ■ ·
2 ■ · ■ · · ■ 2 ■ ■ ■ · ■ · ■ · ■
■ · ■ · ■ ■ ■ · ■ · ■ · · ■ 6 ■ 6
· ■ · ■ · 4 · ■ · ■ · · ■ · ■ F ■
■ · ■ · ■ ■ ■ · ■ · ■ · ■ ■ · ■ ■
10 ■ 4 ■ · ■ · ■ · ■ 4 ■ · · · ■ ·
■ · ■ · ■ 4 ■ · · ■ · ■ ■ · ■ ■ ·
11 ■ · ■ · ■ ■ ■ ■ · ■ ■ · ■ ■ · ■
■ 4 ■ · ■ · 4 ■ · ■ ■ · ■ ■ 6 ■ ·
■ · ■ · · ■ ■ · ■ ■ · ■ ■ · ■ 15 ■
· ■ · ■ · · · ■ ■ · ■ · · ■ 5 ■ ·
■ · ■ ■ · ■ · ■ · · ■ · ■ · ■ 7 ■
■ 2 ■ · ■ · ■ · ■ ■ · ■ · ■ · ■ ·
4 ■ · ■ 1 ■ · ■ · ■ ■ · ■ · ■ · ·
■ ■ 5 · ■ · ■ · ■ · ■ ■ ■ ■ · ■ ·
· · ■ ■ · · · ■ · ■ · · · ■ ■ · ■
· · · ■ · · ■ · ■ ■ ■ · ■ ■ · ■ ■
■ · ■ 1 ■ ■ · ■ · · · ■ · · ■ ■ ·
2 ■ · ■ · · ■ 2 ■ ■ ■ · ■ · ■ · ■
■ · ■ · ■ ■ ■ · ■ · ■ · · ■ 6 ■ 6
· ■ · ■ · 4 · ■ · ■ · · ■ · ■ F ■
■ · ■ · ■ ■ ■ · ■ · ■ · ■ ■ · ■ ■
10 ■ 4 ■ · ■ · ■ · ■ 4 ■ · · · ■ ·
■ · ■ · ■ 4 ■ · · ■ · ■ ■ · ■ ■ ·
11 ■ · ■ · ■ ■ ■ ■ · ■ ■ · ■ ■ · ■
■ 4 ■ · ■ · 4 ■ · ■ ■ · ■ ■ 6 ■ ·
■ · ■ · · ■ ■ · ■ ■ · ■ ■ · ■ 15 ■
· ■ · ■ · · · ■ ■ · ■ · · ■ 5 ■ ·
■ · ■ ■ · ■ · ■ · · ■ · ■ · ■ 7 ■
■ 2 ■ · ■ · ■ · ■ ■ · ■ · ■ · ■ ·
4 ■ · ■ 1 ■ · ■ · ■ ■ · ■ · ■ · ·
■ ■ 5 · ■ · ■ · ■ · ■ ■ ■ ■ · ■ ·
· · ■ ■ · · · ■ · ■ · · · ■ ■ · ■
· · · ■ · · ■ · ■ ■ ■ · ■ ■ · ■ ■
■ · ■ 1 ■ ■ · ■ · · · ■ · · ■ ■ ·
2 ■ · ■ · · ■ 2 ■ ■ ■ · ■ · ■ · ■
■ · ■ · ■ ■ ■ · ■ · ■ · · ■ 6 ■ 6
· ■ · ■ · 4 · ■ · ■ · · ■ · ■ F ■
■ · ■ · ■ ■ ■ · ■ · ■ · ■ ■ · ■ ■
10 ■ 4 ■ · ■ · ■ · ■ 4 ■ · · · ■ ·
# Number of solutions found: 10
# CPU time: 11.73 s
================================= 219 =================================
# Encoding time: 0.1659 s
■ · ■ · ■ · ■ · ■ ·
· ■ · ■ · ■ 6 ■ 6 ■
■ · ■ · ■ · ■ · ■ ·
· ■ · ■ · ■ 6 ■ 6 ■
· ■ ■ · ■ · · ■ ■ ■
■ ■ · ■ · ■ ■ · ■ ·
■ · ■ 6 ■ ■ · ■ 6 ■
· · ■ · ■ · · ■ ■ ·
■ ■ 6 ■ · ■ ■ · · ■
· · ■ · ■ · ■ · ■ 6
■ · ■ · ■ · ■ · ■ ·
· ■ · ■ · ■ 6 ■ 6 ■
■ · ■ · ■ · ■ · ■ ·
· ■ · ■ · ■ 6 ■ 6 ■
· ■ ■ · ■ · · ■ ■ ■
■ ■ · ■ · ■ ■ · ■ ·
■ · ■ 6 ■ ■ · ■ 6 ■
· · ■ · ■ · · ■ ■ ·
■ ■ 6 ■ · ■ ■ · · ■
· · ■ · ■ · ■ · ■ 6
■ · ■ · ■ · ■ · ■ ·
· ■ · ■ · ■ 6 ■ 6 ■
■ · ■ · ■ · ■ · ■ ·
· ■ · ■ · ■ 6 ■ 6 ■
· ■ ■ · ■ · · ■ ■ ■
■ ■ · ■ · ■ ■ · ■ ·
■ · ■ 6 ■ ■ · ■ 6 ■
· · ■ · ■ · · ■ ■ ·
■ ■ 6 ■ · ■ ■ · · ■
· · ■ · ■ · ■ · ■ 6
■ · ■ · ■ · ■ · ■ ·
· ■ · ■ · ■ 6 ■ 6 ■
■ · ■ · ■ · ■ · ■ ·
· ■ · ■ · ■ 6 ■ 6 ■
· ■ ■ · ■ · · ■ ■ ■
■ ■ · ■ · ■ ■ · ■ ·
■ · ■ 6 ■ ■ · ■ 6 ■
· · ■ · ■ · · ■ ■ ·
■ ■ 6 ■ · ■ ■ · · ■
· · ■ · ■ · ■ · ■ 6
■ · ■ · ■ · ■ · ■ ·
· ■ · ■ · ■ 6 ■ 6 ■
■ · ■ · ■ · ■ · ■ ·
· ■ · ■ · ■ 6 ■ 6 ■
· ■ ■ · ■ · · ■ ■ ■
■ ■ · ■ · ■ ■ · ■ ·
■ · ■ 6 ■ ■ · ■ 6 ■
· · ■ · ■ · · ■ ■ ·
■ ■ 6 ■ · ■ ■ · · ■
· · ■ · ■ · ■ · ■ 6
■ · ■ · ■ · ■ · ■ ·
· ■ · ■ · ■ 6 ■ 6 ■
■ · ■ · ■ · ■ · ■ ·
· ■ · ■ · ■ 6 ■ 6 ■
· ■ ■ · ■ · · ■ ■ ■
■ ■ · ■ · ■ ■ · ■ ·
■ · ■ 6 ■ ■ · ■ 6 ■
· · ■ · ■ · · ■ ■ ·
■ ■ 6 ■ · ■ ■ · · ■
· · ■ · ■ · ■ · ■ 6
■ · ■ · ■ · ■ · ■ ·
· ■ · ■ · ■ 6 ■ 6 ■
■ · ■ · ■ · ■ · ■ ·
· ■ · ■ · ■ 6 ■ 6 ■
· ■ ■ · ■ · · ■ ■ ■
■ ■ · ■ · ■ ■ · ■ ·
■ · ■ 6 ■ ■ · ■ 6 ■
· · ■ · ■ · · ■ ■ ·
■ ■ 6 ■ · ■ ■ · · ■
· · ■ · ■ · ■ · ■ 6
■ · ■ · ■ · ■ · ■ ·
· ■ · ■ · ■ 6 ■ 6 ■
■ · ■ · ■ · ■ · ■ ·
· ■ · ■ · ■ 6 ■ 6 ■
· ■ ■ · ■ · · ■ ■ ■
■ ■ · ■ · ■ ■ · ■ ·
■ · ■ 6 ■ ■ · ■ 6 ■
· · ■ · ■ · · ■ ■ ·
■ ■ 6 ■ · ■ ■ · · ■
· · ■ · ■ · ■ · ■ 6
■ · ■ · ■ · ■ · ■ ·
· ■ · ■ · ■ 6 ■ 6 ■
■ · ■ · ■ · ■ · ■ ·
· ■ · ■ · ■ 6 ■ 6 ■
· ■ ■ · ■ · · ■ ■ ■
■ ■ · ■ · ■ ■ · ■ ·
■ · ■ 6 ■ ■ · ■ 6 ■
· · ■ · ■ · · ■ ■ ·
■ ■ 6 ■ · ■ ■ · · ■
· · ■ · ■ · ■ · ■ 6
■ · ■ · ■ · ■ · ■ ·
· ■ · ■ · ■ 6 ■ 6 ■
■ · ■ · ■ · ■ · ■ ·
· ■ · ■ · ■ 6 ■ 6 ■
· ■ ■ · ■ · · ■ ■ ■
■ ■ · ■ · ■ ■ · ■ ·
■ · ■ 6 ■ ■ · ■ 6 ■
· · ■ · ■ · · ■ ■ ·
■ ■ 6 ■ · ■ ■ · · ■
· · ■ · ■ · ■ · ■ 6
# Number of solutions found: 10
# CPU time: 0.2854 s
================================= 220 =================================
# Encoding time: 0.05217 s
· ■ · ■ ■ 4 ■
■ · ■ ■ 2 ■ ·
■ ■ ■ · ■ · ■
■ · ■ ■ · 7 ■
· ■ · ■ ■ ■ ■
■ ■ ■ ■ 4 ■ ·
· · · ■ ■ 3 ·
· ■ · ■ ■ 4 ■
■ · ■ ■ 2 ■ ·
■ ■ ■ · ■ · ■
■ · ■ ■ · 7 ■
· ■ · ■ ■ ■ ■
■ ■ ■ ■ 4 ■ ·
· · · ■ ■ 3 ·
· ■ · ■ ■ 4 ■
■ · ■ ■ 2 ■ ·
■ ■ ■ · ■ · ■
■ · ■ ■ · 7 ■
· ■ · ■ ■ ■ ■
■ ■ ■ ■ 4 ■ ·
· · · ■ ■ 3 ·
· ■ · ■ ■ 4 ■
■ · ■ ■ 2 ■ ·
■ ■ ■ · ■ · ■
■ · ■ ■ · 7 ■
· ■ · ■ ■ ■ ■
■ ■ ■ ■ 4 ■ ·
· · · ■ ■ 3 ·
· ■ · ■ ■ 4 ■
■ · ■ ■ 2 ■ ·
■ ■ ■ · ■ · ■
■ · ■ ■ · 7 ■
· ■ · ■ ■ ■ ■
■ ■ ■ ■ 4 ■ ·
· · · ■ ■ 3 ·
· ■ · ■ ■ 4 ■
■ · ■ ■ 2 ■ ·
■ ■ ■ · ■ · ■
■ · ■ ■ · 7 ■
· ■ · ■ ■ ■ ■
■ ■ ■ ■ 4 ■ ·
· · · ■ ■ 3 ·
· ■ · ■ ■ 4 ■
■ · ■ ■ 2 ■ ·
■ ■ ■ · ■ · ■
■ · ■ ■ · 7 ■
· ■ · ■ ■ ■ ■
■ ■ ■ ■ 4 ■ ·
· · · ■ ■ 3 ·
· ■ · ■ ■ 4 ■
■ · ■ ■ 2 ■ ·
■ ■ ■ · ■ · ■
■ · ■ ■ · 7 ■
· ■ · ■ ■ ■ ■
■ ■ ■ ■ 4 ■ ·
· · · ■ ■ 3 ·
· ■ · ■ ■ 4 ■
■ · ■ ■ 2 ■ ·
■ ■ ■ · ■ · ■
■ · ■ ■ · 7 ■
· ■ · ■ ■ ■ ■
■ ■ ■ ■ 4 ■ ·
· · · ■ ■ 3 ·
· ■ · ■ ■ 4 ■
■ · ■ ■ 2 ■ ·
■ ■ ■ · ■ · ■
■ · ■ ■ · 7 ■
· ■ · ■ ■ ■ ■
■ ■ ■ ■ 4 ■ ·
· · · ■ ■ 3 ·
# Number of solutions found: 10
# CPU time: 0.06735 s
================================= 221 =================================
# Encoding time: 3.116 s
■ · ■ · ■ · ■ ■ · ■ · · ■ 7 ■ · ■ 4 ■ · ■ 1 ■ 4
7 ■ · ■ ■ ■ · · ■ · ■ ■ · ■ 1 ■ · ■ · ■ · ■ ■ ■
■ 1 ■ ■ · ■ · ■ · ■ 1 ■ · ■ ■ · · ■ ■ · ■ · ■ ·
■ ■ · ■ · ■ ■ 5 ■ · ■ · ■ · ■ ■ · ■ · ■ 3 ■ · ■
6 ■ ■ · ■ ■ · ■ · ■ · ■ 4 ■ · ■ ■ · ■ · ■ · ■ ·
■ · · ■ ■ · ■ · ■ ■ · ■ ■ 2 ■ · · ■ · ■ · ■ · ■
· ■ ■ ■ 2 ■ ■ 5 ■ 5 ■ 2 ■ · ■ · ■ · ■ · ■ · ■ ·
■ · ■ · ■ ■ · ■ · ■ · ■ 2 ■ · ■ 9 ■ 7 ■ · ■ · ■
1 ■ · ■ ■ · ■ 2 ■ · ■ · ■ · ■ · ■ 1 ■ ■ ■ · ■ ·
■ 1 ■ 6 ■ ■ · ■ · ■ 1 ■ 1 ■ · ■ 3 ■ ■ 6 ■ ■ 5 ■
· ■ · ■ ■ · ■ 5 ■ · ■ · ■ 2 ■ · ■ · ■ · ■ · ■ ·
■ 5 ■ · · ■ · ■ · 3 ■ ■ · ■ · ■ 2 ■ ■ ■ 5 ■ · ■
4 ■ · ■ ■ · ■ · ■ ■ · 2 ■ · ■ ■ ■ ■ 3 ■ · ■ · ■
■ · ■ ■ 1 ■ 2 ■ · 3 ■ ■ · ■ ■ 5 ■ · ■ 5 ■ · ■ ·
■ · ■ · ■ · ■ ■ · ■ · · ■ 7 ■ · ■ 4 ■ · ■ 1 ■ 4
7 ■ · ■ ■ ■ · · ■ · ■ ■ · ■ 1 ■ · ■ · ■ · ■ ■ ■
■ 1 ■ ■ · ■ · ■ · ■ 1 ■ · ■ ■ · · ■ ■ · ■ · ■ ·
■ ■ · ■ · ■ ■ 5 ■ · ■ · ■ · ■ ■ · ■ · ■ 3 ■ · ■
6 ■ ■ · ■ ■ · ■ · ■ · ■ 4 ■ · ■ ■ · ■ · ■ · ■ ·
■ · · ■ ■ · ■ · ■ ■ · ■ ■ 2 ■ · · ■ · ■ · ■ · ■
· ■ ■ ■ 2 ■ ■ 5 ■ 5 ■ 2 ■ · ■ · ■ · ■ · ■ · ■ ·
■ · ■ · ■ ■ · ■ · ■ · ■ 2 ■ · ■ 9 ■ 7 ■ · ■ · ■
1 ■ · ■ ■ · ■ 2 ■ · ■ · ■ · ■ · ■ 1 ■ ■ ■ · ■ ·
■ 1 ■ 6 ■ ■ · ■ · ■ 1 ■ 1 ■ · ■ 3 ■ ■ 6 ■ ■ 5 ■
· ■ · ■ ■ · ■ 5 ■ · ■ · ■ 2 ■ · ■ · ■ · ■ · ■ ·
■ 5 ■ · · ■ · ■ · 3 ■ ■ · ■ · ■ 2 ■ ■ ■ 5 ■ · ■
4 ■ · ■ ■ · ■ · ■ ■ · 2 ■ · ■ ■ ■ ■ 3 ■ · ■ · ■
■ · ■ ■ 1 ■ 2 ■ · 3 ■ ■ · ■ ■ 5 ■ · ■ 5 ■ · ■ ·
■ · ■ · ■ · ■ ■ · ■ · · ■ 7 ■ · ■ 4 ■ · ■ 1 ■ 4
7 ■ · ■ ■ ■ · · ■ · ■ ■ · ■ 1 ■ · ■ · ■ · ■ ■ ■
■ 1 ■ ■ · ■ · ■ · ■ 1 ■ · ■ ■ · · ■ ■ · ■ · ■ ·
■ ■ · ■ · ■ ■ 5 ■ · ■ · ■ · ■ ■ · ■ · ■ 3 ■ · ■
6 ■ ■ · ■ ■ · ■ · ■ · ■ 4 ■ · ■ ■ · ■ · ■ · ■ ·
■ · · ■ ■ · ■ · ■ ■ · ■ ■ 2 ■ · · ■ · ■ · ■ · ■
· ■ ■ ■ 2 ■ ■ 5 ■ 5 ■ 2 ■ · ■ · ■ · ■ · ■ · ■ ·
■ · ■ · ■ ■ · ■ · ■ · ■ 2 ■ · ■ 9 ■ 7 ■ · ■ · ■
1 ■ · ■ ■ · ■ 2 ■ · ■ · ■ · ■ · ■ 1 ■ ■ ■ · ■ ·
■ 1 ■ 6 ■ ■ · ■ · ■ 1 ■ 1 ■ · ■ 3 ■ ■ 6 ■ ■ 5 ■
· ■ · ■ ■ · ■ 5 ■ · ■ · ■ 2 ■ · ■ · ■ · ■ · ■ ·
■ 5 ■ · · ■ · ■ · 3 ■ ■ · ■ · ■ 2 ■ ■ ■ 5 ■ · ■
4 ■ · ■ ■ · ■ · ■ ■ · 2 ■ · ■ ■ ■ ■ 3 ■ · ■ · ■
■ · ■ ■ 1 ■ 2 ■ · 3 ■ ■ · ■ ■ 5 ■ · ■ 5 ■ · ■ ·
■ · ■ · ■ · ■ ■ · ■ · · ■ 7 ■ · ■ 4 ■ · ■ 1 ■ 4
7 ■ · ■ ■ ■ · · ■ · ■ ■ · ■ 1 ■ · ■ · ■ · ■ ■ ■
■ 1 ■ ■ · ■ · ■ · ■ 1 ■ · ■ ■ · · ■ ■ · ■ · ■ ·
■ ■ · ■ · ■ ■ 5 ■ · ■ · ■ · ■ ■ · ■ · ■ 3 ■ · ■
6 ■ ■ · ■ ■ · ■ · ■ · ■ 4 ■ · ■ ■ · ■ · ■ · ■ ·
■ · · ■ ■ · ■ · ■ ■ · ■ ■ 2 ■ · · ■ · ■ · ■ · ■
· ■ ■ ■ 2 ■ ■ 5 ■ 5 ■ 2 ■ · ■ · ■ · ■ · ■ · ■ ·
■ · ■ · ■ ■ · ■ · ■ · ■ 2 ■ · ■ 9 ■ 7 ■ · ■ · ■
1 ■ · ■ ■ · ■ 2 ■ · ■ · ■ · ■ · ■ 1 ■ ■ ■ · ■ ·
■ 1 ■ 6 ■ ■ · ■ · ■ 1 ■ 1 ■ · ■ 3 ■ ■ 6 ■ ■ 5 ■
· ■ · ■ ■ · ■ 5 ■ · ■ · ■ 2 ■ · ■ · ■ · ■ · ■ ·
■ 5 ■ · · ■ · ■ · 3 ■ ■ · ■ · ■ 2 ■ ■ ■ 5 ■ · ■
4 ■ · ■ ■ · ■ · ■ ■ · 2 ■ · ■ ■ ■ ■ 3 ■ · ■ · ■
■ · ■ ■ 1 ■ 2 ■ · 3 ■ ■ · ■ ■ 5 ■ · ■ 5 ■ · ■ ·
■ · ■ · ■ · ■ ■ · ■ · · ■ 7 ■ · ■ 4 ■ · ■ 1 ■ 4
7 ■ · ■ ■ ■ · · ■ · ■ ■ · ■ 1 ■ · ■ · ■ · ■ ■ ■
■ 1 ■ ■ · ■ · ■ · ■ 1 ■ · ■ ■ · · ■ ■ · ■ · ■ ·
■ ■ · ■ · ■ ■ 5 ■ · ■ · ■ · ■ ■ · ■ · ■ 3 ■ · ■
6 ■ ■ · ■ ■ · ■ · ■ · ■ 4 ■ · ■ ■ · ■ · ■ · ■ ·
■ · · ■ ■ · ■ · ■ ■ · ■ ■ 2 ■ · · ■ · ■ · ■ · ■
· ■ ■ ■ 2 ■ ■ 5 ■ 5 ■ 2 ■ · ■ · ■ · ■ · ■ · ■ ·
■ · ■ · ■ ■ · ■ · ■ · ■ 2 ■ · ■ 9 ■ 7 ■ · ■ · ■
1 ■ · ■ ■ · ■ 2 ■ · ■ · ■ · ■ · ■ 1 ■ ■ ■ · ■ ·
■ 1 ■ 6 ■ ■ · ■ · ■ 1 ■ 1 ■ · ■ 3 ■ ■ 6 ■ ■ 5 ■
· ■ · ■ ■ · ■ 5 ■ · ■ · ■ 2 ■ · ■ · ■ · ■ · ■ ·
■ 5 ■ · · ■ · ■ · 3 ■ ■ · ■ · ■ 2 ■ ■ ■ 5 ■ · ■
4 ■ · ■ ■ · ■ · ■ ■ · 2 ■ · ■ ■ ■ ■ 3 ■ · ■ · ■
■ · ■ ■ 1 ■ 2 ■ · 3 ■ ■ · ■ ■ 5 ■ · ■ 5 ■ · ■ ·
■ · ■ · ■ · ■ ■ · ■ · · ■ 7 ■ · ■ 4 ■ · ■ 1 ■ 4
7 ■ · ■ ■ ■ · · ■ · ■ ■ · ■ 1 ■ · ■ · ■ · ■ ■ ■
■ 1 ■ ■ · ■ · ■ · ■ 1 ■ · ■ ■ · · ■ ■ · ■ · ■ ·
■ ■ · ■ · ■ ■ 5 ■ · ■ · ■ · ■ ■ · ■ · ■ 3 ■ · ■
6 ■ ■ · ■ ■ · ■ · ■ · ■ 4 ■ · ■ ■ · ■ · ■ · ■ ·
■ · · ■ ■ · ■ · ■ ■ · ■ ■ 2 ■ · · ■ · ■ · ■ · ■
· ■ ■ ■ 2 ■ ■ 5 ■ 5 ■ 2 ■ · ■ · ■ · ■ · ■ · ■ ·
■ · ■ · ■ ■ · ■ · ■ · ■ 2 ■ · ■ 9 ■ 7 ■ · ■ · ■
1 ■ · ■ ■ · ■ 2 ■ · ■ · ■ · ■ · ■ 1 ■ ■ ■ · ■ ·
■ 1 ■ 6 ■ ■ · ■ · ■ 1 ■ 1 ■ · ■ 3 ■ ■ 6 ■ ■ 5 ■
· ■ · ■ ■ · ■ 5 ■ · ■ · ■ 2 ■ · ■ · ■ · ■ · ■ ·
■ 5 ■ · · ■ · ■ · 3 ■ ■ · ■ · ■ 2 ■ ■ ■ 5 ■ · ■
4 ■ · ■ ■ · ■ · ■ ■ · 2 ■ · ■ ■ ■ ■ 3 ■ · ■ · ■
■ · ■ ■ 1 ■ 2 ■ · 3 ■ ■ · ■ ■ 5 ■ · ■ 5 ■ · ■ ·
■ · ■ · ■ · ■ ■ · ■ · · ■ 7 ■ · ■ 4 ■ · ■ 1 ■ 4
7 ■ · ■ ■ ■ · · ■ · ■ ■ · ■ 1 ■ · ■ · ■ · ■ ■ ■
■ 1 ■ ■ · ■ · ■ · ■ 1 ■ · ■ ■ · · ■ ■ · ■ · ■ ·
■ ■ · ■ · ■ ■ 5 ■ · ■ · ■ · ■ ■ · ■ · ■ 3 ■ · ■
6 ■ ■ · ■ ■ · ■ · ■ · ■ 4 ■ · ■ ■ · ■ · ■ · ■ ·
■ · · ■ ■ · ■ · ■ ■ · ■ ■ 2 ■ · · ■ · ■ · ■ · ■
· ■ ■ ■ 2 ■ ■ 5 ■ 5 ■ 2 ■ · ■ · ■ · ■ · ■ · ■ ·
■ · ■ · ■ ■ · ■ · ■ · ■ 2 ■ · ■ 9 ■ 7 ■ · ■ · ■
1 ■ · ■ ■ · ■ 2 ■ · ■ · ■ · ■ · ■ 1 ■ ■ ■ · ■ ·
■ 1 ■ 6 ■ ■ · ■ · ■ 1 ■ 1 ■ · ■ 3 ■ ■ 6 ■ ■ 5 ■
· ■ · ■ ■ · ■ 5 ■ · ■ · ■ 2 ■ · ■ · ■ · ■ · ■ ·
■ 5 ■ · · ■ · ■ · 3 ■ ■ · ■ · ■ 2 ■ ■ ■ 5 ■ · ■
4 ■ · ■ ■ · ■ · ■ ■ · 2 ■ · ■ ■ ■ ■ 3 ■ · ■ · ■
■ · ■ ■ 1 ■ 2 ■ · 3 ■ ■ · ■ ■ 5 ■ · ■ 5 ■ · ■ ·
■ · ■ · ■ · ■ ■ · ■ · · ■ 7 ■ · ■ 4 ■ · ■ 1 ■ 4
7 ■ · ■ ■ ■ · · ■ · ■ ■ · ■ 1 ■ · ■ · ■ · ■ ■ ■
■ 1 ■ ■ · ■ · ■ · ■ 1 ■ · ■ ■ · · ■ ■ · ■ · ■ ·
■ ■ · ■ · ■ ■ 5 ■ · ■ · ■ · ■ ■ · ■ · ■ 3 ■ · ■
6 ■ ■ · ■ ■ · ■ · ■ · ■ 4 ■ · ■ ■ · ■ · ■ · ■ ·
■ · · ■ ■ · ■ · ■ ■ · ■ ■ 2 ■ · · ■ · ■ · ■ · ■
· ■ ■ ■ 2 ■ ■ 5 ■ 5 ■ 2 ■ · ■ · ■ · ■ · ■ · ■ ·
■ · ■ · ■ ■ · ■ · ■ · ■ 2 ■ · ■ 9 ■ 7 ■ · ■ · ■
1 ■ · ■ ■ · ■ 2 ■ · ■ · ■ · ■ · ■ 1 ■ ■ ■ · ■ ·
■ 1 ■ 6 ■ ■ · ■ · ■ 1 ■ 1 ■ · ■ 3 ■ ■ 6 ■ ■ 5 ■
· ■ · ■ ■ · ■ 5 ■ · ■ · ■ 2 ■ · ■ · ■ · ■ · ■ ·
■ 5 ■ · · ■ · ■ · 3 ■ ■ · ■ · ■ 2 ■ ■ ■ 5 ■ · ■
4 ■ · ■ ■ · ■ · ■ ■ · 2 ■ · ■ ■ ■ ■ 3 ■ · ■ · ■
■ · ■ ■ 1 ■ 2 ■ · 3 ■ ■ · ■ ■ 5 ■ · ■ 5 ■ · ■ ·
■ · ■ · ■ · ■ ■ · ■ · · ■ 7 ■ · ■ 4 ■ · ■ 1 ■ 4
7 ■ · ■ ■ ■ · · ■ · ■ ■ · ■ 1 ■ · ■ · ■ · ■ ■ ■
■ 1 ■ ■ · ■ · ■ · ■ 1 ■ · ■ ■ · · ■ ■ · ■ · ■ ·
■ ■ · ■ · ■ ■ 5 ■ · ■ · ■ · ■ ■ · ■ · ■ 3 ■ · ■
6 ■ ■ · ■ ■ · ■ · ■ · ■ 4 ■ · ■ ■ · ■ · ■ · ■ ·
■ · · ■ ■ · ■ · ■ ■ · ■ ■ 2 ■ · · ■ · ■ · ■ · ■
· ■ ■ ■ 2 ■ ■ 5 ■ 5 ■ 2 ■ · ■ · ■ · ■ · ■ · ■ ·
■ · ■ · ■ ■ · ■ · ■ · ■ 2 ■ · ■ 9 ■ 7 ■ · ■ · ■
1 ■ · ■ ■ · ■ 2 ■ · ■ · ■ · ■ · ■ 1 ■ ■ ■ · ■ ·
■ 1 ■ 6 ■ ■ · ■ · ■ 1 ■ 1 ■ · ■ 3 ■ ■ 6 ■ ■ 5 ■
· ■ · ■ ■ · ■ 5 ■ · ■ · ■ 2 ■ · ■ · ■ · ■ · ■ ·
■ 5 ■ · · ■ · ■ · 3 ■ ■ · ■ · ■ 2 ■ ■ ■ 5 ■ · ■
4 ■ · ■ ■ · ■ · ■ ■ · 2 ■ · ■ ■ ■ ■ 3 ■ · ■ · ■
■ · ■ ■ 1 ■ 2 ■ · 3 ■ ■ · ■ ■ 5 ■ · ■ 5 ■ · ■ ·
■ · ■ · ■ · ■ ■ · ■ · · ■ 7 ■ · ■ 4 ■ · ■ 1 ■ 4
7 ■ · ■ ■ ■ · · ■ · ■ ■ · ■ 1 ■ · ■ · ■ · ■ ■ ■
■ 1 ■ ■ · ■ · ■ · ■ 1 ■ · ■ ■ · · ■ ■ · ■ · ■ ·
■ ■ · ■ · ■ ■ 5 ■ · ■ · ■ · ■ ■ · ■ · ■ 3 ■ · ■
6 ■ ■ · ■ ■ · ■ · ■ · ■ 4 ■ · ■ ■ · ■ · ■ · ■ ·
■ · · ■ ■ · ■ · ■ ■ · ■ ■ 2 ■ · · ■ · ■ · ■ · ■
· ■ ■ ■ 2 ■ ■ 5 ■ 5 ■ 2 ■ · ■ · ■ · ■ · ■ · ■ ·
■ · ■ · ■ ■ · ■ · ■ · ■ 2 ■ · ■ 9 ■ 7 ■ · ■ · ■
1 ■ · ■ ■ · ■ 2 ■ · ■ · ■ · ■ · ■ 1 ■ ■ ■ · ■ ·
■ 1 ■ 6 ■ ■ · ■ · ■ 1 ■ 1 ■ · ■ 3 ■ ■ 6 ■ ■ 5 ■
· ■ · ■ ■ · ■ 5 ■ · ■ · ■ 2 ■ · ■ · ■ · ■ · ■ ·
■ 5 ■ · · ■ · ■ · 3 ■ ■ · ■ · ■ 2 ■ ■ ■ 5 ■ · ■
4 ■ · ■ ■ · ■ · ■ ■ · 2 ■ · ■ ■ ■ ■ 3 ■ · ■ · ■
■ · ■ ■ 1 ■ 2 ■ · 3 ■ ■ · ■ ■ 5 ■ · ■ 5 ■ · ■ ·
# Number of solutions found: 10
# CPU time: 13.37 s
================================= 222 =================================
Caught Command '['python3', 'nurikabe.py', '-s10', '-p', '222']' timed out after 60 seconds
================================= 223 =================================
Caught Command '['python3', 'nurikabe.py', '-s10', '-p', '223']' timed out after 60 seconds
================================= 224 =================================
# Encoding time: 0.1418 s
· · · · · · · · · ·
· · · · · · · · · ·
· · · · · · · · · ·
· · · · · · · · · ·
· · · · · · · · · ·
· · · · · · · · · ·
· · · · · ■ · · · ·
· · · · · · · · · ·
· · · · · · · · · ·
· · · · · · · · 63 ·
· · · · · · · · · ·
· · · · · · · · · ·
· · · · · · · · · ·
· · · · · · · · · ·
· · · · · · · · · ·
· · · · · · · · · ·
· · · · · ■ · · · ·
· · · · · · · · · ·
· · · · · · · · · ·
· · · · · · · · 63 ·
· · · · · · · · · ·
· · · · · · · · · ·
· · · · · · · · · ·
· · · · · · · · · ·
· · · · · · · · · ·
· · · · · · · · · ·
· · · · · ■ · · · ·
· · · · · · · · · ·
· · · · · · · · · ·
· · · · · · · · 63 ·
· · · · · · · · · ·
· · · · · · · · · ·
· · · · · · · · · ·
· · · · · · · · · ·
· · · · · · · · · ·
· · · · · · · · · ·
· · · · · ■ · · · ·
· · · · · · · · · ·
· · · · · · · · · ·
· · · · · · · · 63 ·
· · · · · · · · · ·
· · · · · · · · · ·
· · · · · · · · · ·
· · · · · · · · · ·
· · · · · · · · · ·
· · · · · · · · · ·
· · · · · ■ · · · ·
· · · · · · · · · ·
· · · · · · · · · ·
· · · · · · · · 63 ·
· · · · · · · · · ·
· · · · · · · · · ·
· · · · · · · · · ·
· · · · · · · · · ·
· · · · · · · · · ·
· · · · · · · · · ·
· · · · · ■ · · · ·
· · · · · · · · · ·
· · · · · · · · · ·
· · · · · · · · 63 ·
· · · · · · · · · ·
· · · · · · · · · ·
· · · · · · · · · ·
· · · · · · · · · ·
· · · · · · · · · ·
· · · · · · · · · ·
· · · · · ■ · · · ·
· · · · · · · · · ·
· · · · · · · · · ·
· · · · · · · · 63 ·
· · · · · · · · · ·
· · · · · · · · · ·
· · · · · · · · · ·
· · · · · · · · · ·
· · · · · · · · · ·
· · · · · · · · · ·
· · · · · ■ · · · ·
· · · · · · · · · ·
· · · · · · · · · ·
· · · · · · · · 63 ·
· · · · · · · · · ·
· · · · · · · · · ·
· · · · · · · · · ·
· · · · · · · · · ·
· · · · · · · · · ·
· · · · · · · · · ·
· · · · · ■ · · · ·
· · · · · · · · · ·
· · · · · · · · · ·
· · · · · · · · 63 ·
· · · · · · · · · ·
· · · · · · · · · ·
· · · · · · · · · ·
· · · · · · · · · ·
· · · · · · · · · ·
· · · · · · · · · ·
· · · · · ■ · · · ·
· · · · · · · · · ·
· · · · · · · · · ·
· · · · · · · · 63 ·
# Number of solutions found: 10
# CPU time: 0.1936 s
================================= 225 =================================
Caught Command '['python3', 'nurikabe.py', '-s10', '-p', '225']' timed out after 60 seconds
================================= 226 =================================
# Encoding time: 0.1123 s
5 ■ · ■ ·
■ · ■ ■ ■
· ■ ■ 1 ■
■ ■ 3 ■ 1
· ■ ■ · ■
5 ■ · ■ ·
■ · ■ ■ ■
· ■ ■ 1 ■
■ ■ 3 ■ 1
· ■ ■ · ■
5 ■ · ■ ·
■ · ■ ■ ■
· ■ ■ 1 ■
■ ■ 3 ■ 1
· ■ ■ · ■
5 ■ · ■ ·
■ · ■ ■ ■
· ■ ■ 1 ■
■ ■ 3 ■ 1
· ■ ■ · ■
5 ■ · ■ ·
■ · ■ ■ ■
· ■ ■ 1 ■
■ ■ 3 ■ 1
· ■ ■ · ■
5 ■ · ■ ·
■ · ■ ■ ■
· ■ ■ 1 ■
■ ■ 3 ■ 1
· ■ ■ · ■
5 ■ · ■ ·
■ · ■ ■ ■
· ■ ■ 1 ■
■ ■ 3 ■ 1
· ■ ■ · ■
5 ■ · ■ ·
■ · ■ ■ ■
· ■ ■ 1 ■
■ ■ 3 ■ 1
· ■ ■ · ■
5 ■ · ■ ·
■ · ■ ■ ■
· ■ ■ 1 ■
■ ■ 3 ■ 1
· ■ ■ · ■
5 ■ · ■ ·
■ · ■ ■ ■
· ■ ■ 1 ■
■ ■ 3 ■ 1
· ■ ■ · ■
# Number of solutions found: 10
# CPU time: 0.1484 s
================================= 227 =================================
# Encoding time: 0.8586 s
■ 6 ■ · 6 · ■ · · ■
· ■ 7 ■ · ■ · ■ ■ ·
■ · ■ · ■ 7 ■ · 7 ■
· ■ · ■ · ■ · ■ · ·
· ■ 7 ■ · · ■ · ■ ■
■ · ■ · ■ ■ · ■ · ·
6 ■ · ■ · · ■ · · ·
■ · ■ ■ · · ■ ■ ■ ■
· ■ · · ■ ■ · · · ■
■ · · ■ 6 ■ ■ · ■ ?
■ 6 ■ · 6 · ■ · · ■
· ■ 7 ■ · ■ · ■ ■ ·
■ · ■ · ■ 7 ■ · 7 ■
· ■ · ■ · ■ · ■ · ·
· ■ 7 ■ · · ■ · ■ ■
■ · ■ · ■ ■ · ■ · ·
6 ■ · ■ · · ■ · · ·
■ · ■ ■ · · ■ ■ ■ ■
· ■ · · ■ ■ · · · ■
■ · · ■ 6 ■ ■ · ■ ?
■ 6 ■ · 6 · ■ · · ■
· ■ 7 ■ · ■ · ■ ■ ·
■ · ■ · ■ 7 ■ · 7 ■
· ■ · ■ · ■ · ■ · ·
· ■ 7 ■ · · ■ · ■ ■
■ · ■ · ■ ■ · ■ · ·
6 ■ · ■ · · ■ · · ·
■ · ■ ■ · · ■ ■ ■ ■
· ■ · · ■ ■ · · · ■
■ · · ■ 6 ■ ■ · ■ ?
■ 6 ■ · 6 · ■ · · ■
· ■ 7 ■ · ■ · ■ ■ ·
■ · ■ · ■ 7 ■ · 7 ■
· ■ · ■ · ■ · ■ · ·
· ■ 7 ■ · · ■ · ■ ■
■ · ■ · ■ ■ · ■ · ·
6 ■ · ■ · · ■ · · ·
■ · ■ ■ · · ■ ■ ■ ■
· ■ · · ■ ■ · · · ■
■ · · ■ 6 ■ ■ · ■ ?
■ 6 ■ · 6 · ■ · · ■
· ■ 7 ■ · ■ · ■ ■ ·
■ · ■ · ■ 7 ■ · 7 ■
· ■ · ■ · ■ · ■ · ·
· ■ 7 ■ · · ■ · ■ ■
■ · ■ · ■ ■ · ■ · ·
6 ■ · ■ · · ■ · · ·
■ · ■ ■ · · ■ ■ ■ ■
· ■ · · ■ ■ · · · ■
■ · · ■ 6 ■ ■ · ■ ?
■ 6 ■ · 6 · ■ · · ■
· ■ 7 ■ · ■ · ■ ■ ·
■ · ■ · ■ 7 ■ · 7 ■
· ■ · ■ · ■ · ■ · ·
· ■ 7 ■ · · ■ · ■ ■
■ · ■ · ■ ■ · ■ · ·
6 ■ · ■ · · ■ · · ·
■ · ■ ■ · · ■ ■ ■ ■
· ■ · · ■ ■ · · · ■
■ · · ■ 6 ■ ■ · ■ ?
■ 6 ■ · 6 · ■ · · ■
· ■ 7 ■ · ■ · ■ ■ ·
■ · ■ · ■ 7 ■ · 7 ■
· ■ · ■ · ■ · ■ · ·
· ■ 7 ■ · · ■ · ■ ■
■ · ■ · ■ ■ · ■ · ·
6 ■ · ■ · · ■ · · ·
■ · ■ ■ · · ■ ■ ■ ■
· ■ · · ■ ■ · · · ■
■ · · ■ 6 ■ ■ · ■ ?
■ 6 ■ · 6 · ■ · · ■
· ■ 7 ■ · ■ · ■ ■ ·
■ · ■ · ■ 7 ■ · 7 ■
· ■ · ■ · ■ · ■ · ·
· ■ 7 ■ · · ■ · ■ ■
■ · ■ · ■ ■ · ■ · ·
6 ■ · ■ · · ■ · · ·
■ · ■ ■ · · ■ ■ ■ ■
· ■ · · ■ ■ · · · ■
■ · · ■ 6 ■ ■ · ■ ?
■ 6 ■ · 6 · ■ · · ■
· ■ 7 ■ · ■ · ■ ■ ·
■ · ■ · ■ 7 ■ · 7 ■
· ■ · ■ · ■ · ■ · ·
· ■ 7 ■ · · ■ · ■ ■
■ · ■ · ■ ■ · ■ · ·
6 ■ · ■ · · ■ · · ·
■ · ■ ■ · · ■ ■ ■ ■
· ■ · · ■ ■ · · · ■
■ · · ■ 6 ■ ■ · ■ ?
■ 6 ■ · 6 · ■ · · ■
· ■ 7 ■ · ■ · ■ ■ ·
■ · ■ · ■ 7 ■ · 7 ■
· ■ · ■ · ■ · ■ · ·
· ■ 7 ■ · · ■ · ■ ■
■ · ■ · ■ ■ · ■ · ·
6 ■ · ■ · · ■ · · ·
■ · ■ ■ · · ■ ■ ■ ■
· ■ · · ■ ■ · · · ■
■ · · ■ 6 ■ ■ · ■ ?
# Number of solutions found: 10
# CPU time: 22.14 s
================================= 228 =================================
# Encoding time: 0.1151 s
5 · · ■ 1
· · ■ ■ ■
■ ■ ■ 1 ■
· ■ ? ■ 1
· · ■ · ■
5 · · ■ 1
· · ■ ■ ■
■ ■ ■ 1 ■
· ■ ? ■ 1
· · ■ · ■
5 · · ■ 1
· · ■ ■ ■
■ ■ ■ 1 ■
· ■ ? ■ 1
· · ■ · ■
5 · · ■ 1
· · ■ ■ ■
■ ■ ■ 1 ■
· ■ ? ■ 1
· · ■ · ■
5 · · ■ 1
· · ■ ■ ■
■ ■ ■ 1 ■
· ■ ? ■ 1
· · ■ · ■
5 · · ■ 1
· · ■ ■ ■
■ ■ ■ 1 ■
· ■ ? ■ 1
· · ■ · ■
5 · · ■ 1
· · ■ ■ ■
■ ■ ■ 1 ■
· ■ ? ■ 1
· · ■ · ■
5 · · ■ 1
· · ■ ■ ■
■ ■ ■ 1 ■
· ■ ? ■ 1
· · ■ · ■
5 · · ■ 1
· · ■ ■ ■
■ ■ ■ 1 ■
· ■ ? ■ 1
· · ■ · ■
5 · · ■ 1
· · ■ ■ ■
■ ■ ■ 1 ■
· ■ ? ■ 1
· · ■ · ■
# Number of solutions found: 10
# CPU time: 0.1427 s
